unit,run,SSP,Variable,Biome,Year,value,contrib
g_m2_yr,mean,SSP1-2.6,Total inorg. due to permafrost thaw,Taiga,2000,0.3953752101065204,0.1387475127214229
g_m2_yr,mean,SSP1-2.6,Total inorg. due to permafrost thaw,Taiga,2001,0.5480121257581874,0.1923118026788857
g_m2_yr,mean,SSP1-2.6,Total inorg. due to permafrost thaw,Taiga,2002,0.31076238700521497,0.10905465780904493
g_m2_yr,mean,SSP1-2.6,Total inorg. due to permafrost thaw,Taiga,2003,0.15639033961185367,0.054881464695162155
g_m2_yr,mean,SSP1-2.6,Total inorg. due to permafrost thaw,Taiga,2004,0.5758751216941967,0.20208965744637827
g_m2_yr,mean,SSP1-2.6,Total inorg. due to permafrost thaw,Taiga,2005,0.4493062904911007,0.15767334082208623
g_m2_yr,mean,SSP1-2.6,Total inorg. due to permafrost thaw,Taiga,2006,0.5828292107202355,0.2045300293537274
g_m2_yr,mean,SSP1-2.6,Total inorg. due to permafrost thaw,Taiga,2007,0.35507673499609815,0.12460572273279195
g_m2_yr,mean,SSP1-2.6,Total inorg. due to permafrost thaw,Taiga,2008,0.7293160077786479,0.2559360816778142
g_m2_yr,mean,SSP1-2.6,Total inorg. due to permafrost thaw,Taiga,2009,-0.068222585670332,-0.023941091477719455
g_m2_yr,mean,SSP1-2.6,Total inorg. due to permafrost thaw,Taiga,2010,0.7620765791977885,0.26743262390794964
g_m2_yr,mean,SSP1-2.6,Total inorg. due to permafrost thaw,Taiga,2011,0.13614748105294,0.047777715639514114
g_m2_yr,mean,SSP1-2.6,Total inorg. due to permafrost thaw,Taiga,2012,0.10108537753680089,0.03547350553910163
g_m2_yr,mean,SSP1-2.6,Total inorg. due to permafrost thaw,Taiga,2013,0.41503633891003705,0.1456471175753755
g_m2_yr,mean,SSP1-2.6,Total inorg. due to permafrost thaw,Taiga,2014,1.2224592581705809,0.4289929594441376
g_m2_yr,mean,SSP1-2.6,Total inorg. due to permafrost thaw,Taiga,2015,0.3623840366797258,0.12717004620930747
g_m2_yr,mean,SSP1-2.6,Total inorg. due to permafrost thaw,Taiga,2016,0.3953660610083699,0.1387443020633453
g_m2_yr,mean,SSP1-2.6,Total inorg. due to permafrost thaw,Taiga,2017,1.059553861389192,0.3718251906145626
g_m2_yr,mean,SSP1-2.6,Total inorg. due to permafrost thaw,Taiga,2018,0.29721050669427407,0.10429894820010183
g_m2_yr,mean,SSP1-2.6,Total inorg. due to permafrost thaw,Taiga,2019,0.979698445364221,0.34380183440107087
g_m2_yr,mean,SSP1-2.6,Total inorg. due to permafrost thaw,Taiga,2020,0.5597018981430115,0.19641404986387476
g_m2_yr,mean,SSP1-2.6,Total inorg. due to permafrost thaw,Taiga,2080,0.9266562525073937,0.32518794020625763
g_m2_yr,mean,SSP1-2.6,Total inorg. due to permafrost thaw,Taiga,2081,0.8206453843233161,0.2879859510425551
g_m2_yr,mean,SSP1-2.6,Total inorg. due to permafrost thaw,Taiga,2082,1.0999247452235963,0.3859923907202041
g_m2_yr,mean,SSP1-2.6,Total inorg. due to permafrost thaw,Taiga,2083,0.7776487824776409,0.27289731774166215
g_m2_yr,mean,SSP1-2.6,Total inorg. due to permafrost thaw,Taiga,2084,1.0497662858005334,0.3683904740876124
g_m2_yr,mean,SSP1-2.6,Total inorg. due to permafrost thaw,Taiga,2085,1.1022274423862155,0.3868004674425105
g_m2_yr,mean,SSP1-2.6,Total inorg. due to permafrost thaw,Taiga,2086,1.0332072567146935,0.3625794772420515
g_m2_yr,mean,SSP1-2.6,Total inorg. due to permafrost thaw,Taiga,2087,0.9256007318492736,0.3248175303722653
g_m2_yr,mean,SSP1-2.6,Total inorg. due to permafrost thaw,Taiga,2088,0.975415365193692,0.34229878943199643
g_m2_yr,mean,SSP1-2.6,Total inorg. due to permafrost thaw,Taiga,2089,0.954722633025283,0.3350371679484345
g_m2_yr,mean,SSP1-2.6,Total inorg. due to permafrost thaw,Taiga,2090,1.0406485385793989,0.3651908178719021
g_m2_yr,mean,SSP1-2.6,Total inorg. due to permafrost thaw,Taiga,2091,0.9009302426356985,0.31616000979812
g_m2_yr,mean,SSP1-2.6,Total inorg. due to permafrost thaw,Taiga,2092,1.0304317675883599,0.36160548544129995
g_m2_yr,mean,SSP1-2.6,Total inorg. due to permafrost thaw,Taiga,2093,0.8357551176818864,0.29328835207275805
g_m2_yr,mean,SSP1-2.6,Total inorg. due to permafrost thaw,Taiga,2094,1.0310503913018856,0.36182257669884
g_m2_yr,mean,SSP1-2.6,Total inorg. due to permafrost thaw,Taiga,2095,0.8371785139298329,0.29378785908273575
g_m2_yr,mean,SSP1-2.6,Total inorg. due to permafrost thaw,Taiga,2096,0.9191619781479935,0.3225580031225984
g_m2_yr,mean,SSP1-2.6,Total inorg. due to permafrost thaw,Taiga,2097,0.8934339196715583,0.31352935380542196
g_m2_yr,mean,SSP1-2.6,Total inorg. due to permafrost thaw,Taiga,2098,1.3045602334892636,0.45780434120578417
g_m2_yr,mean,SSP1-2.6,Total inorg. due to permafrost thaw,Taiga,2099,0.8355314067709724,0.29320984605704303
g_m2_yr,mean,SSP1-2.6,Total inorg. due to permafrost thaw,Tundra,2000,-0.23402465006021672,-0.13358590031616058
g_m2_yr,mean,SSP1-2.6,Total inorg. due to permafrost thaw,Tundra,2001,0.4513189236849466,0.257621770760734
g_m2_yr,mean,SSP1-2.6,Total inorg. due to permafrost thaw,Tundra,2002,-0.07908683212357341,-0.0451443284699375
g_m2_yr,mean,SSP1-2.6,Total inorg. due to permafrost thaw,Tundra,2003,-0.4798769729495669,-0.2739232702878392
g_m2_yr,mean,SSP1-2.6,Total inorg. due to permafrost thaw,Tundra,2004,0.7403676598434175,0.42261650804606804
g_m2_yr,mean,SSP1-2.6,Total inorg. due to permafrost thaw,Tundra,2005,0.39800808000585486,0.22719088646007118
g_m2_yr,mean,SSP1-2.6,Total inorg. due to permafrost thaw,Tundra,2006,0.1817527016623039,0.10374803799602321
g_m2_yr,mean,SSP1-2.6,Total inorg. due to permafrost thaw,Tundra,2007,0.4240162886238568,0.24203688649875235
g_m2_yr,mean,SSP1-2.6,Total inorg. due to permafrost thaw,Tundra,2008,0.5699593064035341,0.3253440484577132
g_m2_yr,mean,SSP1-2.6,Total inorg. due to permafrost thaw,Tundra,2009,0.07191566142716793,0.041050882358368915
g_m2_yr,mean,SSP1-2.6,Total inorg. due to permafrost thaw,Tundra,2010,-0.28707584840954287,-0.163868573925639
g_m2_yr,mean,SSP1-2.6,Total inorg. due to permafrost thaw,Tundra,2011,0.1928939687021294,0.11010769364680573
g_m2_yr,mean,SSP1-2.6,Total inorg. due to permafrost thaw,Tundra,2012,0.637815966638618,0.3640779726303124
g_m2_yr,mean,SSP1-2.6,Total inorg. due to permafrost thaw,Tundra,2013,-0.006397285979200119,-0.0036516974040619464
g_m2_yr,mean,SSP1-2.6,Total inorg. due to permafrost thaw,Tundra,2014,1.1392644373621439,0.6503146806289265
g_m2_yr,mean,SSP1-2.6,Total inorg. due to permafrost thaw,Tundra,2015,-0.07929883794451366,-0.04526534558696036
g_m2_yr,mean,SSP1-2.6,Total inorg. due to permafrost thaw,Tundra,2016,0.18977325097507983,0.10832632622635127
g_m2_yr,mean,SSP1-2.6,Total inorg. due to permafrost thaw,Tundra,2017,0.6115253393410349,0.3490707624218126
g_m2_yr,mean,SSP1-2.6,Total inorg. due to permafrost thaw,Tundra,2018,0.5978674713493283,0.34127458115799303
g_m2_yr,mean,SSP1-2.6,Total inorg. due to permafrost thaw,Tundra,2019,0.14454488998140533,0.08250908295044126
g_m2_yr,mean,SSP1-2.6,Total inorg. due to permafrost thaw,Tundra,2020,0.7323594503422737,0.4180452636243567
g_m2_yr,mean,SSP1-2.6,Total inorg. due to permafrost thaw,Tundra,2080,0.5354743426874301,0.30565934890063434
g_m2_yr,mean,SSP1-2.6,Total inorg. due to permafrost thaw,Tundra,2081,0.13463192971870733,0.07685056910948433
g_m2_yr,mean,SSP1-2.6,Total inorg. due to permafrost thaw,Tundra,2082,0.7359112847232453,0.4200727209602993
g_m2_yr,mean,SSP1-2.6,Total inorg. due to permafrost thaw,Tundra,2083,0.5839319958573352,0.33331993604068305
g_m2_yr,mean,SSP1-2.6,Total inorg. due to permafrost thaw,Tundra,2084,0.5508201137383204,0.314419018624962
g_m2_yr,mean,SSP1-2.6,Total inorg. due to permafrost thaw,Tundra,2085,0.36726588353280537,0.20964263249412396
g_m2_yr,mean,SSP1-2.6,Total inorg. due to permafrost thaw,Tundra,2086,0.7091036665151018,0.40477040211164256
g_m2_yr,mean,SSP1-2.6,Total inorg. due to permafrost thaw,Tundra,2087,0.5707197234300665,0.3257781095409321
g_m2_yr,mean,SSP1-2.6,Total inorg. due to permafrost thaw,Tundra,2088,0.2768348184485918,0.15802279141022274
g_m2_yr,mean,SSP1-2.6,Total inorg. due to permafrost thaw,Tundra,2089,0.835846917638504,0.47711795740532803
g_m2_yr,mean,SSP1-2.6,Total inorg. due to permafrost thaw,Tundra,2090,0.255229534103308,0.14569006765608508
g_m2_yr,mean,SSP1-2.6,Total inorg. due to permafrost thaw,Tundra,2091,0.3530038732891177,0.20150159488021835
g_m2_yr,mean,SSP1-2.6,Total inorg. due to permafrost thaw,Tundra,2092,1.0726795696773015,0.6123067208057907
g_m2_yr,mean,SSP1-2.6,Total inorg. due to permafrost thaw,Tundra,2093,-0.1712570370828818,-0.0977569050025639
g_m2_yr,mean,SSP1-2.6,Total inorg. due to permafrost thaw,Tundra,2094,0.322428706063821,0.18404868451347933
g_m2_yr,mean,SSP1-2.6,Total inorg. due to permafrost thaw,Tundra,2095,0.8379123914373358,0.47829697071407723
g_m2_yr,mean,SSP1-2.6,Total inorg. due to permafrost thaw,Tundra,2096,0.3694995055683811,0.21091762814313625
g_m2_yr,mean,SSP1-2.6,Total inorg. due to permafrost thaw,Tundra,2097,0.339192554195057,0.193617820691221
g_m2_yr,mean,SSP1-2.6,Total inorg. due to permafrost thaw,Tundra,2098,0.8293539323409381,0.47341163293697924
g_m2_yr,mean,SSP1-2.6,Total inorg. due to permafrost thaw,Tundra,2099,0.45993595316616026,0.2625405416722711
g_m2_yr,mean,SSP1-2.6,Total inorg. due to permafrost thaw,Wetlands,2000,0.6344579493052901,0.014813571680891693
g_m2_yr,mean,SSP1-2.6,Total inorg. due to permafrost thaw,Wetlands,2001,0.3097187262317858,0.007231433630822622
g_m2_yr,mean,SSP1-2.6,Total inorg. due to permafrost thaw,Wetlands,2002,0.7992223095307733,0.0186605542324209
g_m2_yr,mean,SSP1-2.6,Total inorg. due to permafrost thaw,Wetlands,2003,-1.961403445578449,-0.04579561272427742
g_m2_yr,mean,SSP1-2.6,Total inorg. due to permafrost thaw,Wetlands,2004,2.1349531057665105,0.04984771788618024
g_m2_yr,mean,SSP1-2.6,Total inorg. due to permafrost thaw,Wetlands,2005,1.6274199168702745,0.03799763502036021
g_m2_yr,mean,SSP1-2.6,Total inorg. due to permafrost thaw,Wetlands,2006,1.7277279024222072,0.04033966499376732
g_m2_yr,mean,SSP1-2.6,Total inorg. due to permafrost thaw,Wetlands,2007,0.14802949986367572,0.003456250504100703
g_m2_yr,mean,SSP1-2.6,Total inorg. due to permafrost thaw,Wetlands,2008,1.4250364041574366,0.03327230582260169
g_m2_yr,mean,SSP1-2.6,Total inorg. due to permafrost thaw,Wetlands,2009,0.010978811527999404,2.563375740174735e-4
g_m2_yr,mean,SSP1-2.6,Total inorg. due to permafrost thaw,Wetlands,2010,2.2681686776377745,0.052958087021103606
g_m2_yr,mean,SSP1-2.6,Total inorg. due to permafrost thaw,Wetlands,2011,-0.5650720680037633,-0.013193523059186387
g_m2_yr,mean,SSP1-2.6,Total inorg. due to permafrost thaw,Wetlands,2012,2.7824555951776677,0.06496585857769607
g_m2_yr,mean,SSP1-2.6,Total inorg. due to permafrost thaw,Wetlands,2013,-0.3002829415561452,-0.007011123249636426
g_m2_yr,mean,SSP1-2.6,Total inorg. due to permafrost thaw,Wetlands,2014,2.434144190296951,0.05683334803208414
g_m2_yr,mean,SSP1-2.6,Total inorg. due to permafrost thaw,Wetlands,2015,3.826198496225071,0.08933557496003068
g_m2_yr,mean,SSP1-2.6,Total inorg. due to permafrost thaw,Wetlands,2016,-1.4604839693855944,-0.034099949402440786
g_m2_yr,mean,SSP1-2.6,Total inorg. due to permafrost thaw,Wetlands,2017,3.0161666886475795,0.07042263635079671
g_m2_yr,mean,SSP1-2.6,Total inorg. due to permafrost thaw,Wetlands,2018,2.5630731188388305,0.05984363094647898
g_m2_yr,mean,SSP1-2.6,Total inorg. due to permafrost thaw,Wetlands,2019,-0.7429247948355143,-0.017346097899566315
g_m2_yr,mean,SSP1-2.6,Total inorg. due to permafrost thaw,Wetlands,2020,2.279503658361264,0.0532227405724269
g_m2_yr,mean,SSP1-2.6,Total inorg. due to permafrost thaw,Wetlands,2080,2.5152792876247485,0.05872772193254121
g_m2_yr,mean,SSP1-2.6,Total inorg. due to permafrost thaw,Wetlands,2081,2.3891959778242766,0.05578387963450006
g_m2_yr,mean,SSP1-2.6,Total inorg. due to permafrost thaw,Wetlands,2082,3.8600192832407956,0.09012523588761492
g_m2_yr,mean,SSP1-2.6,Total inorg. due to permafrost thaw,Wetlands,2083,2.2966325825258225,0.05362267337523295
g_m2_yr,mean,SSP1-2.6,Total inorg. due to permafrost thaw,Wetlands,2084,2.948683522809733,0.06884701307192212
g_m2_yr,mean,SSP1-2.6,Total inorg. due to permafrost thaw,Wetlands,2085,3.393850303407687,0.07924094070977479
g_m2_yr,mean,SSP1-2.6,Total inorg. due to permafrost thaw,Wetlands,2086,6.994515506234505,0.16331067636266017
g_m2_yr,mean,SSP1-2.6,Total inorg. due to permafrost thaw,Wetlands,2087,3.751328054834882,0.08758747069003456
g_m2_yr,mean,SSP1-2.6,Total inorg. due to permafrost thaw,Wetlands,2088,0.29131775785720754,0.006801800643619757
g_m2_yr,mean,SSP1-2.6,Total inorg. due to permafrost thaw,Wetlands,2089,2.812707315376077,0.0656721875410578
g_m2_yr,mean,SSP1-2.6,Total inorg. due to permafrost thaw,Wetlands,2090,3.5810530009844026,0.08361182231421439
g_m2_yr,mean,SSP1-2.6,Total inorg. due to permafrost thaw,Wetlands,2091,4.522650183611359,0.10559660061929059
g_m2_yr,mean,SSP1-2.6,Total inorg. due to permafrost thaw,Wetlands,2092,6.594838851882766,0.1539788699365584
g_m2_yr,mean,SSP1-2.6,Total inorg. due to permafrost thaw,Wetlands,2093,3.5914279399536073,0.08385406043617893
g_m2_yr,mean,SSP1-2.6,Total inorg. due to permafrost thaw,Wetlands,2094,4.3029550605335265,0.10046707319005856
g_m2_yr,mean,SSP1-2.6,Total inorg. due to permafrost thaw,Wetlands,2095,0.2773073547921216,0.006474680287873424
g_m2_yr,mean,SSP1-2.6,Total inorg. due to permafrost thaw,Wetlands,2096,5.051682056089931,0.1179486431352978
g_m2_yr,mean,SSP1-2.6,Total inorg. due to permafrost thaw,Wetlands,2097,3.8492380775126205,0.08987351209089106
g_m2_yr,mean,SSP1-2.6,Total inorg. due to permafrost thaw,Wetlands,2098,3.8736017881773295,0.09044236551094728
g_m2_yr,mean,SSP1-2.6,Total inorg. due to permafrost thaw,Wetlands,2099,3.6046851262868596,0.08416359439386613
g_m2_yr,mean,SSP1-2.6,Total inorg. due to permafrost thaw,Barren,2000,-0.6722527786097877,-0.03691047172853
g_m2_yr,mean,SSP1-2.6,Total inorg. due to permafrost thaw,Barren,2001,1.0564144597249723,0.058003116223521646
g_m2_yr,mean,SSP1-2.6,Total inorg. due to permafrost thaw,Barren,2002,0.21067987908252975,0.011567514435161033
g_m2_yr,mean,SSP1-2.6,Total inorg. due to permafrost thaw,Barren,2003,-0.8561798056548348,-0.04700910359420711
g_m2_yr,mean,SSP1-2.6,Total inorg. due to permafrost thaw,Barren,2004,0.42834305841413584,0.023518451467620077
g_m2_yr,mean,SSP1-2.6,Total inorg. due to permafrost thaw,Barren,2005,-0.18129023483399845,-0.009953857091281704
g_m2_yr,mean,SSP1-2.6,Total inorg. due to permafrost thaw,Barren,2006,0.6240118619846853,0.034261773134927356
g_m2_yr,mean,SSP1-2.6,Total inorg. due to permafrost thaw,Barren,2007,-0.49687624066828096,-0.027281309973447288
g_m2_yr,mean,SSP1-2.6,Total inorg. due to permafrost thaw,Barren,2008,0.1155402373329878,0.006343811136647344
g_m2_yr,mean,SSP1-2.6,Total inorg. due to permafrost thaw,Barren,2009,0.8294774872171672,0.04554299560456379
g_m2_yr,mean,SSP1-2.6,Total inorg. due to permafrost thaw,Barren,2010,-0.6803613003864383,-0.03735567533842234
g_m2_yr,mean,SSP1-2.6,Total inorg. due to permafrost thaw,Barren,2011,0.237319099216476,0.01303015797180434
g_m2_yr,mean,SSP1-2.6,Total inorg. due to permafrost thaw,Barren,2012,0.12555153952852546,0.006893488130795782
g_m2_yr,mean,SSP1-2.6,Total inorg. due to permafrost thaw,Barren,2013,-0.3820161816557252,-0.020974844465506133
g_m2_yr,mean,SSP1-2.6,Total inorg. due to permafrost thaw,Barren,2014,1.222939535891116,0.06714628276964243
g_m2_yr,mean,SSP1-2.6,Total inorg. due to permafrost thaw,Barren,2015,-1.0141997434685877,-0.055685290041930444
g_m2_yr,mean,SSP1-2.6,Total inorg. due to permafrost thaw,Barren,2016,0.8824507536117061,0.04845152690980732
g_m2_yr,mean,SSP1-2.6,Total inorg. due to permafrost thaw,Barren,2017,0.22309527557677952,0.012249189774974682
g_m2_yr,mean,SSP1-2.6,Total inorg. due to permafrost thaw,Barren,2018,-0.20703031630136537,-0.011367132840406994
g_m2_yr,mean,SSP1-2.6,Total inorg. due to permafrost thaw,Barren,2019,-0.03562753651823606,-0.0019561528360403212
g_m2_yr,mean,SSP1-2.6,Total inorg. due to permafrost thaw,Barren,2020,1.7643579439369623,0.09687320912732691
g_m2_yr,mean,SSP1-2.6,Total inorg. due to permafrost thaw,Barren,2080,0.4729143829343866,0.025965668743553102
g_m2_yr,mean,SSP1-2.6,Total inorg. due to permafrost thaw,Barren,2081,-0.8532848709267707,-0.04685015533867574
g_m2_yr,mean,SSP1-2.6,Total inorg. due to permafrost thaw,Barren,2082,1.817212715113881,0.09977523437633819
g_m2_yr,mean,SSP1-2.6,Total inorg. due to permafrost thaw,Barren,2083,-0.9432268688988863,-0.051788478658398696
g_m2_yr,mean,SSP1-2.6,Total inorg. due to permafrost thaw,Barren,2084,-0.38888146003569013,-0.021351786996076576
g_m2_yr,mean,SSP1-2.6,Total inorg. due to permafrost thaw,Barren,2085,0.7447448850387616,0.04089069751565368
g_m2_yr,mean,SSP1-2.6,Total inorg. due to permafrost thaw,Barren,2086,0.5205292500903539,0.02857999368788804
g_m2_yr,mean,SSP1-2.6,Total inorg. due to permafrost thaw,Barren,2087,-0.25530394075037816,-0.014017627278144701
g_m2_yr,mean,SSP1-2.6,Total inorg. due to permafrost thaw,Barren,2088,-0.1291671787699194,-0.007092007131752562
g_m2_yr,mean,SSP1-2.6,Total inorg. due to permafrost thaw,Barren,2089,0.4410756340741323,0.02421754173378685
g_m2_yr,mean,SSP1-2.6,Total inorg. due to permafrost thaw,Barren,2090,-0.05792660428837949,-0.0031804975121672873
g_m2_yr,mean,SSP1-2.6,Total inorg. due to permafrost thaw,Barren,2091,-0.523418793481055,-0.028738645928569582
g_m2_yr,mean,SSP1-2.6,Total inorg. due to permafrost thaw,Barren,2092,1.4686581558157215,0.08063762183507016
g_m2_yr,mean,SSP1-2.6,Total inorg. due to permafrost thaw,Barren,2093,-1.0553169163979101,-0.05794285490035072
g_m2_yr,mean,SSP1-2.6,Total inorg. due to permafrost thaw,Barren,2094,0.4487973555117462,0.024641507821971765
g_m2_yr,mean,SSP1-2.6,Total inorg. due to permafrost thaw,Barren,2095,-0.05538398903350197,-0.003040893584198756
g_m2_yr,mean,SSP1-2.6,Total inorg. due to permafrost thaw,Barren,2096,0.23305209673975308,0.012795875452945362
g_m2_yr,mean,SSP1-2.6,Total inorg. due to permafrost thaw,Barren,2097,-0.01759905773101791,-9.662875982050217e-4
g_m2_yr,mean,SSP1-2.6,Total inorg. due to permafrost thaw,Barren,2098,0.3729027042389284,0.02047446311901782
g_m2_yr,mean,SSP1-2.6,Total inorg. due to permafrost thaw,Barren,2099,0.2833486127930868,0.015557438056924907
g_m2_yr,mean,SSP1-2.6,Total inorg. due to permafrost thaw,Pan-Arctic,2000,-0.016935287642375955,-0.016935287642375955
g_m2_yr,mean,SSP1-2.6,Total inorg. due to permafrost thaw,Pan-Arctic,2001,0.515168123293964,0.515168123293964
g_m2_yr,mean,SSP1-2.6,Total inorg. due to permafrost thaw,Pan-Arctic,2002,0.09413839800668936,0.09413839800668936
g_m2_yr,mean,SSP1-2.6,Total inorg. due to permafrost thaw,Pan-Arctic,2003,-0.3118465219111616,-0.3118465219111616
g_m2_yr,mean,SSP1-2.6,Total inorg. due to permafrost thaw,Pan-Arctic,2004,0.6980723348462466,0.6980723348462466
g_m2_yr,mean,SSP1-2.6,Total inorg. due to permafrost thaw,Pan-Arctic,2005,0.41290800521123594,0.41290800521123594
g_m2_yr,mean,SSP1-2.6,Total inorg. due to permafrost thaw,Pan-Arctic,2006,0.3828795054784453,0.3828795054784453
g_m2_yr,mean,SSP1-2.6,Total inorg. due to permafrost thaw,Pan-Arctic,2007,0.34281754976219775,0.34281754976219775
g_m2_yr,mean,SSP1-2.6,Total inorg. due to permafrost thaw,Pan-Arctic,2008,0.6208962470947764,0.6208962470947764
g_m2_yr,mean,SSP1-2.6,Total inorg. due to permafrost thaw,Pan-Arctic,2009,0.06290912405923071,0.06290912405923071
g_m2_yr,mean,SSP1-2.6,Total inorg. due to permafrost thaw,Pan-Arctic,2010,0.11916646166499191,0.11916646166499191
g_m2_yr,mean,SSP1-2.6,Total inorg. due to permafrost thaw,Pan-Arctic,2011,0.1577220441989378,0.1577220441989378
g_m2_yr,mean,SSP1-2.6,Total inorg. due to permafrost thaw,Pan-Arctic,2012,0.47141082487790587,0.47141082487790587
g_m2_yr,mean,SSP1-2.6,Total inorg. due to permafrost thaw,Pan-Arctic,2013,0.11400945245617099,0.11400945245617099
g_m2_yr,mean,SSP1-2.6,Total inorg. due to permafrost thaw,Pan-Arctic,2014,1.2032872708747906,1.2032872708747906
g_m2_yr,mean,SSP1-2.6,Total inorg. due to permafrost thaw,Pan-Arctic,2015,0.11555498554044735,0.11555498554044735
g_m2_yr,mean,SSP1-2.6,Total inorg. due to permafrost thaw,Pan-Arctic,2016,0.2614222057970631,0.2614222057970631
g_m2_yr,mean,SSP1-2.6,Total inorg. due to permafrost thaw,Pan-Arctic,2017,0.8035677791621466,0.8035677791621466
g_m2_yr,mean,SSP1-2.6,Total inorg. due to permafrost thaw,Pan-Arctic,2018,0.4940500274641668,0.4940500274641668
g_m2_yr,mean,SSP1-2.6,Total inorg. due to permafrost thaw,Pan-Arctic,2019,0.4070086666159055,0.4070086666159055
g_m2_yr,mean,SSP1-2.6,Total inorg. due to permafrost thaw,Pan-Arctic,2020,0.7645552631879852,0.7645552631879852
g_m2_yr,mean,SSP1-2.6,Total inorg. due to permafrost thaw,Pan-Arctic,2080,0.7155406797829863,0.7155406797829863
g_m2_yr,mean,SSP1-2.6,Total inorg. due to permafrost thaw,Pan-Arctic,2081,0.3737702444478637,0.3737702444478637
g_m2_yr,mean,SSP1-2.6,Total inorg. due to permafrost thaw,Pan-Arctic,2082,0.9959655819444564,0.9959655819444564
g_m2_yr,mean,SSP1-2.6,Total inorg. due to permafrost thaw,Pan-Arctic,2083,0.6080514484991795,0.6080514484991795
g_m2_yr,mean,SSP1-2.6,Total inorg. due to permafrost thaw,Pan-Arctic,2084,0.73030471878842,0.73030471878842
g_m2_yr,mean,SSP1-2.6,Total inorg. due to permafrost thaw,Pan-Arctic,2085,0.716574738162063,0.716574738162063
g_m2_yr,mean,SSP1-2.6,Total inorg. due to permafrost thaw,Pan-Arctic,2086,0.9592405494042422,0.9592405494042422
g_m2_yr,mean,SSP1-2.6,Total inorg. due to permafrost thaw,Pan-Arctic,2087,0.7241654833250872,0.7241654833250872
g_m2_yr,mean,SSP1-2.6,Total inorg. due to permafrost thaw,Pan-Arctic,2088,0.5000313743540864,0.5000313743540864
g_m2_yr,mean,SSP1-2.6,Total inorg. due to permafrost thaw,Pan-Arctic,2089,0.9020448546286071,0.9020448546286071
g_m2_yr,mean,SSP1-2.6,Total inorg. due to permafrost thaw,Pan-Arctic,2090,0.5913122103300342,0.5913122103300342
g_m2_yr,mean,SSP1-2.6,Total inorg. due to permafrost thaw,Pan-Arctic,2091,0.5945195593690593,0.5945195593690593
g_m2_yr,mean,SSP1-2.6,Total inorg. due to permafrost thaw,Pan-Arctic,2092,1.2085286980187193,1.2085286980187193
g_m2_yr,mean,SSP1-2.6,Total inorg. due to permafrost thaw,Pan-Arctic,2093,0.2214426526060224,0.2214426526060224
g_m2_yr,mean,SSP1-2.6,Total inorg. due to permafrost thaw,Pan-Arctic,2094,0.6709798422243497,0.6709798422243497
g_m2_yr,mean,SSP1-2.6,Total inorg. due to permafrost thaw,Pan-Arctic,2095,0.7755186165004877,0.7755186165004877
g_m2_yr,mean,SSP1-2.6,Total inorg. due to permafrost thaw,Pan-Arctic,2096,0.6642201498539778,0.6642201498539778
g_m2_yr,mean,SSP1-2.6,Total inorg. due to permafrost thaw,Pan-Arctic,2097,0.596054398989329,0.596054398989329
g_m2_yr,mean,SSP1-2.6,Total inorg. due to permafrost thaw,Pan-Arctic,2098,1.0421328027727286,1.0421328027727286
g_m2_yr,mean,SSP1-2.6,Total inorg. due to permafrost thaw,Pan-Arctic,2099,0.6554714201801052,0.6554714201801052
g_m2_yr,plus,SSP1-2.6,Total inorg. due to permafrost thaw,Taiga,2000,0.4163041011785763,0.14609200854725635
g_m2_yr,plus,SSP1-2.6,Total inorg. due to permafrost thaw,Taiga,2001,1.033930031392813,0.3628331177998904
g_m2_yr,plus,SSP1-2.6,Total inorg. due to permafrost thaw,Taiga,2002,0.0030865725296502825,0.0010831591115888844
g_m2_yr,plus,SSP1-2.6,Total inorg. due to permafrost thaw,Taiga,2003,0.23138576201132077,0.0811993219037999
g_m2_yr,plus,SSP1-2.6,Total inorg. due to permafrost thaw,Taiga,2004,0.7296976253873885,0.2560700012880224
g_m2_yr,plus,SSP1-2.6,Total inorg. due to permafrost thaw,Taiga,2005,0.5049434699397464,0.17719788375247203
g_m2_yr,plus,SSP1-2.6,Total inorg. due to permafrost thaw,Taiga,2006,0.7143475882174841,0.25068327135892077
g_m2_yr,plus,SSP1-2.6,Total inorg. due to permafrost thaw,Taiga,2007,0.6646267819343405,0.23323493867151918
g_m2_yr,plus,SSP1-2.6,Total inorg. due to permafrost thaw,Taiga,2008,0.7099270559107235,0.24913199083654688
g_m2_yr,plus,SSP1-2.6,Total inorg. due to permafrost thaw,Taiga,2009,0.17794164315335886,0.06244438135218432
g_m2_yr,plus,SSP1-2.6,Total inorg. due to permafrost thaw,Taiga,2010,0.7903508487178236,0.2773548053438143
g_m2_yr,plus,SSP1-2.6,Total inorg. due to permafrost thaw,Taiga,2011,0.17528401542898564,0.06151175020316277
g_m2_yr,plus,SSP1-2.6,Total inorg. due to permafrost thaw,Taiga,2012,0.3386960924437008,0.11885732639223355
g_m2_yr,plus,SSP1-2.6,Total inorg. due to permafrost thaw,Taiga,2013,0.28127192654742444,0.0987056831314835
g_m2_yr,plus,SSP1-2.6,Total inorg. due to permafrost thaw,Taiga,2014,1.5838570181979355,0.5558168953539784
g_m2_yr,plus,SSP1-2.6,Total inorg. due to permafrost thaw,Taiga,2015,0.5287739673544783,0.18556062921220268
g_m2_yr,plus,SSP1-2.6,Total inorg. due to permafrost thaw,Taiga,2016,0.4025186525358312,0.1412543336955263
g_m2_yr,plus,SSP1-2.6,Total inorg. due to permafrost thaw,Taiga,2017,1.3931415746725675,0.4888898530146807
g_m2_yr,plus,SSP1-2.6,Total inorg. due to permafrost thaw,Taiga,2018,0.3887586197008388,0.13642557791615928
g_m2_yr,plus,SSP1-2.6,Total inorg. due to permafrost thaw,Taiga,2019,1.0823979184127743,0.37984176831460226
g_m2_yr,plus,SSP1-2.6,Total inorg. due to permafrost thaw,Taiga,2020,0.6136909024840127,0.2153602049973791
g_m2_yr,plus,SSP1-2.6,Total inorg. due to permafrost thaw,Taiga,2080,1.181835668593075,0.41473707827703993
g_m2_yr,plus,SSP1-2.6,Total inorg. due to permafrost thaw,Taiga,2081,0.9266061139197517,0.3251703452631533
g_m2_yr,plus,SSP1-2.6,Total inorg. due to permafrost thaw,Taiga,2082,1.292586956648559,0.45360260488466986
g_m2_yr,plus,SSP1-2.6,Total inorg. due to permafrost thaw,Taiga,2083,1.0274005650037432,0.36054175709308867
g_m2_yr,plus,SSP1-2.6,Total inorg. due to permafrost thaw,Taiga,2084,1.2424547853889611,0.4360099134569002
g_m2_yr,plus,SSP1-2.6,Total inorg. due to permafrost thaw,Taiga,2085,1.3496145112204083,0.4736150668478202
g_m2_yr,plus,SSP1-2.6,Total inorg. due to permafrost thaw,Taiga,2086,1.2126063011684352,0.4255352988674148
g_m2_yr,plus,SSP1-2.6,Total inorg. due to permafrost thaw,Taiga,2087,1.1945296844241187,0.41919174077985377
g_m2_yr,plus,SSP1-2.6,Total inorg. due to permafrost thaw,Taiga,2088,1.1154841625175973,0.39145259761672574
g_m2_yr,plus,SSP1-2.6,Total inorg. due to permafrost thaw,Taiga,2089,1.240029136862631,0.435158689882023
g_m2_yr,plus,SSP1-2.6,Total inorg. due to permafrost thaw,Taiga,2090,1.2528437389626033,0.4396556692637269
g_m2_yr,plus,SSP1-2.6,Total inorg. due to permafrost thaw,Taiga,2091,1.1051353279022487,0.3878209206027366
g_m2_yr,plus,SSP1-2.6,Total inorg. due to permafrost thaw,Taiga,2092,1.1920386078664613,0.41831755679578336
g_m2_yr,plus,SSP1-2.6,Total inorg. due to permafrost thaw,Taiga,2093,0.9776928665299891,0.34309802427918323
g_m2_yr,plus,SSP1-2.6,Total inorg. due to permafrost thaw,Taiga,2094,1.3167981178208736,0.46209893522326423
g_m2_yr,plus,SSP1-2.6,Total inorg. due to permafrost thaw,Taiga,2095,0.9131351100082017,0.3204430173002176
g_m2_yr,plus,SSP1-2.6,Total inorg. due to permafrost thaw,Taiga,2096,1.1607604539719336,0.40734123368687014
g_m2_yr,plus,SSP1-2.6,Total inorg. due to permafrost thaw,Taiga,2097,0.9476159412061188,0.3325432437256157
g_m2_yr,plus,SSP1-2.6,Total inorg. due to permafrost thaw,Taiga,2098,1.4375376779176374,0.5044696079975927
g_m2_yr,plus,SSP1-2.6,Total inorg. due to permafrost thaw,Taiga,2099,0.9592897871298994,0.3366399018984468
g_m2_yr,plus,SSP1-2.6,Total inorg. due to permafrost thaw,Tundra,2000,-0.23432205193203282,-0.13375566318854193
g_m2_yr,plus,SSP1-2.6,Total inorg. due to permafrost thaw,Tundra,2001,0.47757463916884324,0.27260905261526863
g_m2_yr,plus,SSP1-2.6,Total inorg. due to permafrost thaw,Tundra,2002,-0.22490746246824406,-0.12838162925962182
g_m2_yr,plus,SSP1-2.6,Total inorg. due to permafrost thaw,Tundra,2003,-0.5639588794454606,-0.32191888603456953
g_m2_yr,plus,SSP1-2.6,Total inorg. due to permafrost thaw,Tundra,2004,1.0783808124302072,0.6155611029654134
g_m2_yr,plus,SSP1-2.6,Total inorg. due to permafrost thaw,Tundra,2005,0.33978634748899206,0.19395676965130532
g_m2_yr,plus,SSP1-2.6,Total inorg. due to permafrost thaw,Tundra,2006,0.4366809041935475,0.24926609962907803
g_m2_yr,plus,SSP1-2.6,Total inorg. due to permafrost thaw,Tundra,2007,0.8508354188200765,0.48567369041984165
g_m2_yr,plus,SSP1-2.6,Total inorg. due to permafrost thaw,Tundra,2008,0.7519173207068315,0.4292092829712244
g_m2_yr,plus,SSP1-2.6,Total inorg. due to permafrost thaw,Tundra,2009,-0.078147989351695,-0.04460841844121007
g_m2_yr,plus,SSP1-2.6,Total inorg. due to permafrost thaw,Tundra,2010,-0.6934775484152856,-0.3958507047452605
g_m2_yr,plus,SSP1-2.6,Total inorg. due to permafrost thaw,Tundra,2011,0.41369558473568363,0.2361456245293685
g_m2_yr,plus,SSP1-2.6,Total inorg. due to permafrost thaw,Tundra,2012,0.8671415563619902,0.4949815563376208
g_m2_yr,plus,SSP1-2.6,Total inorg. due to permafrost thaw,Tundra,2013,-0.12301149405326071,-0.07021739452708338
g_m2_yr,plus,SSP1-2.6,Total inorg. due to permafrost thaw,Tundra,2014,1.7397540069858384,0.9930860073588434
g_m2_yr,plus,SSP1-2.6,Total inorg. due to permafrost thaw,Tundra,2015,-0.3410310987608049,-0.19466729830404347
g_m2_yr,plus,SSP1-2.6,Total inorg. due to permafrost thaw,Tundra,2016,0.1924937084218978,0.10987921715989812
g_m2_yr,plus,SSP1-2.6,Total inorg. due to permafrost thaw,Tundra,2017,1.0122802180629356,0.577829575933055
g_m2_yr,plus,SSP1-2.6,Total inorg. due to permafrost thaw,Tundra,2018,0.897858525849913,0.5125154102413543
g_m2_yr,plus,SSP1-2.6,Total inorg. due to permafrost thaw,Tundra,2019,0.04484387227020842,0.02559776950563663
g_m2_yr,plus,SSP1-2.6,Total inorg. due to permafrost thaw,Tundra,2020,0.9567161095157959,0.546112483465981
g_m2_yr,plus,SSP1-2.6,Total inorg. due to permafrost thaw,Tundra,2080,0.5753127295182715,0.3283998882864301
g_m2_yr,plus,SSP1-2.6,Total inorg. due to permafrost thaw,Tundra,2081,0.22551022040214244,0.1287256954135582
g_m2_yr,plus,SSP1-2.6,Total inorg. due to permafrost thaw,Tundra,2082,0.7817014880567834,0.4462106749595759
g_m2_yr,plus,SSP1-2.6,Total inorg. due to permafrost thaw,Tundra,2083,0.7553184899682318,0.431150737676081
g_m2_yr,plus,SSP1-2.6,Total inorg. due to permafrost thaw,Tundra,2084,0.6733325336863907,0.38435153177886866
g_m2_yr,plus,SSP1-2.6,Total inorg. due to permafrost thaw,Tundra,2085,0.7966792334577721,0.45476026836173455
g_m2_yr,plus,SSP1-2.6,Total inorg. due to permafrost thaw,Tundra,2086,0.6873860570758474,0.39237356097157017
g_m2_yr,plus,SSP1-2.6,Total inorg. due to permafrost thaw,Tundra,2087,0.8389384592904081,0.4788826705448552
g_m2_yr,plus,SSP1-2.6,Total inorg. due to permafrost thaw,Tundra,2088,0.48969271655783253,0.2795262909390628
g_m2_yr,plus,SSP1-2.6,Total inorg. due to permafrost thaw,Tundra,2089,1.0707684434254434,0.6112158121305439
g_m2_yr,plus,SSP1-2.6,Total inorg. due to permafrost thaw,Tundra,2090,-0.010382795451733111,-0.0059267050623146664
g_m2_yr,plus,SSP1-2.6,Total inorg. due to permafrost thaw,Tundra,2091,0.5933425929797901,0.3386916910621833
g_m2_yr,plus,SSP1-2.6,Total inorg. due to permafrost thaw,Tundra,2092,1.3674895127932263,0.7805900690050657
g_m2_yr,plus,SSP1-2.6,Total inorg. due to permafrost thaw,Tundra,2093,-0.2456789745292041,-0.14023841929809577
g_m2_yr,plus,SSP1-2.6,Total inorg. due to permafrost thaw,Tundra,2094,0.5814694511556904,0.33191426680475694
g_m2_yr,plus,SSP1-2.6,Total inorg. due to permafrost thaw,Tundra,2095,0.9461597415759574,0.54008669979341
g_m2_yr,plus,SSP1-2.6,Total inorg. due to permafrost thaw,Tundra,2096,0.723434583172786,0.41295077286993664
g_m2_yr,plus,SSP1-2.6,Total inorg. due to permafrost thaw,Tundra,2097,0.41713593636462604,0.2381094453048218
g_m2_yr,plus,SSP1-2.6,Total inorg. due to permafrost thaw,Tundra,2098,0.8747498934136153,0.4993245456538686
g_m2_yr,plus,SSP1-2.6,Total inorg. due to permafrost thaw,Tundra,2099,0.749339122097154,0.42773759619643803
g_m2_yr,plus,SSP1-2.6,Total inorg. due to permafrost thaw,Wetlands,2000,-0.673916985578865,-0.015734876651437885
g_m2_yr,plus,SSP1-2.6,Total inorg. due to permafrost thaw,Wetlands,2001,1.387335352590621,0.03239204696471908
g_m2_yr,plus,SSP1-2.6,Total inorg. due to permafrost thaw,Wetlands,2002,-0.4799409801013668,-0.011205849212093293
g_m2_yr,plus,SSP1-2.6,Total inorg. due to permafrost thaw,Wetlands,2003,-1.6997798326069,-0.039687122558126085
g_m2_yr,plus,SSP1-2.6,Total inorg. due to permafrost thaw,Wetlands,2004,2.658162044140965,0.062063804265395546
g_m2_yr,plus,SSP1-2.6,Total inorg. due to permafrost thaw,Wetlands,2005,1.932745362057886,0.045126492611693624
g_m2_yr,plus,SSP1-2.6,Total inorg. due to permafrost thaw,Wetlands,2006,3.3833406252055305,0.07899555664364209
g_m2_yr,plus,SSP1-2.6,Total inorg. due to permafrost thaw,Wetlands,2007,1.1547838599359126,0.02696234400377273
g_m2_yr,plus,SSP1-2.6,Total inorg. due to permafrost thaw,Wetlands,2008,1.1770131040888117,0.027481361067128278
g_m2_yr,plus,SSP1-2.6,Total inorg. due to permafrost thaw,Wetlands,2009,0.17703310127873995,0.004133437903260118
g_m2_yr,plus,SSP1-2.6,Total inorg. due to permafrost thaw,Wetlands,2010,2.420172523105401,0.05650713209662269
g_m2_yr,plus,SSP1-2.6,Total inorg. due to permafrost thaw,Wetlands,2011,-0.1242991346887722,-0.002902184681587037
g_m2_yr,plus,SSP1-2.6,Total inorg. due to permafrost thaw,Wetlands,2012,4.531612843995937,0.10580586430997933
g_m2_yr,plus,SSP1-2.6,Total inorg. due to permafrost thaw,Wetlands,2013,-1.9663938120575797,-0.04591212974740475
g_m2_yr,plus,SSP1-2.6,Total inorg. due to permafrost thaw,Wetlands,2014,3.941588231124894,0.09202973950009088
g_m2_yr,plus,SSP1-2.6,Total inorg. due to permafrost thaw,Wetlands,2015,6.153258975704151,0.14366869074221816
g_m2_yr,plus,SSP1-2.6,Total inorg. due to permafrost thaw,Wetlands,2016,-4.556372794778481,-0.10638396929886661
g_m2_yr,plus,SSP1-2.6,Total inorg. due to permafrost thaw,Wetlands,2017,5.910659011751436,0.13800437215383834
g_m2_yr,plus,SSP1-2.6,Total inorg. due to permafrost thaw,Wetlands,2018,2.7029044153712576,0.06310846660136082
g_m2_yr,plus,SSP1-2.6,Total inorg. due to permafrost thaw,Wetlands,2019,-2.5348109732381006,-0.05918375534688938
g_m2_yr,plus,SSP1-2.6,Total inorg. due to permafrost thaw,Wetlands,2020,2.166594942046508,0.05058650382205199
g_m2_yr,plus,SSP1-2.6,Total inorg. due to permafrost thaw,Wetlands,2080,3.0190308751940296,0.07048951049550518
g_m2_yr,plus,SSP1-2.6,Total inorg. due to permafrost thaw,Wetlands,2081,1.9126139417068289,0.044656456356753346
g_m2_yr,plus,SSP1-2.6,Total inorg. due to permafrost thaw,Wetlands,2082,4.207569002341033,0.09823996229651644
g_m2_yr,plus,SSP1-2.6,Total inorg. due to permafrost thaw,Wetlands,2083,2.7180591533474634,0.0634623053349782
g_m2_yr,plus,SSP1-2.6,Total inorg. due to permafrost thaw,Wetlands,2084,3.4075245098604943,0.07956021141587875
g_m2_yr,plus,SSP1-2.6,Total inorg. due to permafrost thaw,Wetlands,2085,4.256302063516679,0.09937780081795852
g_m2_yr,plus,SSP1-2.6,Total inorg. due to permafrost thaw,Wetlands,2086,9.369425675607598,0.218761005369033
g_m2_yr,plus,SSP1-2.6,Total inorg. due to permafrost thaw,Wetlands,2087,4.537335193075,0.10593947194837147
g_m2_yr,plus,SSP1-2.6,Total inorg. due to permafrost thaw,Wetlands,2088,-1.4266675960084212,-0.033310391526211056
g_m2_yr,plus,SSP1-2.6,Total inorg. due to permafrost thaw,Wetlands,2089,3.2667256617749683,0.07627278498992612
g_m2_yr,plus,SSP1-2.6,Total inorg. due to permafrost thaw,Wetlands,2090,3.8017800660465104,0.08876544392742083
g_m2_yr,plus,SSP1-2.6,Total inorg. due to permafrost thaw,Wetlands,2091,5.534794202251791,0.12922853396953574
g_m2_yr,plus,SSP1-2.6,Total inorg. due to permafrost thaw,Wetlands,2092,8.283210922483589,0.19339963961758583
g_m2_yr,plus,SSP1-2.6,Total inorg. due to permafrost thaw,Wetlands,2093,3.7575995527976693,0.08773390007076821
g_m2_yr,plus,SSP1-2.6,Total inorg. due to permafrost thaw,Wetlands,2094,4.5510784843042416,0.10626035567278325
g_m2_yr,plus,SSP1-2.6,Total inorg. due to permafrost thaw,Wetlands,2095,-0.5924223545003882,-0.013832108216728046
g_m2_yr,plus,SSP1-2.6,Total inorg. due to permafrost thaw,Wetlands,2096,6.5902633308682725,0.15387203888715656
g_m2_yr,plus,SSP1-2.6,Total inorg. due to permafrost thaw,Wetlands,2097,4.870133308319421,0.1137097721563474
g_m2_yr,plus,SSP1-2.6,Total inorg. due to permafrost thaw,Wetlands,2098,4.353926037238755,0.10165716343622024
g_m2_yr,plus,SSP1-2.6,Total inorg. due to permafrost thaw,Wetlands,2099,4.37585469114589,0.10216916220126765
g_m2_yr,plus,SSP1-2.6,Total inorg. due to permafrost thaw,Barren,2000,-0.7769503171149174,-0.04265895750352655
g_m2_yr,plus,SSP1-2.6,Total inorg. due to permafrost thaw,Barren,2001,1.3258499136550377,0.07279664333324289
g_m2_yr,plus,SSP1-2.6,Total inorg. due to permafrost thaw,Barren,2002,0.6955875935009528,0.038191684767339584
g_m2_yr,plus,SSP1-2.6,Total inorg. due to permafrost thaw,Barren,2003,-1.4150067107406519,-0.07769185469263695
g_m2_yr,plus,SSP1-2.6,Total inorg. due to permafrost thaw,Barren,2004,0.5252251001383222,0.028837822358816545
g_m2_yr,plus,SSP1-2.6,Total inorg. due to permafrost thaw,Barren,2005,-0.5050771329849548,-0.027731585247324605
g_m2_yr,plus,SSP1-2.6,Total inorg. due to permafrost thaw,Barren,2006,1.1989078399827908,0.06582680702980656
g_m2_yr,plus,SSP1-2.6,Total inorg. due to permafrost thaw,Barren,2007,-0.5984524086820278,-0.032858414891506794
g_m2_yr,plus,SSP1-2.6,Total inorg. due to permafrost thaw,Barren,2008,0.15010085407171875,0.008241384055116374
g_m2_yr,plus,SSP1-2.6,Total inorg. due to permafrost thaw,Barren,2009,0.7923434809666082,0.04350412907773028
g_m2_yr,plus,SSP1-2.6,Total inorg. due to permafrost thaw,Barren,2010,-1.2240109969222988,-0.06720511202756158
g_m2_yr,plus,SSP1-2.6,Total inorg. due to permafrost thaw,Barren,2011,0.6560923445779978,0.03602317269097944
g_m2_yr,plus,SSP1-2.6,Total inorg. due to permafrost thaw,Barren,2012,-0.04829423437226079,-0.0026516260388460677
g_m2_yr,plus,SSP1-2.6,Total inorg. due to permafrost thaw,Barren,2013,-0.08036374527829454,-0.004412423187342538
g_m2_yr,plus,SSP1-2.6,Total inorg. due to permafrost thaw,Barren,2014,1.5283165557411482,0.08391320470193543
g_m2_yr,plus,SSP1-2.6,Total inorg. due to permafrost thaw,Barren,2015,-1.3205816544702653,-0.07250738617003676
g_m2_yr,plus,SSP1-2.6,Total inorg. due to permafrost thaw,Barren,2016,0.570442073601368,0.03132048940574028
g_m2_yr,plus,SSP1-2.6,Total inorg. due to permafrost thaw,Barren,2017,0.7025982191090209,0.03857660768107008
g_m2_yr,plus,SSP1-2.6,Total inorg. due to permafrost thaw,Barren,2018,-0.24762742718531602,-0.013596143357315316
g_m2_yr,plus,SSP1-2.6,Total inorg. due to permafrost thaw,Barren,2019,-0.7990592498218839,-0.04387286269156616
g_m2_yr,plus,SSP1-2.6,Total inorg. due to permafrost thaw,Barren,2020,2.8414758150048334,0.15601305948326302
g_m2_yr,plus,SSP1-2.6,Total inorg. due to permafrost thaw,Barren,2080,0.5239847900568133,0.028769722335053427
g_m2_yr,plus,SSP1-2.6,Total inorg. due to permafrost thaw,Barren,2081,-0.9304214165191294,-0.05108538704900215
g_m2_yr,plus,SSP1-2.6,Total inorg. due to permafrost thaw,Barren,2082,2.5583575218738193,0.14046826727570602
g_m2_yr,plus,SSP1-2.6,Total inorg. due to permafrost thaw,Barren,2083,-1.6621585365935168,-0.09126188485251514
g_m2_yr,plus,SSP1-2.6,Total inorg. due to permafrost thaw,Barren,2084,-0.45302668076829755,-0.02487372164879376
g_m2_yr,plus,SSP1-2.6,Total inorg. due to permafrost thaw,Barren,2085,1.1809253787451475,0.06483946841516516
g_m2_yr,plus,SSP1-2.6,Total inorg. due to permafrost thaw,Barren,2086,0.34715709001602085,0.019060883590386577
g_m2_yr,plus,SSP1-2.6,Total inorg. due to permafrost thaw,Barren,2087,-0.1845813253357337,-0.010134556534683847
g_m2_yr,plus,SSP1-2.6,Total inorg. due to permafrost thaw,Barren,2088,0.19529526098074912,0.010722812070859438
g_m2_yr,plus,SSP1-2.6,Total inorg. due to permafrost thaw,Barren,2089,0.7542328546995405,0.04141164059996425
g_m2_yr,plus,SSP1-2.6,Total inorg. due to permafrost thaw,Barren,2090,-0.37305077780065593,-0.020482593193281242
g_m2_yr,plus,SSP1-2.6,Total inorg. due to permafrost thaw,Barren,2091,-0.9045727033729526,-0.04966614680759492
g_m2_yr,plus,SSP1-2.6,Total inorg. due to permafrost thaw,Barren,2092,1.643983603247382,0.09026397843280837
g_m2_yr,plus,SSP1-2.6,Total inorg. due to permafrost thaw,Barren,2093,-1.5484783536706481,-0.0850202012010977
g_m2_yr,plus,SSP1-2.6,Total inorg. due to permafrost thaw,Barren,2094,0.36550598103214776,0.02006834126798995
g_m2_yr,plus,SSP1-2.6,Total inorg. due to permafrost thaw,Barren,2095,0.2546918706824277,0.013984021176901531
g_m2_yr,plus,SSP1-2.6,Total inorg. due to permafrost thaw,Barren,2096,0.25063662079906757,0.013761365070546077
g_m2_yr,plus,SSP1-2.6,Total inorg. due to permafrost thaw,Barren,2097,-0.170369166049893,-0.009354228776714279
g_m2_yr,plus,SSP1-2.6,Total inorg. due to permafrost thaw,Barren,2098,0.4206103739423151,0.023093883446982034
g_m2_yr,plus,SSP1-2.6,Total inorg. due to permafrost thaw,Barren,2099,0.5755360619367309,0.03160017811573223
g_m2_yr,plus,SSP1-2.6,Total inorg. due to permafrost thaw,Pan-Arctic,2000,-0.04605748879625001,-0.04605748879625001
g_m2_yr,plus,SSP1-2.6,Total inorg. due to permafrost thaw,Pan-Arctic,2001,0.7406308607131209,0.7406308607131209
g_m2_yr,plus,SSP1-2.6,Total inorg. due to permafrost thaw,Pan-Arctic,2002,-0.10031263459278665,-0.10031263459278665
g_m2_yr,plus,SSP1-2.6,Total inorg. due to permafrost thaw,Pan-Arctic,2003,-0.35809854138153263,-0.35809854138153263
g_m2_yr,plus,SSP1-2.6,Total inorg. due to permafrost thaw,Pan-Arctic,2004,0.9625327308776478,0.9625327308776478
g_m2_yr,plus,SSP1-2.6,Total inorg. due to permafrost thaw,Pan-Arctic,2005,0.38854956076814634,0.38854956076814634
g_m2_yr,plus,SSP1-2.6,Total inorg. due to permafrost thaw,Pan-Arctic,2006,0.6447717346614474,0.6447717346614474
g_m2_yr,plus,SSP1-2.6,Total inorg. due to permafrost thaw,Pan-Arctic,2007,0.7130125582036269,0.7130125582036269
g_m2_yr,plus,SSP1-2.6,Total inorg. due to permafrost thaw,Pan-Arctic,2008,0.714064018930016,0.714064018930016
g_m2_yr,plus,SSP1-2.6,Total inorg. due to permafrost thaw,Pan-Arctic,2009,0.06547352989196464,0.06547352989196464
g_m2_yr,plus,SSP1-2.6,Total inorg. due to permafrost thaw,Pan-Arctic,2010,-0.12919387933238508,-0.12919387933238508
g_m2_yr,plus,SSP1-2.6,Total inorg. due to permafrost thaw,Pan-Arctic,2011,0.3307783627419237,0.3307783627419237
g_m2_yr,plus,SSP1-2.6,Total inorg. due to permafrost thaw,Pan-Arctic,2012,0.7169931210009876,0.7169931210009876
g_m2_yr,plus,SSP1-2.6,Total inorg. due to permafrost thaw,Pan-Arctic,2013,-0.021836264330347174,-0.021836264330347174
g_m2_yr,plus,SSP1-2.6,Total inorg. due to permafrost thaw,Pan-Arctic,2014,1.7248458469148482,1.7248458469148482
g_m2_yr,plus,SSP1-2.6,Total inorg. due to permafrost thaw,Pan-Arctic,2015,0.06205463548034061,0.06205463548034061
g_m2_yr,plus,SSP1-2.6,Total inorg. due to permafrost thaw,Pan-Arctic,2016,0.1760700709622981,0.1760700709622981
g_m2_yr,plus,SSP1-2.6,Total inorg. due to permafrost thaw,Pan-Arctic,2017,1.243300408782644,1.243300408782644
g_m2_yr,plus,SSP1-2.6,Total inorg. due to permafrost thaw,Pan-Arctic,2018,0.6984533114015591,0.6984533114015591
g_m2_yr,plus,SSP1-2.6,Total inorg. due to permafrost thaw,Pan-Arctic,2019,0.30238291978178333,0.30238291978178333
g_m2_yr,plus,SSP1-2.6,Total inorg. due to permafrost thaw,Pan-Arctic,2020,0.968072251768675,0.968072251768675
g_m2_yr,plus,SSP1-2.6,Total inorg. due to permafrost thaw,Pan-Arctic,2080,0.8423961993940287,0.8423961993940287
g_m2_yr,plus,SSP1-2.6,Total inorg. due to permafrost thaw,Pan-Arctic,2081,0.44746710998446265,0.44746710998446265
g_m2_yr,plus,SSP1-2.6,Total inorg. due to permafrost thaw,Pan-Arctic,2082,1.1385215094164682,1.1385215094164682
g_m2_yr,plus,SSP1-2.6,Total inorg. due to permafrost thaw,Pan-Arctic,2083,0.7638929152516327,0.7638929152516327
g_m2_yr,plus,SSP1-2.6,Total inorg. due to permafrost thaw,Pan-Arctic,2084,0.8750479350028538,0.8750479350028538
g_m2_yr,plus,SSP1-2.6,Total inorg. due to permafrost thaw,Pan-Arctic,2085,1.0925926044426784,1.0925926044426784
g_m2_yr,plus,SSP1-2.6,Total inorg. due to permafrost thaw,Pan-Arctic,2086,1.0557307487984045,1.0557307487984045
g_m2_yr,plus,SSP1-2.6,Total inorg. due to permafrost thaw,Pan-Arctic,2087,0.9938793267383966,0.9938793267383966
g_m2_yr,plus,SSP1-2.6,Total inorg. due to permafrost thaw,Pan-Arctic,2088,0.648391309100437,0.648391309100437
g_m2_yr,plus,SSP1-2.6,Total inorg. due to permafrost thaw,Pan-Arctic,2089,1.1640589276024573,1.1640589276024573
g_m2_yr,plus,SSP1-2.6,Total inorg. due to permafrost thaw,Pan-Arctic,2090,0.5020118149355518,0.5020118149355518
g_m2_yr,plus,SSP1-2.6,Total inorg. due to permafrost thaw,Pan-Arctic,2091,0.8060749988268607,0.8060749988268607
g_m2_yr,plus,SSP1-2.6,Total inorg. due to permafrost thaw,Pan-Arctic,2092,1.4825712438512433,1.4825712438512433
g_m2_yr,plus,SSP1-2.6,Total inorg. due to permafrost thaw,Pan-Arctic,2093,0.20557330385075798,0.20557330385075798
g_m2_yr,plus,SSP1-2.6,Total inorg. due to permafrost thaw,Pan-Arctic,2094,0.9203418989687943,0.9203418989687943
g_m2_yr,plus,SSP1-2.6,Total inorg. due to permafrost thaw,Pan-Arctic,2095,0.8606816300538012,0.8606816300538012
g_m2_yr,plus,SSP1-2.6,Total inorg. due to permafrost thaw,Pan-Arctic,2096,0.9879254105145094,0.9879254105145094
g_m2_yr,plus,SSP1-2.6,Total inorg. due to permafrost thaw,Pan-Arctic,2097,0.6750082324100707,0.6750082324100707
g_m2_yr,plus,SSP1-2.6,Total inorg. due to permafrost thaw,Pan-Arctic,2098,1.1285452005346635,1.1285452005346635
g_m2_yr,plus,SSP1-2.6,Total inorg. due to permafrost thaw,Pan-Arctic,2099,0.8981468384118847,0.8981468384118847
g_m2_yr,minus,SSP1-2.6,Total inorg. due to permafrost thaw,Taiga,2000,0.36510350704770256,0.1281243795610994
g_m2_yr,minus,SSP1-2.6,Total inorg. due to permafrost thaw,Taiga,2001,0.04977719943008799,0.017468122519118556
g_m2_yr,minus,SSP1-2.6,Total inorg. due to permafrost thaw,Taiga,2002,0.6162555340359871,0.2162602013547316
g_m2_yr,minus,SSP1-2.6,Total inorg. due to permafrost thaw,Taiga,2003,0.07981457987549898,0.02800902573949259
g_m2_yr,minus,SSP1-2.6,Total inorg. due to permafrost thaw,Taiga,2004,0.41708064845385767,0.14636451931728378
g_m2_yr,minus,SSP1-2.6,Total inorg. due to permafrost thaw,Taiga,2005,0.3927838025330258,0.13783811995708406
g_m2_yr,minus,SSP1-2.6,Total inorg. due to permafrost thaw,Taiga,2006,0.4570396648267174,0.1603871843473832
g_m2_yr,minus,SSP1-2.6,Total inorg. due to permafrost thaw,Taiga,2007,0.03569882099203717,0.012527650932889866
g_m2_yr,minus,SSP1-2.6,Total inorg. due to permafrost thaw,Taiga,2008,0.7490233934649306,0.26285191928300145
g_m2_yr,minus,SSP1-2.6,Total inorg. due to permafrost thaw,Taiga,2009,-0.3164887305263619,-0.11106418167457385
g_m2_yr,minus,SSP1-2.6,Total inorg. due to permafrost thaw,Taiga,2010,0.7366527680545631,0.2585107429456319
g_m2_yr,minus,SSP1-2.6,Total inorg. due to permafrost thaw,Taiga,2011,0.09736127653376285,0.034166620994783146
g_m2_yr,minus,SSP1-2.6,Total inorg. due to permafrost thaw,Taiga,2012,-0.14128104929404947,-0.04957921913956343
g_m2_yr,minus,SSP1-2.6,Total inorg. due to permafrost thaw,Taiga,2013,0.5434792010361116,0.19072108071538169
g_m2_yr,minus,SSP1-2.6,Total inorg. due to permafrost thaw,Taiga,2014,0.8616761365245413,0.30238471623442253
g_m2_yr,minus,SSP1-2.6,Total inorg. due to permafrost thaw,Taiga,2015,0.19700874613740926,0.06913552699363075
g_m2_yr,minus,SSP1-2.6,Total inorg. due to permafrost thaw,Taiga,2016,0.395939040548404,0.13894537558537662
g_m2_yr,minus,SSP1-2.6,Total inorg. due to permafrost thaw,Taiga,2017,0.7266816761093579,0.25501162572444575
g_m2_yr,minus,SSP1-2.6,Total inorg. due to permafrost thaw,Taiga,2018,0.20620241300017664,0.07236182539927606
g_m2_yr,minus,SSP1-2.6,Total inorg. due to permafrost thaw,Taiga,2019,0.8790771597249984,0.3084911908594268
g_m2_yr,minus,SSP1-2.6,Total inorg. due to permafrost thaw,Taiga,2020,0.5068345867191747,0.17786152614254686
g_m2_yr,minus,SSP1-2.6,Total inorg. due to permafrost thaw,Taiga,2080,0.7249381767967119,0.25439978616830367
g_m2_yr,minus,SSP1-2.6,Total inorg. due to permafrost thaw,Taiga,2081,0.7643973513072206,0.26824704360232093
g_m2_yr,minus,SSP1-2.6,Total inorg. due to permafrost thaw,Taiga,2082,0.9705441692413215,0.34058935923735173
g_m2_yr,minus,SSP1-2.6,Total inorg. due to permafrost thaw,Taiga,2083,0.5776294791099722,0.20270530739518933
g_m2_yr,minus,SSP1-2.6,Total inorg. due to permafrost thaw,Taiga,2084,0.9147085956904576,0.32099519462225296
g_m2_yr,minus,SSP1-2.6,Total inorg. due to permafrost thaw,Taiga,2085,0.9181985721047368,0.3222199187186555
g_m2_yr,minus,SSP1-2.6,Total inorg. due to permafrost thaw,Taiga,2086,0.9158247971476178,0.32138689893733957
g_m2_yr,minus,SSP1-2.6,Total inorg. due to permafrost thaw,Taiga,2087,0.7274066896676549,0.2552660519639561
g_m2_yr,minus,SSP1-2.6,Total inorg. due to permafrost thaw,Taiga,2088,0.9063562213612982,0.31806412779290644
g_m2_yr,minus,SSP1-2.6,Total inorg. due to permafrost thaw,Taiga,2089,0.7384829171888232,0.2591529901927961
g_m2_yr,minus,SSP1-2.6,Total inorg. due to permafrost thaw,Taiga,2090,0.9008007972250636,0.31611458401446
g_m2_yr,minus,SSP1-2.6,Total inorg. due to permafrost thaw,Taiga,2091,0.7576316820588697,0.2658727931280649
g_m2_yr,minus,SSP1-2.6,Total inorg. due to permafrost thaw,Taiga,2092,0.9264361381704163,0.32511069632250045
g_m2_yr,minus,SSP1-2.6,Total inorg. due to permafrost thaw,Taiga,2093,0.7579110455687853,0.26597082909783515
g_m2_yr,minus,SSP1-2.6,Total inorg. due to permafrost thaw,Taiga,2094,0.8136422298717959,0.2855283607928007
g_m2_yr,minus,SSP1-2.6,Total inorg. due to permafrost thaw,Taiga,2095,0.818262912564875,0.2871498793259604
g_m2_yr,minus,SSP1-2.6,Total inorg. due to permafrost thaw,Taiga,2096,0.7336764136528843,0.2574662622608183
g_m2_yr,minus,SSP1-2.6,Total inorg. due to permafrost thaw,Taiga,2097,0.8903926025926698,0.3124620760163586
g_m2_yr,minus,SSP1-2.6,Total inorg. due to permafrost thaw,Taiga,2098,1.2351336093639562,0.43344072111074505
g_m2_yr,minus,SSP1-2.6,Total inorg. due to permafrost thaw,Taiga,2099,0.7829282324011596,0.2747500149434624
g_m2_yr,minus,SSP1-2.6,Total inorg. due to permafrost thaw,Tundra,2000,-0.24360213382012819,-0.13905291753209048
g_m2_yr,minus,SSP1-2.6,Total inorg. due to permafrost thaw,Tundra,2001,0.41797350534361394,0.2385875462489155
g_m2_yr,minus,SSP1-2.6,Total inorg. due to permafrost thaw,Tundra,2002,0.058790725628443063,0.03355890933410277
g_m2_yr,minus,SSP1-2.6,Total inorg. due to permafrost thaw,Tundra,2003,-0.40046498084792187,-0.22859333406928928
g_m2_yr,minus,SSP1-2.6,Total inorg. due to permafrost thaw,Tundra,2004,0.3907240145998567,0.22303299781470115
g_m2_yr,minus,SSP1-2.6,Total inorg. due to permafrost thaw,Tundra,2005,0.4482664063761241,0.2558793334883151
g_m2_yr,minus,SSP1-2.6,Total inorg. due to permafrost thaw,Tundra,2006,-0.07926999853974115,-0.045248883484142875
g_m2_yr,minus,SSP1-2.6,Total inorg. due to permafrost thaw,Tundra,2007,-0.018690386953271573,-0.010668842652975923
g_m2_yr,minus,SSP1-2.6,Total inorg. due to permafrost thaw,Tundra,2008,0.37085554333461845,0.21169168132864008
g_m2_yr,minus,SSP1-2.6,Total inorg. due to permafrost thaw,Tundra,2009,0.20820458644836354,0.1188472971693449
g_m2_yr,minus,SSP1-2.6,Total inorg. due to permafrost thaw,Tundra,2010,0.10871996066434074,0.06205950451777836
g_m2_yr,minus,SSP1-2.6,Total inorg. due to permafrost thaw,Tundra,2011,-0.039987164552475966,-0.02282546465279828
g_m2_yr,minus,SSP1-2.6,Total inorg. due to permafrost thaw,Tundra,2012,0.3957303925345024,0.2258907373885047
g_m2_yr,minus,SSP1-2.6,Total inorg. due to permafrost thaw,Tundra,2013,0.09566981277017747,0.05461022190907763
g_m2_yr,minus,SSP1-2.6,Total inorg. due to permafrost thaw,Tundra,2014,0.5203250142759092,0.29701181252137904
g_m2_yr,minus,SSP1-2.6,Total inorg. due to permafrost thaw,Tundra,2015,0.16691717956577196,0.09527962846986615
g_m2_yr,minus,SSP1-2.6,Total inorg. due to permafrost thaw,Tundra,2016,0.1736915583449951,0.09914657790477552
g_m2_yr,minus,SSP1-2.6,Total inorg. due to permafrost thaw,Tundra,2017,0.19323088186146414,0.11030001034381398
g_m2_yr,minus,SSP1-2.6,Total inorg. due to permafrost thaw,Tundra,2018,0.27373154516821785,0.15625138162506047
g_m2_yr,minus,SSP1-2.6,Total inorg. due to permafrost thaw,Tundra,2019,0.22455689768835302,0.12818151994750948
g_m2_yr,minus,SSP1-2.6,Total inorg. due to permafrost thaw,Tundra,2020,0.4887574210300896,0.27899240574746836
g_m2_yr,minus,SSP1-2.6,Total inorg. due to permafrost thaw,Tundra,2080,0.45182453520483223,0.2579103838195583
g_m2_yr,minus,SSP1-2.6,Total inorg. due to permafrost thaw,Tundra,2081,0.0014172489722111296,8.089937529070636e-4
g_m2_yr,minus,SSP1-2.6,Total inorg. due to permafrost thaw,Tundra,2082,0.6590795625120852,0.3762156538446
g_m2_yr,minus,SSP1-2.6,Total inorg. due to permafrost thaw,Tundra,2083,0.37373329145893147,0.21333435689281924
g_m2_yr,minus,SSP1-2.6,Total inorg. due to permafrost thaw,Tundra,2084,0.39389215818025364,0.2248414368505433
g_m2_yr,minus,SSP1-2.6,Total inorg. due to permafrost thaw,Tundra,2085,-0.1021171643009161,-0.058290497720479895
g_m2_yr,minus,SSP1-2.6,Total inorg. due to permafrost thaw,Tundra,2086,0.6912540729713572,0.3945815009715058
g_m2_yr,minus,SSP1-2.6,Total inorg. due to permafrost thaw,Tundra,2087,0.2654401859504328,0.15151850974311337
g_m2_yr,minus,SSP1-2.6,Total inorg. due to permafrost thaw,Tundra,2088,0.022848383114736085,0.013042309125834463
g_m2_yr,minus,SSP1-2.6,Total inorg. due to permafrost thaw,Tundra,2089,0.5643876321164292,0.3221636265418176
g_m2_yr,minus,SSP1-2.6,Total inorg. due to permafrost thaw,Tundra,2090,0.4896125458492802,0.27948052791248335
g_m2_yr,minus,SSP1-2.6,Total inorg. due to permafrost thaw,Tundra,2091,0.07511620033029212,0.04287781328534917
g_m2_yr,minus,SSP1-2.6,Total inorg. due to permafrost thaw,Tundra,2092,0.7350259063994956,0.41956732949633135
g_m2_yr,minus,SSP1-2.6,Total inorg. due to permafrost thaw,Tundra,2093,-0.13356627857655876,-0.07624227435416592
g_m2_yr,minus,SSP1-2.6,Total inorg. due to permafrost thaw,Tundra,2094,0.02893874745837917,0.01651880958802791
g_m2_yr,minus,SSP1-2.6,Total inorg. due to permafrost thaw,Tundra,2095,0.6878650012995199,0.3926469518101166
g_m2_yr,minus,SSP1-2.6,Total inorg. due to permafrost thaw,Tundra,2096,-0.03304492460626715,-0.01886269674272345
g_m2_yr,minus,SSP1-2.6,Total inorg. due to permafrost thaw,Tundra,2097,0.21517935862889692,0.12282863512240634
g_m2_yr,minus,SSP1-2.6,Total inorg. due to permafrost thaw,Tundra,2098,0.7423964788791381,0.4237745980908371
g_m2_yr,minus,SSP1-2.6,Total inorg. due to permafrost thaw,Tundra,2099,0.12444745029899373,0.07103706676183089
g_m2_yr,minus,SSP1-2.6,Total inorg. due to permafrost thaw,Wetlands,2000,1.9711396488308122,0.04602293739557602
g_m2_yr,minus,SSP1-2.6,Total inorg. due to permafrost thaw,Wetlands,2001,-0.7600542321554792,-0.017746042683724962
g_m2_yr,minus,SSP1-2.6,Total inorg. due to permafrost thaw,Wetlands,2002,2.094955959924767,0.048913848923538165
g_m2_yr,minus,SSP1-2.6,Total inorg. due to permafrost thaw,Wetlands,2003,-2.2084289444744183,-0.0515632604287633
g_m2_yr,minus,SSP1-2.6,Total inorg. due to permafrost thaw,Wetlands,2004,1.6150422509251225,0.037708636447765426
g_m2_yr,minus,SSP1-2.6,Total inorg. due to permafrost thaw,Wetlands,2005,1.3380481280710994,0.031241269621363872
g_m2_yr,minus,SSP1-2.6,Total inorg. due to permafrost thaw,Wetlands,2006,0.07891891207050356,0.0018426295426111155
g_m2_yr,minus,SSP1-2.6,Total inorg. due to permafrost thaw,Wetlands,2007,-0.8606077567486755,-0.02009380559844395
g_m2_yr,minus,SSP1-2.6,Total inorg. due to permafrost thaw,Wetlands,2008,1.6734765510377796,0.03907298328003289
g_m2_yr,minus,SSP1-2.6,Total inorg. due to permafrost thaw,Wetlands,2009,-0.15761196354533402,-0.003679985603933904
g_m2_yr,minus,SSP1-2.6,Total inorg. due to permafrost thaw,Wetlands,2010,2.1186564617641404,0.049467217485245206
g_m2_yr,minus,SSP1-2.6,Total inorg. due to permafrost thaw,Wetlands,2011,-1.0121515411508013,-0.023632108988751503
g_m2_yr,minus,SSP1-2.6,Total inorg. due to permafrost thaw,Wetlands,2012,1.0506167898249053,0.02453021061878244
g_m2_yr,minus,SSP1-2.6,Total inorg. due to permafrost thaw,Wetlands,2013,1.3584126353304227,0.03171674808035764
g_m2_yr,minus,SSP1-2.6,Total inorg. due to permafrost thaw,Wetlands,2014,0.9252010799877644,0.02160195570509322
g_m2_yr,minus,SSP1-2.6,Total inorg. due to permafrost thaw,Wetlands,2015,1.5154623421397495,0.03538360589470198
g_m2_yr,minus,SSP1-2.6,Total inorg. due to permafrost thaw,Wetlands,2016,1.6443203272588272,0.038392232394388603
g_m2_yr,minus,SSP1-2.6,Total inorg. due to permafrost thaw,Wetlands,2017,0.14105790102214152,0.003293474894964479
g_m2_yr,minus,SSP1-2.6,Total inorg. due to permafrost thaw,Wetlands,2018,2.4308764146327917,0.056757050731228983
g_m2_yr,minus,SSP1-2.6,Total inorg. due to permafrost thaw,Wetlands,2019,1.0392527992859184,0.02426487973497117
g_m2_yr,minus,SSP1-2.6,Total inorg. due to permafrost thaw,Wetlands,2020,2.3907882674543797,0.05582105703388184
g_m2_yr,minus,SSP1-2.6,Total inorg. due to permafrost thaw,Wetlands,2080,2.0348602147074413,0.04751071002289356
g_m2_yr,minus,SSP1-2.6,Total inorg. due to permafrost thaw,Wetlands,2081,2.8645560928191554,0.06688277302124707
g_m2_yr,minus,SSP1-2.6,Total inorg. due to permafrost thaw,Wetlands,2082,3.4911438020274868,0.08151258726644142
g_m2_yr,minus,SSP1-2.6,Total inorg. due to permafrost thaw,Wetlands,2083,1.8485793295002075,0.04316135125322434
g_m2_yr,minus,SSP1-2.6,Total inorg. due to permafrost thaw,Wetlands,2084,2.4836609162691787,0.057989483864877865
g_m2_yr,minus,SSP1-2.6,Total inorg. due to permafrost thaw,Wetlands,2085,2.5350106612746486,0.059188417741058236
g_m2_yr,minus,SSP1-2.6,Total inorg. due to permafrost thaw,Wetlands,2086,4.581053923379162,0.10696023391670587
g_m2_yr,minus,SSP1-2.6,Total inorg. due to permafrost thaw,Wetlands,2087,2.980069845191044,0.06957983316962006
g_m2_yr,minus,SSP1-2.6,Total inorg. due to permafrost thaw,Wetlands,2088,2.0003648993832104,0.04670529994525172
g_m2_yr,minus,SSP1-2.6,Total inorg. due to permafrost thaw,Wetlands,2089,2.362543442143474,0.05516158583517512
g_m2_yr,minus,SSP1-2.6,Total inorg. due to permafrost thaw,Wetlands,2090,3.355701353000369,0.078350224135054
g_m2_yr,minus,SSP1-2.6,Total inorg. due to permafrost thaw,Wetlands,2091,3.513952115566243,0.08204512466769329
g_m2_yr,minus,SSP1-2.6,Total inorg. due to permafrost thaw,Wetlands,2092,4.936888317326272,0.11526839414550262
g_m2_yr,minus,SSP1-2.6,Total inorg. due to permafrost thaw,Wetlands,2093,3.4836789589983783,0.08133829519961591
g_m2_yr,minus,SSP1-2.6,Total inorg. due to permafrost thaw,Wetlands,2094,4.088351858596861,0.0954564339218161
g_m2_yr,minus,SSP1-2.6,Total inorg. due to permafrost thaw,Wetlands,2095,1.1631542121038259,0.027157778251179453
g_m2_yr,minus,SSP1-2.6,Total inorg. due to permafrost thaw,Wetlands,2096,3.5254602359303244,0.082313820750881
g_m2_yr,minus,SSP1-2.6,Total inorg. due to permafrost thaw,Wetlands,2097,2.8453014423141,0.0664332079306694
g_m2_yr,minus,SSP1-2.6,Total inorg. due to permafrost thaw,Wetlands,2098,3.4162885055963894,0.07976483660685771
g_m2_yr,minus,SSP1-2.6,Total inorg. due to permafrost thaw,Wetlands,2099,2.8441173094926873,0.06640556033566503
g_m2_yr,minus,SSP1-2.6,Total inorg. due to permafrost thaw,Barren,2000,-0.571920584933309,-0.031401668022555784
g_m2_yr,minus,SSP1-2.6,Total inorg. due to permafrost thaw,Barren,2001,0.7866409981300715,0.04319103058529163
g_m2_yr,minus,SSP1-2.6,Total inorg. due to permafrost thaw,Barren,2002,-0.2803283068773307,-0.015391606215596456
g_m2_yr,minus,SSP1-2.6,Total inorg. due to permafrost thaw,Barren,2003,-0.2990288396328384,-0.01641837100935162
g_m2_yr,minus,SSP1-2.6,Total inorg. due to permafrost thaw,Barren,2004,0.3280936009201357,0.018014190445025488
g_m2_yr,minus,SSP1-2.6,Total inorg. due to permafrost thaw,Barren,2005,0.14254750172147818,0.007826662380100421
g_m2_yr,minus,SSP1-2.6,Total inorg. due to permafrost thaw,Barren,2006,0.05117283310477297,0.0028096773560215772
g_m2_yr,minus,SSP1-2.6,Total inorg. due to permafrost thaw,Barren,2007,-0.3967536199284856,-0.021784013004522953
g_m2_yr,minus,SSP1-2.6,Total inorg. due to permafrost thaw,Barren,2008,0.07523316169793609,0.004130725191857415
g_m2_yr,minus,SSP1-2.6,Total inorg. due to permafrost thaw,Barren,2009,0.8632956578418024,0.04739980404101616
g_m2_yr,minus,SSP1-2.6,Total inorg. due to permafrost thaw,Barren,2010,-0.13533376115050144,-0.0074305873085289565
g_m2_yr,minus,SSP1-2.6,Total inorg. due to permafrost thaw,Barren,2011,-0.18302832359311372,-0.010049287973899501
g_m2_yr,minus,SSP1-2.6,Total inorg. due to permafrost thaw,Barren,2012,0.2997987881950507,0.016460645530993214
g_m2_yr,minus,SSP1-2.6,Total inorg. due to permafrost thaw,Barren,2013,-0.684297778396444,-0.037571810198584264
g_m2_yr,minus,SSP1-2.6,Total inorg. due to permafrost thaw,Barren,2014,0.9144156840424572,0.05020658199996041
g_m2_yr,minus,SSP1-2.6,Total inorg. due to permafrost thaw,Barren,2015,-0.7112344259843665,-0.03905078418112619
g_m2_yr,minus,SSP1-2.6,Total inorg. due to permafrost thaw,Barren,2016,1.193937682526792,0.065553917333991
g_m2_yr,minus,SSP1-2.6,Total inorg. due to permafrost thaw,Barren,2017,-0.25732148713450004,-0.014128401961629284
g_m2_yr,minus,SSP1-2.6,Total inorg. due to permafrost thaw,Barren,2018,-0.16919561747659495,-0.009289794336552719
g_m2_yr,minus,SSP1-2.6,Total inorg. due to permafrost thaw,Barren,2019,0.729652304760608,0.04006202967612556
g_m2_yr,minus,SSP1-2.6,Total inorg. due to permafrost thaw,Barren,2020,0.6811851547117358,0.037400909590700485
g_m2_yr,minus,SSP1-2.6,Total inorg. due to permafrost thaw,Barren,2080,0.42142659721683606,0.02313869871150303
g_m2_yr,minus,SSP1-2.6,Total inorg. due to permafrost thaw,Barren,2081,-0.7806084458182533,-0.04285980941575372
g_m2_yr,minus,SSP1-2.6,Total inorg. due to permafrost thaw,Barren,2082,1.0733026194495991,0.05893037150887997
g_m2_yr,minus,SSP1-2.6,Total inorg. due to permafrost thaw,Barren,2083,-0.22970690674350172,-0.01261220564195769
g_m2_yr,minus,SSP1-2.6,Total inorg. due to permafrost thaw,Barren,2084,-0.3316701885070129,-0.01821056528974245
g_m2_yr,minus,SSP1-2.6,Total inorg. due to permafrost thaw,Barren,2085,0.30228817801025243,0.016597327081920098
g_m2_yr,minus,SSP1-2.6,Total inorg. due to permafrost thaw,Barren,2086,0.688570704357054,0.03780641795014069
g_m2_yr,minus,SSP1-2.6,Total inorg. due to permafrost thaw,Barren,2087,-0.32770061721878696,-0.017992613421828348
g_m2_yr,minus,SSP1-2.6,Total inorg. due to permafrost thaw,Barren,2088,-0.45626415264611975,-0.0250514771271205
g_m2_yr,minus,SSP1-2.6,Total inorg. due to permafrost thaw,Barren,2089,0.12167461270553748,0.006680622966906976
g_m2_yr,minus,SSP1-2.6,Total inorg. due to permafrost thaw,Barren,2090,0.24957567884594023,0.013703113369381672
g_m2_yr,minus,SSP1-2.6,Total inorg. due to permafrost thaw,Barren,2091,-0.14872479254290186,-0.008165830510717273
g_m2_yr,minus,SSP1-2.6,Total inorg. due to permafrost thaw,Barren,2092,1.2872483121336489,0.07067719754295894
g_m2_yr,minus,SSP1-2.6,Total inorg. due to permafrost thaw,Barren,2093,-0.566493370094856,-0.03110368329681967
g_m2_yr,minus,SSP1-2.6,Total inorg. due to permafrost thaw,Barren,2094,0.5265763096564187,0.028912011387562782
g_m2_yr,minus,SSP1-2.6,Total inorg. due to permafrost thaw,Barren,2095,-0.3685231310385128,-0.02023399983208093
g_m2_yr,minus,SSP1-2.6,Total inorg. due to permafrost thaw,Barren,2096,0.21401760579801302,0.011750774469911912
g_m2_yr,minus,SSP1-2.6,Total inorg. due to permafrost thaw,Barren,2097,0.13308841678956007,0.007307305230429215
g_m2_yr,minus,SSP1-2.6,Total inorg. due to permafrost thaw,Barren,2098,0.3196396759931932,0.017550022252732826
g_m2_yr,minus,SSP1-2.6,Total inorg. due to permafrost thaw,Barren,2099,-0.012309900534258653,-6.758830161927948e-4
g_m2_yr,minus,SSP1-2.6,Total inorg. due to permafrost thaw,Pan-Arctic,2000,0.0036927314020291516,0.0036927314020291516
g_m2_yr,minus,SSP1-2.6,Total inorg. due to permafrost thaw,Pan-Arctic,2001,0.2815006566696007,0.2815006566696007
g_m2_yr,minus,SSP1-2.6,Total inorg. due to permafrost thaw,Pan-Arctic,2002,0.2833413533967761,0.2833413533967761
g_m2_yr,minus,SSP1-2.6,Total inorg. due to permafrost thaw,Pan-Arctic,2003,-0.2685659397679116,-0.2685659397679116
g_m2_yr,minus,SSP1-2.6,Total inorg. due to permafrost thaw,Pan-Arctic,2004,0.4251203440247759,0.4251203440247759
g_m2_yr,minus,SSP1-2.6,Total inorg. due to permafrost thaw,Pan-Arctic,2005,0.43278538544686346,0.43278538544686346
g_m2_yr,minus,SSP1-2.6,Total inorg. due to permafrost thaw,Pan-Arctic,2006,0.119790607761873,0.119790607761873
g_m2_yr,minus,SSP1-2.6,Total inorg. due to permafrost thaw,Pan-Arctic,2007,-0.04001901032305296,-0.04001901032305296
g_m2_yr,minus,SSP1-2.6,Total inorg. due to permafrost thaw,Pan-Arctic,2008,0.5177473090835318,0.5177473090835318
g_m2_yr,minus,SSP1-2.6,Total inorg. due to permafrost thaw,Pan-Arctic,2009,0.05150293393185332,0.05150293393185332
g_m2_yr,minus,SSP1-2.6,Total inorg. due to permafrost thaw,Pan-Arctic,2010,0.36260687764012656,0.36260687764012656
g_m2_yr,minus,SSP1-2.6,Total inorg. due to permafrost thaw,Pan-Arctic,2011,-0.022340240620666137,-0.022340240620666137
g_m2_yr,minus,SSP1-2.6,Total inorg. due to permafrost thaw,Pan-Arctic,2012,0.21730237439871694,0.21730237439871694
g_m2_yr,minus,SSP1-2.6,Total inorg. due to permafrost thaw,Pan-Arctic,2013,0.2394762405062327,0.2394762405062327
g_m2_yr,minus,SSP1-2.6,Total inorg. due to permafrost thaw,Pan-Arctic,2014,0.6712050664608552,0.6712050664608552
g_m2_yr,minus,SSP1-2.6,Total inorg. due to permafrost thaw,Pan-Arctic,2015,0.1607479771770727,0.1607479771770727
g_m2_yr,minus,SSP1-2.6,Total inorg. due to permafrost thaw,Pan-Arctic,2016,0.34203810321853173,0.34203810321853173
g_m2_yr,minus,SSP1-2.6,Total inorg. due to permafrost thaw,Pan-Arctic,2017,0.3544767090015949,0.3544767090015949
g_m2_yr,minus,SSP1-2.6,Total inorg. due to permafrost thaw,Pan-Arctic,2018,0.27608046341901277,0.27608046341901277
g_m2_yr,minus,SSP1-2.6,Total inorg. due to permafrost thaw,Pan-Arctic,2019,0.500999620218033,0.500999620218033
g_m2_yr,minus,SSP1-2.6,Total inorg. due to permafrost thaw,Pan-Arctic,2020,0.5500758985145975,0.5500758985145975
g_m2_yr,minus,SSP1-2.6,Total inorg. due to permafrost thaw,Pan-Arctic,2080,0.5829595787222585,0.5829595787222585
g_m2_yr,minus,SSP1-2.6,Total inorg. due to permafrost thaw,Pan-Arctic,2081,0.29307900096072137,0.29307900096072137
g_m2_yr,minus,SSP1-2.6,Total inorg. due to permafrost thaw,Pan-Arctic,2082,0.8572479718572731,0.8572479718572731
g_m2_yr,minus,SSP1-2.6,Total inorg. due to permafrost thaw,Pan-Arctic,2083,0.44658880989927524,0.44658880989927524
g_m2_yr,minus,SSP1-2.6,Total inorg. due to permafrost thaw,Pan-Arctic,2084,0.5856155500479318,0.5856155500479318
g_m2_yr,minus,SSP1-2.6,Total inorg. due to permafrost thaw,Pan-Arctic,2085,0.3397151658211539,0.3397151658211539
g_m2_yr,minus,SSP1-2.6,Total inorg. due to permafrost thaw,Pan-Arctic,2086,0.860735051775692,0.860735051775692
g_m2_yr,minus,SSP1-2.6,Total inorg. due to permafrost thaw,Pan-Arctic,2087,0.4583717814548612,0.4583717814548612
g_m2_yr,minus,SSP1-2.6,Total inorg. due to permafrost thaw,Pan-Arctic,2088,0.35276025973687214,0.35276025973687214
g_m2_yr,minus,SSP1-2.6,Total inorg. due to permafrost thaw,Pan-Arctic,2089,0.6431588255366958,0.6431588255366958
g_m2_yr,minus,SSP1-2.6,Total inorg. due to permafrost thaw,Pan-Arctic,2090,0.687648449431379,0.687648449431379
g_m2_yr,minus,SSP1-2.6,Total inorg. due to permafrost thaw,Pan-Arctic,2091,0.38262990057039004,0.38262990057039004
g_m2_yr,minus,SSP1-2.6,Total inorg. due to permafrost thaw,Pan-Arctic,2092,0.9306236175072934,0.9306236175072934
g_m2_yr,minus,SSP1-2.6,Total inorg. due to permafrost thaw,Pan-Arctic,2093,0.23996316664646547,0.23996316664646547
g_m2_yr,minus,SSP1-2.6,Total inorg. due to permafrost thaw,Pan-Arctic,2094,0.4264156156902075,0.4264156156902075
g_m2_yr,minus,SSP1-2.6,Total inorg. due to permafrost thaw,Pan-Arctic,2095,0.6867206095551756,0.6867206095551756
g_m2_yr,minus,SSP1-2.6,Total inorg. due to permafrost thaw,Pan-Arctic,2096,0.3326681607388877,0.3326681607388877
g_m2_yr,minus,SSP1-2.6,Total inorg. due to permafrost thaw,Pan-Arctic,2097,0.5090312242998636,0.5090312242998636
g_m2_yr,minus,SSP1-2.6,Total inorg. due to permafrost thaw,Pan-Arctic,2098,0.9545301780611727,0.9545301780611727
g_m2_yr,minus,SSP1-2.6,Total inorg. due to permafrost thaw,Pan-Arctic,2099,0.41151675902476553,0.41151675902476553
g_m2_yr,mean,SSP3-7.0,Total inorg. due to permafrost thaw,Taiga,2000,0.7125973023371147,0.2500690502184824
g_m2_yr,mean,SSP3-7.0,Total inorg. due to permafrost thaw,Taiga,2001,0.5496422366884187,0.19288385128296656
g_m2_yr,mean,SSP3-7.0,Total inorg. due to permafrost thaw,Taiga,2002,0.4457289354457477,0.15641795327634092
g_m2_yr,mean,SSP3-7.0,Total inorg. due to permafrost thaw,Taiga,2003,0.1733302898819987,0.06082613675736351
g_m2_yr,mean,SSP3-7.0,Total inorg. due to permafrost thaw,Taiga,2004,0.7070974094025767,0.24813899379259857
g_m2_yr,mean,SSP3-7.0,Total inorg. due to permafrost thaw,Taiga,2005,0.10471245469317245,0.03674634187540016
g_m2_yr,mean,SSP3-7.0,Total inorg. due to permafrost thaw,Taiga,2006,1.0929053915889764,0.3835291157529819
g_m2_yr,mean,SSP3-7.0,Total inorg. due to permafrost thaw,Taiga,2007,0.4749940371625369,0.16668784367146708
g_m2_yr,mean,SSP3-7.0,Total inorg. due to permafrost thaw,Taiga,2008,0.6856770049272944,0.24062201304504097
g_m2_yr,mean,SSP3-7.0,Total inorg. due to permafrost thaw,Taiga,2009,-0.04618033787463671,-0.016205889628271103
g_m2_yr,mean,SSP3-7.0,Total inorg. due to permafrost thaw,Taiga,2010,0.730859187271842,0.25647762376464783
g_m2_yr,mean,SSP3-7.0,Total inorg. due to permafrost thaw,Taiga,2011,0.010689827406570067,0.003751340312113401
g_m2_yr,mean,SSP3-7.0,Total inorg. due to permafrost thaw,Taiga,2012,0.23692869747400183,0.08314448307972483
g_m2_yr,mean,SSP3-7.0,Total inorg. due to permafrost thaw,Taiga,2013,0.5409162321868313,0.1898216678439365
g_m2_yr,mean,SSP3-7.0,Total inorg. due to permafrost thaw,Taiga,2014,1.197880780647146,0.4203677281810617
g_m2_yr,mean,SSP3-7.0,Total inorg. due to permafrost thaw,Taiga,2015,-0.3158604550040618,-0.11084370334463657
g_m2_yr,mean,SSP3-7.0,Total inorg. due to permafrost thaw,Taiga,2016,0.12969474460483255,0.045513281477896926
g_m2_yr,mean,SSP3-7.0,Total inorg. due to permafrost thaw,Taiga,2017,0.5954776618385658,0.20896870200590006
g_m2_yr,mean,SSP3-7.0,Total inorg. due to permafrost thaw,Taiga,2018,0.9812586790766712,0.34434936125994564
g_m2_yr,mean,SSP3-7.0,Total inorg. due to permafrost thaw,Taiga,2019,0.17275283534392946,0.06062349284135972
g_m2_yr,mean,SSP3-7.0,Total inorg. due to permafrost thaw,Taiga,2020,1.1431963360593669,0.40117752485733105
g_m2_yr,mean,SSP3-7.0,Total inorg. due to permafrost thaw,Taiga,2080,1.5451375215010945,0.5422292102306124
g_m2_yr,mean,SSP3-7.0,Total inorg. due to permafrost thaw,Taiga,2081,1.4805569573399109,0.5195661994538457
g_m2_yr,mean,SSP3-7.0,Total inorg. due to permafrost thaw,Taiga,2082,1.7032818341164884,0.5977261899742679
g_m2_yr,mean,SSP3-7.0,Total inorg. due to permafrost thaw,Taiga,2083,1.6602307307908053,0.5826184306771125
g_m2_yr,mean,SSP3-7.0,Total inorg. due to permafrost thaw,Taiga,2084,1.5763733547868055,0.5531906819298771
g_m2_yr,mean,SSP3-7.0,Total inorg. due to permafrost thaw,Taiga,2085,1.8050256915505603,0.6334307733492782
g_m2_yr,mean,SSP3-7.0,Total inorg. due to permafrost thaw,Taiga,2086,1.5820358527156029,0.5551778007054805
g_m2_yr,mean,SSP3-7.0,Total inorg. due to permafrost thaw,Taiga,2087,1.7292227974701653,0.606829553187026
g_m2_yr,mean,SSP3-7.0,Total inorg. due to permafrost thaw,Taiga,2088,1.7436058610748044,0.611876946775309
g_m2_yr,mean,SSP3-7.0,Total inorg. due to permafrost thaw,Taiga,2089,1.6417486063669071,0.5761325693280086
g_m2_yr,mean,SSP3-7.0,Total inorg. due to permafrost thaw,Taiga,2090,1.8292939109669581,0.6419471269195888
g_m2_yr,mean,SSP3-7.0,Total inorg. due to permafrost thaw,Taiga,2091,1.5941819355262485,0.5594401791657576
g_m2_yr,mean,SSP3-7.0,Total inorg. due to permafrost thaw,Taiga,2092,1.7352990646304967,0.608961874419052
g_m2_yr,mean,SSP3-7.0,Total inorg. due to permafrost thaw,Taiga,2093,1.5022676093902765,0.5271850356746015
g_m2_yr,mean,SSP3-7.0,Total inorg. due to permafrost thaw,Taiga,2094,1.7613323979809854,0.6180976526820716
g_m2_yr,mean,SSP3-7.0,Total inorg. due to permafrost thaw,Taiga,2095,1.8150587112661167,0.6369516226464393
g_m2_yr,mean,SSP3-7.0,Total inorg. due to permafrost thaw,Taiga,2096,1.734135407033224,0.6085535165019295
g_m2_yr,mean,SSP3-7.0,Total inorg. due to permafrost thaw,Taiga,2097,1.802971077039107,0.6327097553244286
g_m2_yr,mean,SSP3-7.0,Total inorg. due to permafrost thaw,Taiga,2098,1.8801038818801388,0.6597776759915762
g_m2_yr,mean,SSP3-7.0,Total inorg. due to permafrost thaw,Taiga,2099,1.823220211408877,0.639815706726416
g_m2_yr,mean,SSP3-7.0,Total inorg. due to permafrost thaw,Tundra,2000,-0.23568236196078632,-0.1345321550660146
g_m2_yr,mean,SSP3-7.0,Total inorg. due to permafrost thaw,Tundra,2001,0.6999647579628456,0.39955373230123553
g_m2_yr,mean,SSP3-7.0,Total inorg. due to permafrost thaw,Tundra,2002,-0.04391345304464087,-0.025066667803799132
g_m2_yr,mean,SSP3-7.0,Total inorg. due to permafrost thaw,Tundra,2003,-0.058530111639907755,-0.033410145713328135
g_m2_yr,mean,SSP3-7.0,Total inorg. due to permafrost thaw,Tundra,2004,0.81535321302152175,0.46541974535215924
g_m2_yr,mean,SSP3-7.0,Total inorg. due to permafrost thaw,Tundra,2005,0.24029947367945279,0.1371676937822979
g_m2_yr,mean,SSP3-7.0,Total inorg. due to permafrost thaw,Tundra,2006,0.4649687155911154,0.2654133420351473
g_m2_yr,mean,SSP3-7.0,Total inorg. due to permafrost thaw,Tundra,2007,0.4720956054588072,0.26948151177361185
g_m2_yr,mean,SSP3-7.0,Total inorg. due to permafrost thaw,Tundra,2008,0.41797884101369454,0.23859059195496107
g_m2_yr,mean,SSP3-7.0,Total inorg. due to permafrost thaw,Tundra,2009,0.39238944444121787,0.22398365811785464
g_m2_yr,mean,SSP3-7.0,Total inorg. due to permafrost thaw,Tundra,2010,-0.3495438232414486,-0.1995265298576324
g_m2_yr,mean,SSP3-7.0,Total inorg. due to permafrost thaw,Tundra,2011,0.18161560983155287,0.10366978326673655
g_m2_yr,mean,SSP3-7.0,Total inorg. due to permafrost thaw,Tundra,2012,0.3946292265117067,0.2252621700366686
g_m2_yr,mean,SSP3-7.0,Total inorg. due to permafrost thaw,Tundra,2013,0.014435584346771925,0.00824011714602376
g_m2_yr,mean,SSP3-7.0,Total inorg. due to permafrost thaw,Tundra,2014,1.2843492894590751,0.7331319846377929
g_m2_yr,mean,SSP3-7.0,Total inorg. due to permafrost thaw,Tundra,2015,-0.8695244586002866,-0.4963417640797809
g_m2_yr,mean,SSP3-7.0,Total inorg. due to permafrost thaw,Tundra,2016,-0.011054959907756883,-0.006310389832253874
g_m2_yr,mean,SSP3-7.0,Total inorg. due to permafrost thaw,Tundra,2017,0.5253905363721869,0.2999033127527801
g_m2_yr,mean,SSP3-7.0,Total inorg. due to permafrost thaw,Tundra,2018,0.26236509681634684,0.14976318802626168
g_m2_yr,mean,SSP3-7.0,Total inorg. due to permafrost thaw,Tundra,2019,0.9155021600267439,0.5225867457000527
g_m2_yr,mean,SSP3-7.0,Total inorg. due to permafrost thaw,Tundra,2020,0.20484327295242072,0.1169285929239381
g_m2_yr,mean,SSP3-7.0,Total inorg. due to permafrost thaw,Tundra,2080,1.4658764505312847,0.8367512796027815
g_m2_yr,mean,SSP3-7.0,Total inorg. due to permafrost thaw,Tundra,2081,0.8592101806052411,0.4904541701373275
g_m2_yr,mean,SSP3-7.0,Total inorg. due to permafrost thaw,Tundra,2082,1.5747989967779292,0.8989264239789942
g_m2_yr,mean,SSP3-7.0,Total inorg. due to permafrost thaw,Tundra,2083,1.3397461496136218,0.7647536084134482
g_m2_yr,mean,SSP3-7.0,Total inorg. due to permafrost thaw,Tundra,2084,1.379395260000012,0.7873861050600105
g_m2_yr,mean,SSP3-7.0,Total inorg. due to permafrost thaw,Tundra,2085,1.7515940299302426,0.9998445267044989
g_m2_yr,mean,SSP3-7.0,Total inorg. due to permafrost thaw,Tundra,2086,1.47827605744112,0.8438292205469966
g_m2_yr,mean,SSP3-7.0,Total inorg. due to permafrost thaw,Tundra,2087,1.4598562151265004,0.8333148101263549
g_m2_yr,mean,SSP3-7.0,Total inorg. due to permafrost thaw,Tundra,2088,1.6137873957514042,0.9211817734792165
g_m2_yr,mean,SSP3-7.0,Total inorg. due to permafrost thaw,Tundra,2089,1.5534590030495188,0.8867451333576113
g_m2_yr,mean,SSP3-7.0,Total inorg. due to permafrost thaw,Tundra,2090,1.5253174753371954,0.87068139257323
g_m2_yr,mean,SSP3-7.0,Total inorg. due to permafrost thaw,Tundra,2091,1.7614903026844828,1.005493514985474
g_m2_yr,mean,SSP3-7.0,Total inorg. due to permafrost thaw,Tundra,2092,1.4070671154624153,0.8031817476319046
g_m2_yr,mean,SSP3-7.0,Total inorg. due to permafrost thaw,Tundra,2093,1.1973986189728338,0.6834988216482976
g_m2_yr,mean,SSP3-7.0,Total inorg. due to permafrost thaw,Tundra,2094,1.526462400712132,0.871334938629025
g_m2_yr,mean,SSP3-7.0,Total inorg. due to permafrost thaw,Tundra,2095,1.6203853587997012,0.9249480213246153
g_m2_yr,mean,SSP3-7.0,Total inorg. due to permafrost thaw,Tundra,2096,1.6282075867530914,0.9294131037993162
g_m2_yr,mean,SSP3-7.0,Total inorg. due to permafrost thaw,Tundra,2097,1.8139957236524837,1.035464648067757
g_m2_yr,mean,SSP3-7.0,Total inorg. due to permafrost thaw,Tundra,2098,1.3395287975329395,0.7646295395455914
g_m2_yr,mean,SSP3-7.0,Total inorg. due to permafrost thaw,Tundra,2099,1.8343485679891882,1.0470824542860921
g_m2_yr,mean,SSP3-7.0,Total inorg. due to permafrost thaw,Wetlands,2000,0.6118430560069099,0.014285550330858814
g_m2_yr,mean,SSP3-7.0,Total inorg. due to permafrost thaw,Wetlands,2001,0.4913405930272925,0.011472011821289891
g_m2_yr,mean,SSP3-7.0,Total inorg. due to permafrost thaw,Wetlands,2002,0.9199430510702692,0.021479189194948924
g_m2_yr,mean,SSP3-7.0,Total inorg. due to permafrost thaw,Wetlands,2003,-1.827602550936193,-0.04267157724498239
g_m2_yr,mean,SSP3-7.0,Total inorg. due to permafrost thaw,Wetlands,2004,2.1570008274412737,0.050362496691910515
g_m2_yr,mean,SSP3-7.0,Total inorg. due to permafrost thaw,Wetlands,2005,1.452536914817185,0.0339143984725013
g_m2_yr,mean,SSP3-7.0,Total inorg. due to permafrost thaw,Wetlands,2006,2.084089345314027,0.04866013096690908
g_m2_yr,mean,SSP3-7.0,Total inorg. due to permafrost thaw,Wetlands,2007,0.2702238050700346,0.006309290805909813
g_m2_yr,mean,SSP3-7.0,Total inorg. due to permafrost thaw,Wetlands,2008,1.3654537227903905,0.0318811461368622
g_m2_yr,mean,SSP3-7.0,Total inorg. due to permafrost thaw,Wetlands,2009,0.0986549413914049,0.0023034340535506947
g_m2_yr,mean,SSP3-7.0,Total inorg. due to permafrost thaw,Wetlands,2010,2.26802906546485,0.052954827301632194
g_m2_yr,mean,SSP3-7.0,Total inorg. due to permafrost thaw,Wetlands,2011,-0.5486389519798904,-0.012809836256260202
g_m2_yr,mean,SSP3-7.0,Total inorg. due to permafrost thaw,Wetlands,2012,2.7808465325379657,0.06492828955554358
g_m2_yr,mean,SSP3-7.0,Total inorg. due to permafrost thaw,Wetlands,2013,-0.37096794476394906,-0.008661504276352849
g_m2_yr,mean,SSP3-7.0,Total inorg. due to permafrost thaw,Wetlands,2014,2.5160159470085457,0.058744921743179926
g_m2_yr,mean,SSP3-7.0,Total inorg. due to permafrost thaw,Wetlands,2015,4.444880542925325,0.10378080471325585
g_m2_yr,mean,SSP3-7.0,Total inorg. due to permafrost thaw,Wetlands,2016,-4.351510671098934,-0.10160076852543534
g_m2_yr,mean,SSP3-7.0,Total inorg. due to permafrost thaw,Wetlands,2017,6.213877043921355,0.1450840250440044
g_m2_yr,mean,SSP3-7.0,Total inorg. due to permafrost thaw,Wetlands,2018,-0.16047292410652794,-0.0037467844270802696
g_m2_yr,mean,SSP3-7.0,Total inorg. due to permafrost thaw,Wetlands,2019,-1.0015606279205513,-0.023384828215495847
g_m2_yr,mean,SSP3-7.0,Total inorg. due to permafrost thaw,Wetlands,2020,10.081766470042222,0.23539301609745883
g_m2_yr,mean,SSP3-7.0,Total inorg. due to permafrost thaw,Wetlands,2080,6.597326737640344,0.15403695806366613
g_m2_yr,mean,SSP3-7.0,Total inorg. due to permafrost thaw,Wetlands,2081,5.751444795177161,0.1342869765212002
g_m2_yr,mean,SSP3-7.0,Total inorg. due to permafrost thaw,Wetlands,2082,6.791316333650834,0.15856630282007622
g_m2_yr,mean,SSP3-7.0,Total inorg. due to permafrost thaw,Wetlands,2083,6.282131236000519,0.1466776505443124
g_m2_yr,mean,SSP3-7.0,Total inorg. due to permafrost thaw,Wetlands,2084,6.794001873212937,0.15862900584531003
g_m2_yr,mean,SSP3-7.0,Total inorg. due to permafrost thaw,Wetlands,2085,6.8640701479561175,0.16026498725526958
g_m2_yr,mean,SSP3-7.0,Total inorg. due to permafrost thaw,Wetlands,2086,6.391768249955555,0.14923749831181252
g_m2_yr,mean,SSP3-7.0,Total inorg. due to permafrost thaw,Wetlands,2087,7.324906187818794,0.17102476687048118
g_m2_yr,mean,SSP3-7.0,Total inorg. due to permafrost thaw,Wetlands,2088,6.183130062810676,0.1443661325356785
g_m2_yr,mean,SSP3-7.0,Total inorg. due to permafrost thaw,Wetlands,2089,6.964916666833799,0.16261959111482988
g_m2_yr,mean,SSP3-7.0,Total inorg. due to permafrost thaw,Wetlands,2090,6.585688663707389,0.15376522777386187
g_m2_yr,mean,SSP3-7.0,Total inorg. due to permafrost thaw,Wetlands,2091,6.568145943860506,0.15335563350805723
g_m2_yr,mean,SSP3-7.0,Total inorg. due to permafrost thaw,Wetlands,2092,6.983161857563774,0.16304558694482293
g_m2_yr,mean,SSP3-7.0,Total inorg. due to permafrost thaw,Wetlands,2093,6.213270108985514,0.14506985409037762
g_m2_yr,mean,SSP3-7.0,Total inorg. due to permafrost thaw,Wetlands,2094,6.6264683774572495,0.15471736843727582
g_m2_yr,mean,SSP3-7.0,Total inorg. due to permafrost thaw,Wetlands,2095,6.791821838842639,0.1585781055524749
g_m2_yr,mean,SSP3-7.0,Total inorg. due to permafrost thaw,Wetlands,2096,6.971894561543664,0.16278251372235567
g_m2_yr,mean,SSP3-7.0,Total inorg. due to permafrost thaw,Wetlands,2097,7.13943612303464,0.16669433945232356
g_m2_yr,mean,SSP3-7.0,Total inorg. due to permafrost thaw,Wetlands,2098,6.8520496214660955,0.15998432731398116
g_m2_yr,mean,SSP3-7.0,Total inorg. due to permafrost thaw,Wetlands,2099,6.86067006748444,0.16018560085016087
g_m2_yr,mean,SSP3-7.0,Total inorg. due to permafrost thaw,Barren,2000,0.13519261687342612,0.007422837691101706
g_m2_yr,mean,SSP3-7.0,Total inorg. due to permafrost thaw,Barren,2001,0.9934001093127011,0.05454327273400311
g_m2_yr,mean,SSP3-7.0,Total inorg. due to permafrost thaw,Barren,2002,0.6763275146537774,0.037134197735083564
g_m2_yr,mean,SSP3-7.0,Total inorg. due to permafrost thaw,Barren,2003,-1.0645448139740807,-0.05844951855937402
g_m2_yr,mean,SSP3-7.0,Total inorg. due to permafrost thaw,Barren,2004,0.1965134116134605,0.010789695415816028
g_m2_yr,mean,SSP3-7.0,Total inorg. due to permafrost thaw,Barren,2005,0.5327769609507702,0.029252462139989468
g_m2_yr,mean,SSP3-7.0,Total inorg. due to permafrost thaw,Barren,2006,-0.7350100984007507,-0.04035620278626241
g_m2_yr,mean,SSP3-7.0,Total inorg. due to permafrost thaw,Barren,2007,0.4990126215877361,0.027398609343621694
g_m2_yr,mean,SSP3-7.0,Total inorg. due to permafrost thaw,Barren,2008,0.24224859107797322,0.013300814896965859
g_m2_yr,mean,SSP3-7.0,Total inorg. due to permafrost thaw,Barren,2009,0.9427652194883271,0.05176313150021786
g_m2_yr,mean,SSP3-7.0,Total inorg. due to permafrost thaw,Barren,2010,-0.8669496443549549,-0.04760042852362382
g_m2_yr,mean,SSP3-7.0,Total inorg. due to permafrost thaw,Barren,2011,0.20851866124274396,0.011448851377881337
g_m2_yr,mean,SSP3-7.0,Total inorg. due to permafrost thaw,Barren,2012,-0.1303298431212496,-0.007155843966697728
g_m2_yr,mean,SSP3-7.0,Total inorg. due to permafrost thaw,Barren,2013,-0.5469638205319429,-0.030031400801381673
g_m2_yr,mean,SSP3-7.0,Total inorg. due to permafrost thaw,Barren,2014,1.3367205665917399,0.07339350353324173
g_m2_yr,mean,SSP3-7.0,Total inorg. due to permafrost thaw,Barren,2015,-1.0010158942196272,-0.054961422308749355
g_m2_yr,mean,SSP3-7.0,Total inorg. due to permafrost thaw,Barren,2016,-0.7540688859687806,-0.04140263779120891
g_m2_yr,mean,SSP3-7.0,Total inorg. due to permafrost thaw,Barren,2017,1.504494321906988,0.08260522961217148
g_m2_yr,mean,SSP3-7.0,Total inorg. due to permafrost thaw,Barren,2018,-0.568782155380772,-0.031229350526880337
g_m2_yr,mean,SSP3-7.0,Total inorg. due to permafrost thaw,Barren,2019,-0.44076882989175686,-0.02420069645257703
g_m2_yr,mean,SSP3-7.0,Total inorg. due to permafrost thaw,Barren,2020,1.567559509365358,0.08606786434244425
g_m2_yr,mean,SSP3-7.0,Total inorg. due to permafrost thaw,Barren,2080,0.5302651583792458,0.029114550002243264
g_m2_yr,mean,SSP3-7.0,Total inorg. due to permafrost thaw,Barren,2081,0.2443336488827669,0.01341529633847859
g_m2_yr,mean,SSP3-7.0,Total inorg. due to permafrost thaw,Barren,2082,0.2716366392485255,0.014914384607155903
g_m2_yr,mean,SSP3-7.0,Total inorg. due to permafrost thaw,Barren,2083,0.46883376941126326,0.025741620030222713
g_m2_yr,mean,SSP3-7.0,Total inorg. due to permafrost thaw,Barren,2084,0.566718506207218,0.0311160445400526
g_m2_yr,mean,SSP3-7.0,Total inorg. due to permafrost thaw,Barren,2085,0.39889362715508736,0.021901511479426518
g_m2_yr,mean,SSP3-7.0,Total inorg. due to permafrost thaw,Barren,2086,0.36660356113087644,0.020128604610132918
g_m2_yr,mean,SSP3-7.0,Total inorg. due to permafrost thaw,Barren,2087,0.14502943773827884,0.00796293467542598
g_m2_yr,mean,SSP3-7.0,Total inorg. due to permafrost thaw,Barren,2088,0.4904578927339389,0.026928906446809116
g_m2_yr,mean,SSP3-7.0,Total inorg. due to permafrost thaw,Barren,2089,0.34423266237468886,0.018900316007459304
g_m2_yr,mean,SSP3-7.0,Total inorg. due to permafrost thaw,Barren,2090,0.1639112123460354,0.008999650669795432
g_m2_yr,mean,SSP3-7.0,Total inorg. due to permafrost thaw,Barren,2091,0.8110691346092759,0.04453227314997237
g_m2_yr,mean,SSP3-7.0,Total inorg. due to permafrost thaw,Barren,2092,0.376426325003327,0.020667929786236893
g_m2_yr,mean,SSP3-7.0,Total inorg. due to permafrost thaw,Barren,2093,0.2887591699768133,0.015854508183401023
g_m2_yr,mean,SSP3-7.0,Total inorg. due to permafrost thaw,Barren,2094,0.18504340795236557,0.010159927478323092
g_m2_yr,mean,SSP3-7.0,Total inorg. due to permafrost thaw,Barren,2095,0.6584551713394537,0.03615290521593604
g_m2_yr,mean,SSP3-7.0,Total inorg. due to permafrost thaw,Barren,2096,0.2983830002943289,0.01638291078456159
g_m2_yr,mean,SSP3-7.0,Total inorg. due to permafrost thaw,Barren,2097,0.6570977313898883,0.036078374101337705
g_m2_yr,mean,SSP3-7.0,Total inorg. due to permafrost thaw,Barren,2098,0.32556262779280465,0.017875225735567223
g_m2_yr,mean,SSP3-7.0,Total inorg. due to permafrost thaw,Barren,2099,0.3615125843198594,0.019849081249824548
g_m2_yr,mean,SSP3-7.0,Total inorg. due to permafrost thaw,Pan-Arctic,2000,0.13724528317442836,0.13724528317442836
g_m2_yr,mean,SSP3-7.0,Total inorg. due to permafrost thaw,Pan-Arctic,2001,0.658452868139495,0.658452868139495
g_m2_yr,mean,SSP3-7.0,Total inorg. due to permafrost thaw,Pan-Arctic,2002,0.18996467240257425,0.18996467240257425
g_m2_yr,mean,SSP3-7.0,Total inorg. due to permafrost thaw,Pan-Arctic,2003,-0.07370510476032104,-0.07370510476032104
g_m2_yr,mean,SSP3-7.0,Total inorg. due to permafrost thaw,Pan-Arctic,2004,0.7747109312524844,0.7747109312524844
g_m2_yr,mean,SSP3-7.0,Total inorg. due to permafrost thaw,Pan-Arctic,2005,0.23708089627018883,0.23708089627018883
g_m2_yr,mean,SSP3-7.0,Total inorg. due to permafrost thaw,Pan-Arctic,2006,0.6572463859687758,0.6572463859687758
g_m2_yr,mean,SSP3-7.0,Total inorg. due to permafrost thaw,Pan-Arctic,2007,0.46987725559461047,0.46987725559461047
g_m2_yr,mean,SSP3-7.0,Total inorg. due to permafrost thaw,Pan-Arctic,2008,0.5243945660338301,0.5243945660338301
g_m2_yr,mean,SSP3-7.0,Total inorg. due to permafrost thaw,Pan-Arctic,2009,0.2618443340433521,0.2618443340433521
g_m2_yr,mean,SSP3-7.0,Total inorg. due to permafrost thaw,Pan-Arctic,2010,0.06230549268502381,0.06230549268502381
g_m2_yr,mean,SSP3-7.0,Total inorg. due to permafrost thaw,Pan-Arctic,2011,0.10606013870047108,0.10606013870047108
g_m2_yr,mean,SSP3-7.0,Total inorg. due to permafrost thaw,Pan-Arctic,2012,0.3661790987052393,0.3661790987052393
g_m2_yr,mean,SSP3-7.0,Total inorg. due to permafrost thaw,Pan-Arctic,2013,0.15936887991222573,0.15936887991222573
g_m2_yr,mean,SSP3-7.0,Total inorg. due to permafrost thaw,Pan-Arctic,2014,1.2856381380952762,1.2856381380952762
g_m2_yr,mean,SSP3-7.0,Total inorg. due to permafrost thaw,Pan-Arctic,2015,-0.5583660850199109,-0.5583660850199109
g_m2_yr,mean,SSP3-7.0,Total inorg. due to permafrost thaw,Pan-Arctic,2016,-0.10380051467100121,-0.10380051467100121
g_m2_yr,mean,SSP3-7.0,Total inorg. due to permafrost thaw,Pan-Arctic,2017,0.736561269414856,0.736561269414856
g_m2_yr,mean,SSP3-7.0,Total inorg. due to permafrost thaw,Pan-Arctic,2018,0.4591364143322467,0.4591364143322467
g_m2_yr,mean,SSP3-7.0,Total inorg. due to permafrost thaw,Pan-Arctic,2019,0.5356247138733395,0.5356247138733395
g_m2_yr,mean,SSP3-7.0,Total inorg. due to permafrost thaw,Pan-Arctic,2020,0.8395669982211722,0.8395669982211722
g_m2_yr,mean,SSP3-7.0,Total inorg. due to permafrost thaw,Pan-Arctic,2080,1.5621319978993033,1.5621319978993033
g_m2_yr,mean,SSP3-7.0,Total inorg. due to permafrost thaw,Pan-Arctic,2081,1.157722642450852,1.157722642450852
g_m2_yr,mean,SSP3-7.0,Total inorg. due to permafrost thaw,Pan-Arctic,2082,1.6701333013804942,1.6701333013804942
g_m2_yr,mean,SSP3-7.0,Total inorg. due to permafrost thaw,Pan-Arctic,2083,1.5197913096650957,1.5197913096650957
g_m2_yr,mean,SSP3-7.0,Total inorg. due to permafrost thaw,Pan-Arctic,2084,1.5303218373752503,1.5303218373752503
g_m2_yr,mean,SSP3-7.0,Total inorg. due to permafrost thaw,Pan-Arctic,2085,1.8154417987884732,1.8154417987884732
g_m2_yr,mean,SSP3-7.0,Total inorg. due to permafrost thaw,Pan-Arctic,2086,1.5683731241744225,1.5683731241744225
g_m2_yr,mean,SSP3-7.0,Total inorg. due to permafrost thaw,Pan-Arctic,2087,1.619132064859288,1.619132064859288
g_m2_yr,mean,SSP3-7.0,Total inorg. due to permafrost thaw,Pan-Arctic,2088,1.7043537592370133,1.7043537592370133
g_m2_yr,mean,SSP3-7.0,Total inorg. due to permafrost thaw,Pan-Arctic,2089,1.6443976098079092,1.6443976098079092
g_m2_yr,mean,SSP3-7.0,Total inorg. due to permafrost thaw,Pan-Arctic,2090,1.6753933979364761,1.6753933979364761
g_m2_yr,mean,SSP3-7.0,Total inorg. due to permafrost thaw,Pan-Arctic,2091,1.7628216008092612,1.7628216008092612
g_m2_yr,mean,SSP3-7.0,Total inorg. due to permafrost thaw,Pan-Arctic,2092,1.5958571387820164,1.5958571387820164
g_m2_yr,mean,SSP3-7.0,Total inorg. due to permafrost thaw,Pan-Arctic,2093,1.3716082195966777,1.3716082195966777
g_m2_yr,mean,SSP3-7.0,Total inorg. due to permafrost thaw,Pan-Arctic,2094,1.6543098872266955,1.6543098872266955
g_m2_yr,mean,SSP3-7.0,Total inorg. due to permafrost thaw,Pan-Arctic,2095,1.7566306547394657,1.7566306547394657
g_m2_yr,mean,SSP3-7.0,Total inorg. due to permafrost thaw,Pan-Arctic,2096,1.7171320448081628,1.7171320448081628
g_m2_yr,mean,SSP3-7.0,Total inorg. due to permafrost thaw,Pan-Arctic,2097,1.8709471169458467,1.8709471169458467
g_m2_yr,mean,SSP3-7.0,Total inorg. due to permafrost thaw,Pan-Arctic,2098,1.6022667685867162,1.6022667685867162
g_m2_yr,mean,SSP3-7.0,Total inorg. due to permafrost thaw,Pan-Arctic,2099,1.8669328431124936,1.8669328431124936
g_m2_yr,plus,SSP3-7.0,Total inorg. due to permafrost thaw,Taiga,2000,0.8601727509274103,0.30185713886757914
g_m2_yr,plus,SSP3-7.0,Total inorg. due to permafrost thaw,Taiga,2001,1.0732231208641791,0.3766220916453259
g_m2_yr,plus,SSP3-7.0,Total inorg. due to permafrost thaw,Taiga,2002,0.302788157487121,0.10625629189427954
g_m2_yr,plus,SSP3-7.0,Total inorg. due to permafrost thaw,Taiga,2003,0.2692829481091032,0.09449843670867493
g_m2_yr,plus,SSP3-7.0,Total inorg. due to permafrost thaw,Taiga,2004,0.8698478127567015,0.3052523713705944
g_m2_yr,plus,SSP3-7.0,Total inorg. due to permafrost thaw,Taiga,2005,0.18919905037634113,0.06639490028193755
g_m2_yr,plus,SSP3-7.0,Total inorg. due to permafrost thaw,Taiga,2006,1.415785212149583,0.49683609824855623
g_m2_yr,plus,SSP3-7.0,Total inorg. due to permafrost thaw,Taiga,2007,0.8300957909574311,0.29130234615578493
g_m2_yr,plus,SSP3-7.0,Total inorg. due to permafrost thaw,Taiga,2008,0.7624054157003196,0.2675480212461032
g_m2_yr,plus,SSP3-7.0,Total inorg. due to permafrost thaw,Taiga,2009,0.0854010992426009,0.029969481648568483
g_m2_yr,plus,SSP3-7.0,Total inorg. due to permafrost thaw,Taiga,2010,0.9226732109659415,0.3237901866475717
g_m2_yr,plus,SSP3-7.0,Total inorg. due to permafrost thaw,Taiga,2011,0.02230581018445508,0.007827692792108836
g_m2_yr,plus,SSP3-7.0,Total inorg. due to permafrost thaw,Taiga,2012,0.4893137114069067,0.17171299227360642
g_m2_yr,plus,SSP3-7.0,Total inorg. due to permafrost thaw,Taiga,2013,0.4986759917874628,0.17499846157718965
g_m2_yr,plus,SSP3-7.0,Total inorg. due to permafrost thaw,Taiga,2014,1.5154953500444794,0.53182699619155
g_m2_yr,plus,SSP3-7.0,Total inorg. due to permafrost thaw,Taiga,2015,-0.2641660604234335,-0.0927027868522505
g_m2_yr,plus,SSP3-7.0,Total inorg. due to permafrost thaw,Taiga,2016,0.17701740346312184,0.06212004144694783
g_m2_yr,plus,SSP3-7.0,Total inorg. due to permafrost thaw,Taiga,2017,0.7055185124761,0.24758491752329193
g_m2_yr,plus,SSP3-7.0,Total inorg. due to permafrost thaw,Taiga,2018,1.1132144360887923,0.39065609118813627
g_m2_yr,plus,SSP3-7.0,Total inorg. due to permafrost thaw,Taiga,2019,0.533828566428125,0.18733442036386225
g_m2_yr,plus,SSP3-7.0,Total inorg. due to permafrost thaw,Taiga,2020,1.436335177322071,0.504047619055403
g_m2_yr,plus,SSP3-7.0,Total inorg. due to permafrost thaw,Taiga,2080,1.591079530494301,0.5583514640145948
g_m2_yr,plus,SSP3-7.0,Total inorg. due to permafrost thaw,Taiga,2081,1.4897597043582709,0.5227956843238201
g_m2_yr,plus,SSP3-7.0,Total inorg. due to permafrost thaw,Taiga,2082,1.7054507671355086,0.5984873253564464
g_m2_yr,plus,SSP3-7.0,Total inorg. due to permafrost thaw,Taiga,2083,1.7233811698937,0.6047795731281825
g_m2_yr,plus,SSP3-7.0,Total inorg. due to permafrost thaw,Taiga,2084,1.7321402549314595,0.6078533653934516
g_m2_yr,plus,SSP3-7.0,Total inorg. due to permafrost thaw,Taiga,2085,1.6983821325276323,0.5960067564054615
g_m2_yr,plus,SSP3-7.0,Total inorg. due to permafrost thaw,Taiga,2086,1.745074130191013,0.6123922008495964
g_m2_yr,plus,SSP3-7.0,Total inorg. due to permafrost thaw,Taiga,2087,1.7613523879891337,0.6181046676992982
g_m2_yr,plus,SSP3-7.0,Total inorg. due to permafrost thaw,Taiga,2088,1.7809674532221555,0.6249881076403532
g_m2_yr,plus,SSP3-7.0,Total inorg. due to permafrost thaw,Taiga,2089,1.7004421973461137,0.5967296870857441
g_m2_yr,plus,SSP3-7.0,Total inorg. due to permafrost thaw,Taiga,2090,1.6855634773746901,0.5915083547013557
g_m2_yr,plus,SSP3-7.0,Total inorg. due to permafrost thaw,Taiga,2091,1.8503622547005847,0.6493405603354399
g_m2_yr,plus,SSP3-7.0,Total inorg. due to permafrost thaw,Taiga,2092,1.771074336177341,0.6215163538532097
g_m2_yr,plus,SSP3-7.0,Total inorg. due to permafrost thaw,Taiga,2093,1.7432978057182371,0.6117688420853546
g_m2_yr,plus,SSP3-7.0,Total inorg. due to permafrost thaw,Taiga,2094,1.8316460996431918,0.642772571509782
g_m2_yr,plus,SSP3-7.0,Total inorg. due to permafrost thaw,Taiga,2095,1.7962183419154236,0.6303400437731526
g_m2_yr,plus,SSP3-7.0,Total inorg. due to permafrost thaw,Taiga,2096,1.8256099158225114,0.6406543165710794
g_m2_yr,plus,SSP3-7.0,Total inorg. due to permafrost thaw,Taiga,2097,1.8238232356866297,0.6400273237335276
g_m2_yr,plus,SSP3-7.0,Total inorg. due to permafrost thaw,Taiga,2098,1.9170791546004067,0.6727532672552553
g_m2_yr,plus,SSP3-7.0,Total inorg. due to permafrost thaw,Taiga,2099,1.7591704672885085,0.617338974599608
g_m2_yr,plus,SSP3-7.0,Total inorg. due to permafrost thaw,Tundra,2000,-0.34312942578616235,-0.1958650648844784
g_m2_yr,plus,SSP3-7.0,Total inorg. due to permafrost thaw,Tundra,2001,1.0257874108061513,0.5855397487840007
g_m2_yr,plus,SSP3-7.0,Total inorg. due to permafrost thaw,Tundra,2002,-0.07158812024964771,-0.04086391537400041
g_m2_yr,plus,SSP3-7.0,Total inorg. due to permafrost thaw,Tundra,2003,0.2080952701159479,0.11878489724403256
g_m2_yr,plus,SSP3-7.0,Total inorg. due to permafrost thaw,Tundra,2004,1.0572873492463013,0.6035205368563185
g_m2_yr,plus,SSP3-7.0,Total inorg. due to permafrost thaw,Tundra,2005,0.03594346923656554,0.02051724336396763
g_m2_yr,plus,SSP3-7.0,Total inorg. due to permafrost thaw,Tundra,2006,0.8459670957012456,0.48289475526625136
g_m2_yr,plus,SSP3-7.0,Total inorg. due to permafrost thaw,Tundra,2007,1.0249481208713573,0.5850606654842847
g_m2_yr,plus,SSP3-7.0,Total inorg. due to permafrost thaw,Tundra,2008,0.55316597422272,0.3157580822011451
g_m2_yr,plus,SSP3-7.0,Total inorg. due to permafrost thaw,Tundra,2009,0.5931517664646679,0.33858276351194344
g_m2_yr,plus,SSP3-7.0,Total inorg. due to permafrost thaw,Tundra,2010,-0.8749635934310346,-0.4994465298517605
g_m2_yr,plus,SSP3-7.0,Total inorg. due to permafrost thaw,Tundra,2011,0.45007970697128286,0.2569144013432859
g_m2_yr,plus,SSP3-7.0,Total inorg. due to permafrost thaw,Tundra,2012,0.6558274961939476,0.3743593100496857
g_m2_yr,plus,SSP3-7.0,Total inorg. due to permafrost thaw,Tundra,2013,-0.2547482291706783,-0.14541532927816034
g_m2_yr,plus,SSP3-7.0,Total inorg. due to permafrost thaw,Tundra,2014,1.9437342444534822,1.1095219625533412
g_m2_yr,plus,SSP3-7.0,Total inorg. due to permafrost thaw,Tundra,2015,-1.5292913729564876,-0.872949771955918
g_m2_yr,plus,SSP3-7.0,Total inorg. due to permafrost thaw,Tundra,2016,0.3490351071627203,0.19923614465519862
g_m2_yr,plus,SSP3-7.0,Total inorg. due to permafrost thaw,Tundra,2017,0.43414886060147284,0.24782075905149348
g_m2_yr,plus,SSP3-7.0,Total inorg. due to permafrost thaw,Tundra,2018,0.45740994443355976,0.2610986459118711
g_m2_yr,plus,SSP3-7.0,Total inorg. due to permafrost thaw,Tundra,2019,1.3605734998974033,0.7766422720142403
g_m2_yr,plus,SSP3-7.0,Total inorg. due to permafrost thaw,Tundra,2020,0.1375436459029882,0.07851263431433439
g_m2_yr,plus,SSP3-7.0,Total inorg. due to permafrost thaw,Tundra,2080,1.4979220028810591,0.8550435148894137
g_m2_yr,plus,SSP3-7.0,Total inorg. due to permafrost thaw,Tundra,2081,1.2165843881784193,0.6944504382917867
g_m2_yr,plus,SSP3-7.0,Total inorg. due to permafrost thaw,Tundra,2082,1.6128363372824654,0.9206388904889253
g_m2_yr,plus,SSP3-7.0,Total inorg. due to permafrost thaw,Tundra,2083,1.3892807157580227,0.7930289187855288
g_m2_yr,plus,SSP3-7.0,Total inorg. due to permafrost thaw,Tundra,2084,1.7813688648219357,1.0168405915410381
g_m2_yr,plus,SSP3-7.0,Total inorg. due to permafrost thaw,Tundra,2085,1.6805378919277127,0.9592842773221586
g_m2_yr,plus,SSP3-7.0,Total inorg. due to permafrost thaw,Tundra,2086,1.6364399922773134,0.9341123237466079
g_m2_yr,plus,SSP3-7.0,Total inorg. due to permafrost thaw,Tundra,2087,1.5591151223304491,0.8899737581466849
g_m2_yr,plus,SSP3-7.0,Total inorg. due to permafrost thaw,Tundra,2088,1.8242972722279718,1.0413449758056816
g_m2_yr,plus,SSP3-7.0,Total inorg. due to permafrost thaw,Tundra,2089,1.6254046788150363,0.9278131484941289
g_m2_yr,plus,SSP3-7.0,Total inorg. due to permafrost thaw,Tundra,2090,1.893243921559728,1.0807010873195557
g_m2_yr,plus,SSP3-7.0,Total inorg. due to permafrost thaw,Tundra,2091,1.6035032535148586,0.9153113816239358
g_m2_yr,plus,SSP3-7.0,Total inorg. due to permafrost thaw,Tundra,2092,1.7376757046061662,0.9918996712423434
g_m2_yr,plus,SSP3-7.0,Total inorg. due to permafrost thaw,Tundra,2093,1.7269111133726978,0.9857550295941737
g_m2_yr,plus,SSP3-7.0,Total inorg. due to permafrost thaw,Tundra,2094,1.6847900236121258,0.9617114782139409
g_m2_yr,plus,SSP3-7.0,Total inorg. due to permafrost thaw,Tundra,2095,1.7228550865629753,0.9834397692447026
g_m2_yr,plus,SSP3-7.0,Total inorg. due to permafrost thaw,Tundra,2096,1.7015515433709176,0.9712792853106257
g_m2_yr,plus,SSP3-7.0,Total inorg. due to permafrost thaw,Tundra,2097,1.6982074155254443,0.9693703909745164
g_m2_yr,plus,SSP3-7.0,Total inorg. due to permafrost thaw,Tundra,2098,1.825011497026052,1.0417526694510097
g_m2_yr,plus,SSP3-7.0,Total inorg. due to permafrost thaw,Tundra,2099,1.7488037579030211,0.998251784227211
g_m2_yr,plus,SSP3-7.0,Total inorg. due to permafrost thaw,Wetlands,2000,-0.6825124661013567,-0.015935567283482232
g_m2_yr,plus,SSP3-7.0,Total inorg. due to permafrost thaw,Wetlands,2001,1.5986016630844082,0.03732477518994512
g_m2_yr,plus,SSP3-7.0,Total inorg. due to permafrost thaw,Wetlands,2002,-0.17412078217862578,-0.00406543994091382
g_m2_yr,plus,SSP3-7.0,Total inorg. due to permafrost thaw,Wetlands,2003,-1.3478409845729815,-0.03146991705483076
g_m2_yr,plus,SSP3-7.0,Total inorg. due to permafrost thaw,Wetlands,2004,2.671075725100314,0.06236531792562307
g_m2_yr,plus,SSP3-7.0,Total inorg. due to permafrost thaw,Wetlands,2005,1.528179736709325,0.035680536583736405
g_m2_yr,plus,SSP3-7.0,Total inorg. due to permafrost thaw,Wetlands,2006,4.230437663582427,0.09877390871946906
g_m2_yr,plus,SSP3-7.0,Total inorg. due to permafrost thaw,Wetlands,2007,1.1659468373282176,0.02722298155422687
g_m2_yr,plus,SSP3-7.0,Total inorg. due to permafrost thaw,Wetlands,2008,1.2733213132614918,0.0297300027014556
g_m2_yr,plus,SSP3-7.0,Total inorg. due to permafrost thaw,Wetlands,2009,0.39201150978147264,0.009152837640762461
g_m2_yr,plus,SSP3-7.0,Total inorg. due to permafrost thaw,Wetlands,2010,2.402239579135971,0.05608842672579165
g_m2_yr,plus,SSP3-7.0,Total inorg. due to permafrost thaw,Wetlands,2011,-0.12825754023071195,-0.0029946070782198957
g_m2_yr,plus,SSP3-7.0,Total inorg. due to permafrost thaw,Wetlands,2012,4.601020733863918,0.10742642679627902
g_m2_yr,plus,SSP3-7.0,Total inorg. due to permafrost thaw,Wetlands,2013,-2.026132777958741,-0.047306938425408056
g_m2_yr,plus,SSP3-7.0,Total inorg. due to permafrost thaw,Wetlands,2014,3.94620981693128,0.09213764608822214
g_m2_yr,plus,SSP3-7.0,Total inorg. due to permafrost thaw,Wetlands,2015,8.46993424929002,0.19775932868629456
g_m2_yr,plus,SSP3-7.0,Total inorg. due to permafrost thaw,Wetlands,2016,-8.536748168076349,-0.19931932612395972
g_m2_yr,plus,SSP3-7.0,Total inorg. due to permafrost thaw,Wetlands,2017,9.76649194600017,0.22803186353223395
g_m2_yr,plus,SSP3-7.0,Total inorg. due to permafrost thaw,Wetlands,2018,-1.9155195752688814,-0.04472429822254918
g_m2_yr,plus,SSP3-7.0,Total inorg. due to permafrost thaw,Wetlands,2019,-0.6763561141180554,-0.01579182637599216
g_m2_yr,plus,SSP3-7.0,Total inorg. due to permafrost thaw,Wetlands,2020,15.76463497365886,0.3680788466140201
g_m2_yr,plus,SSP3-7.0,Total inorg. due to permafrost thaw,Wetlands,2080,5.776779681356064,0.13487850532598442
g_m2_yr,plus,SSP3-7.0,Total inorg. due to permafrost thaw,Wetlands,2081,5.886638777955078,0.13744353836568302
g_m2_yr,plus,SSP3-7.0,Total inorg. due to permafrost thaw,Wetlands,2082,6.269699373758665,0.1463873865754421
g_m2_yr,plus,SSP3-7.0,Total inorg. due to permafrost thaw,Wetlands,2083,6.043999453049466,0.14111765678884516
g_m2_yr,plus,SSP3-7.0,Total inorg. due to permafrost thaw,Wetlands,2084,6.3874431242527825,0.14913651358981944
g_m2_yr,plus,SSP3-7.0,Total inorg. due to permafrost thaw,Wetlands,2085,6.242458225625092,0.14575134962297215
g_m2_yr,plus,SSP3-7.0,Total inorg. due to permafrost thaw,Wetlands,2086,6.442673952478339,0.15042606451090124
g_m2_yr,plus,SSP3-7.0,Total inorg. due to permafrost thaw,Wetlands,2087,6.231362137528958,0.14549227382989624
g_m2_yr,plus,SSP3-7.0,Total inorg. due to permafrost thaw,Wetlands,2088,6.243308549838848,0.14577120332439752
g_m2_yr,plus,SSP3-7.0,Total inorg. due to permafrost thaw,Wetlands,2089,6.257122484229421,0.14609373645289558
g_m2_yr,plus,SSP3-7.0,Total inorg. due to permafrost thaw,Wetlands,2090,6.410995645741494,0.14968642704857713
g_m2_yr,plus,SSP3-7.0,Total inorg. due to permafrost thaw,Wetlands,2091,6.299852659431271,0.1470914172510994
g_m2_yr,plus,SSP3-7.0,Total inorg. due to permafrost thaw,Wetlands,2092,6.617260975916878,0.1545023904346164
g_m2_yr,plus,SSP3-7.0,Total inorg. due to permafrost thaw,Wetlands,2093,6.315590851622437,0.14745887870131336
g_m2_yr,plus,SSP3-7.0,Total inorg. due to permafrost thaw,Wetlands,2094,6.339298399490591,0.14801241177644878
g_m2_yr,plus,SSP3-7.0,Total inorg. due to permafrost thaw,Wetlands,2095,6.348941058634792,0.14823755234342162
g_m2_yr,plus,SSP3-7.0,Total inorg. due to permafrost thaw,Wetlands,2096,6.727241885544269,0.15707026761241671
g_m2_yr,plus,SSP3-7.0,Total inorg. due to permafrost thaw,Wetlands,2097,6.396365866837065,0.1493448452641363
g_m2_yr,plus,SSP3-7.0,Total inorg. due to permafrost thaw,Wetlands,2098,6.712603359872015,0.1567284816050289
g_m2_yr,plus,SSP3-7.0,Total inorg. due to permafrost thaw,Wetlands,2099,6.359830523307524,0.14849180381221114
g_m2_yr,plus,SSP3-7.0,Total inorg. due to permafrost thaw,Barren,2000,0.4603104213961145,0.025273640118564835
g_m2_yr,plus,SSP3-7.0,Total inorg. due to permafrost thaw,Barren,2001,1.2635242489774938,0.06937461257749106
g_m2_yr,plus,SSP3-7.0,Total inorg. due to permafrost thaw,Barren,2002,1.3629124731618765,0.074831587030602
g_m2_yr,plus,SSP3-7.0,Total inorg. due to permafrost thaw,Barren,2003,-1.7470286154586299,-0.09592173118744148
g_m2_yr,plus,SSP3-7.0,Total inorg. due to permafrost thaw,Barren,2004,0.15949599619008906,0.008757230383431692
g_m2_yr,plus,SSP3-7.0,Total inorg. due to permafrost thaw,Barren,2005,0.08731747253480944,0.004794222060439475
g_m2_yr,plus,SSP3-7.0,Total inorg. due to permafrost thaw,Barren,2006,-0.9264786066466264,-0.050868904533852205
g_m2_yr,plus,SSP3-7.0,Total inorg. due to permafrost thaw,Barren,2007,0.9308929901127566,0.051111279100845355
g_m2_yr,plus,SSP3-7.0,Total inorg. due to permafrost thaw,Barren,2008,1.1733791531909448,0.0644251380414752
g_m2_yr,plus,SSP3-7.0,Total inorg. due to permafrost thaw,Barren,2009,0.7962527752316235,0.04371877139686766
g_m2_yr,plus,SSP3-7.0,Total inorg. due to permafrost thaw,Barren,2010,-1.63374819470508,-0.08970199673537028
g_m2_yr,plus,SSP3-7.0,Total inorg. due to permafrost thaw,Barren,2011,0.6793815639098115,0.037301882276240095
g_m2_yr,plus,SSP3-7.0,Total inorg. due to permafrost thaw,Barren,2012,-0.44721133494788223,-0.024554426341543478
g_m2_yr,plus,SSP3-7.0,Total inorg. due to permafrost thaw,Barren,2013,-0.9753153728777115,-0.05355031863378799
g_m2_yr,plus,SSP3-7.0,Total inorg. due to permafrost thaw,Barren,2014,2.036150203803868,0.11179613818475194
g_m2_yr,plus,SSP3-7.0,Total inorg. due to permafrost thaw,Barren,2015,-1.5709219351315176,-0.08625248049447824
g_m2_yr,plus,SSP3-7.0,Total inorg. due to permafrost thaw,Barren,2016,-1.1595647170646448,-0.06366664752970694
g_m2_yr,plus,SSP3-7.0,Total inorg. due to permafrost thaw,Barren,2017,2.105212976250976,0.11558807418117054
g_m2_yr,plus,SSP3-7.0,Total inorg. due to permafrost thaw,Barren,2018,-0.8216985819588856,-0.045115889801879736
g_m2_yr,plus,SSP3-7.0,Total inorg. due to permafrost thaw,Barren,2019,-0.8295636065558225,-0.045547724042312
g_m2_yr,plus,SSP3-7.0,Total inorg. due to permafrost thaw,Barren,2020,2.3086109204348806,0.12675576929128463
g_m2_yr,plus,SSP3-7.0,Total inorg. due to permafrost thaw,Barren,2080,0.7513776285374593,0.04125487256881978
g_m2_yr,plus,SSP3-7.0,Total inorg. due to permafrost thaw,Barren,2081,0.5016981805492343,0.027546061687855464
g_m2_yr,plus,SSP3-7.0,Total inorg. due to permafrost thaw,Barren,2082,0.40278192788717276,0.022115001135118915
g_m2_yr,plus,SSP3-7.0,Total inorg. due to permafrost thaw,Barren,2083,0.8427810190376528,0.04627343458640794
g_m2_yr,plus,SSP3-7.0,Total inorg. due to permafrost thaw,Barren,2084,0.8029838165993611,0.04408834355783548
g_m2_yr,plus,SSP3-7.0,Total inorg. due to permafrost thaw,Barren,2085,0.5694166692319155,0.03126418891849313
g_m2_yr,plus,SSP3-7.0,Total inorg. due to permafrost thaw,Barren,2086,0.49930564630077845,0.027414698054194043
g_m2_yr,plus,SSP3-7.0,Total inorg. due to permafrost thaw,Barren,2087,0.3064104140633152,0.01682366110706099
g_m2_yr,plus,SSP3-7.0,Total inorg. due to permafrost thaw,Barren,2088,0.7245240622730017,0.03978046021984561
g_m2_yr,plus,SSP3-7.0,Total inorg. due to permafrost thaw,Barren,2089,0.42459651324187053,0.02331274499222769
g_m2_yr,plus,SSP3-7.0,Total inorg. due to permafrost thaw,Barren,2090,0.06840745709608323,0.003755955485059035
g_m2_yr,plus,SSP3-7.0,Total inorg. due to permafrost thaw,Barren,2091,0.9667441157283546,0.05307970824026378
g_m2_yr,plus,SSP3-7.0,Total inorg. due to permafrost thaw,Barren,2092,0.6750385018379722,0.03706342365633021
g_m2_yr,plus,SSP3-7.0,Total inorg. due to permafrost thaw,Barren,2093,0.6754990684404331,0.037088711362235106
g_m2_yr,plus,SSP3-7.0,Total inorg. due to permafrost thaw,Barren,2094,0.35193161196182754,0.01932303179252921
g_m2_yr,plus,SSP3-7.0,Total inorg. due to permafrost thaw,Barren,2095,0.7513553156129801,0.04125364746333212
g_m2_yr,plus,SSP3-7.0,Total inorg. due to permafrost thaw,Barren,2096,0.4125717450970996,0.02265251735349996
g_m2_yr,plus,SSP3-7.0,Total inorg. due to permafrost thaw,Barren,2097,0.9570830160740502,0.052549259342166026
g_m2_yr,plus,SSP3-7.0,Total inorg. due to permafrost thaw,Barren,2098,0.447035996055055,0.02454479924671764
g_m2_yr,plus,SSP3-7.0,Total inorg. due to permafrost thaw,Barren,2099,0.4208469815623393,0.023106874540730606
g_m2_yr,plus,SSP3-7.0,Total inorg. due to permafrost thaw,Pan-Arctic,2000,0.11533014681818335,0.11533014681818335
g_m2_yr,plus,SSP3-7.0,Total inorg. due to permafrost thaw,Pan-Arctic,2001,1.0688612281967629,1.0688612281967629
g_m2_yr,plus,SSP3-7.0,Total inorg. due to permafrost thaw,Pan-Arctic,2002,0.1361585236099673,0.1361585236099673
g_m2_yr,plus,SSP3-7.0,Total inorg. due to permafrost thaw,Pan-Arctic,2003,0.08589168571043525,0.08589168571043525
g_m2_yr,plus,SSP3-7.0,Total inorg. due to permafrost thaw,Pan-Arctic,2004,0.9798954565359677,0.9798954565359677
g_m2_yr,plus,SSP3-7.0,Total inorg. due to permafrost thaw,Pan-Arctic,2005,0.12738690229008107,0.12738690229008107
g_m2_yr,plus,SSP3-7.0,Total inorg. due to permafrost thaw,Pan-Arctic,2006,1.0276358577004245,1.0276358577004245
g_m2_yr,plus,SSP3-7.0,Total inorg. due to permafrost thaw,Pan-Arctic,2007,0.9546972722951419,0.9546972722951419
g_m2_yr,plus,SSP3-7.0,Total inorg. due to permafrost thaw,Pan-Arctic,2008,0.6774612441901791,0.6774612441901791
g_m2_yr,plus,SSP3-7.0,Total inorg. due to permafrost thaw,Pan-Arctic,2009,0.42142385419814204,0.42142385419814204
g_m2_yr,plus,SSP3-7.0,Total inorg. due to permafrost thaw,Pan-Arctic,2010,-0.2092699132137675,-0.2092699132137675
g_m2_yr,plus,SSP3-7.0,Total inorg. due to permafrost thaw,Pan-Arctic,2011,0.2990493693334149,0.2990493693334149
g_m2_yr,plus,SSP3-7.0,Total inorg. due to permafrost thaw,Pan-Arctic,2012,0.6289443027780277,0.6289443027780277
g_m2_yr,plus,SSP3-7.0,Total inorg. due to permafrost thaw,Pan-Arctic,2013,-0.07127412476016674,-0.07127412476016674
g_m2_yr,plus,SSP3-7.0,Total inorg. due to permafrost thaw,Pan-Arctic,2014,1.8452827430178655,1.8452827430178655
g_m2_yr,plus,SSP3-7.0,Total inorg. due to permafrost thaw,Pan-Arctic,2015,-0.8541457106163522,-0.8541457106163522
g_m2_yr,plus,SSP3-7.0,Total inorg. due to permafrost thaw,Pan-Arctic,2016,-0.0016297875515202097,-0.0016297875515202097
g_m2_yr,plus,SSP3-7.0,Total inorg. due to permafrost thaw,Pan-Arctic,2017,0.8390256142881899,0.8390256142881899
g_m2_yr,plus,SSP3-7.0,Total inorg. due to permafrost thaw,Pan-Arctic,2018,0.5619145490755784,0.5619145490755784
g_m2_yr,plus,SSP3-7.0,Total inorg. due to permafrost thaw,Pan-Arctic,2019,0.9026371419597983,0.9026371419597983
g_m2_yr,plus,SSP3-7.0,Total inorg. due to permafrost thaw,Pan-Arctic,2020,1.0773948692750421,1.0773948692750421
g_m2_yr,plus,SSP3-7.0,Total inorg. due to permafrost thaw,Pan-Arctic,2080,1.5895283567988125,1.5895283567988125
g_m2_yr,plus,SSP3-7.0,Total inorg. due to permafrost thaw,Pan-Arctic,2081,1.3822357226691453,1.3822357226691453
g_m2_yr,plus,SSP3-7.0,Total inorg. due to permafrost thaw,Pan-Arctic,2082,1.687628603555933,1.687628603555933
g_m2_yr,plus,SSP3-7.0,Total inorg. due to permafrost thaw,Pan-Arctic,2083,1.5851995832889645,1.5851995832889645
g_m2_yr,plus,SSP3-7.0,Total inorg. due to permafrost thaw,Pan-Arctic,2084,1.817918814082145,1.817918814082145
g_m2_yr,plus,SSP3-7.0,Total inorg. due to permafrost thaw,Pan-Arctic,2085,1.7323065722690854,1.7323065722690854
g_m2_yr,plus,SSP3-7.0,Total inorg. due to permafrost thaw,Pan-Arctic,2086,1.7243452871612996,1.7243452871612996
g_m2_yr,plus,SSP3-7.0,Total inorg. due to permafrost thaw,Pan-Arctic,2087,1.6703943607829403,1.6703943607829403
g_m2_yr,plus,SSP3-7.0,Total inorg. due to permafrost thaw,Pan-Arctic,2088,1.851884746990278,1.851884746990278
g_m2_yr,plus,SSP3-7.0,Total inorg. due to permafrost thaw,Pan-Arctic,2089,1.6939493170249964,1.6939493170249964
g_m2_yr,plus,SSP3-7.0,Total inorg. due to permafrost thaw,Pan-Arctic,2090,1.8256518245545474,1.8256518245545474
g_m2_yr,plus,SSP3-7.0,Total inorg. due to permafrost thaw,Pan-Arctic,2091,1.7648230674507388,1.7648230674507388
g_m2_yr,plus,SSP3-7.0,Total inorg. due to permafrost thaw,Pan-Arctic,2092,1.8049818391864996,1.8049818391864996
g_m2_yr,plus,SSP3-7.0,Total inorg. due to permafrost thaw,Pan-Arctic,2093,1.7820714617430766,1.7820714617430766
g_m2_yr,plus,SSP3-7.0,Total inorg. due to permafrost thaw,Pan-Arctic,2094,1.7718194932927007,1.7718194932927007
g_m2_yr,plus,SSP3-7.0,Total inorg. due to permafrost thaw,Pan-Arctic,2095,1.8032710128246088,1.8032710128246088
g_m2_yr,plus,SSP3-7.0,Total inorg. due to permafrost thaw,Pan-Arctic,2096,1.7916563868476216,1.7916563868476216
g_m2_yr,plus,SSP3-7.0,Total inorg. due to permafrost thaw,Pan-Arctic,2097,1.8112918193143461,1.8112918193143461
g_m2_yr,plus,SSP3-7.0,Total inorg. due to permafrost thaw,Pan-Arctic,2098,1.8957792175580117,1.8957792175580117
g_m2_yr,plus,SSP3-7.0,Total inorg. due to permafrost thaw,Pan-Arctic,2099,1.7871894371797608,1.7871894371797608
g_m2_yr,minus,SSP3-7.0,Total inorg. due to permafrost thaw,Taiga,2000,0.5453021720906178,0.19136080898642768
g_m2_yr,minus,SSP3-7.0,Total inorg. due to permafrost thaw,Taiga,2001,1.1655433463345985e-4,4.0901967583997144e-5
g_m2_yr,minus,SSP3-7.0,Total inorg. due to permafrost thaw,Taiga,2002,0.5678513433467984,0.19927390355014993
g_m2_yr,minus,SSP3-7.0,Total inorg. due to permafrost thaw,Taiga,2003,0.06138385351515006,0.021541201316563747
g_m2_yr,minus,SSP3-7.0,Total inorg. due to permafrost thaw,Taiga,2004,0.5272313728522023,0.1850192924139981
g_m2_yr,minus,SSP3-7.0,Total inorg. due to permafrost thaw,Taiga,2005,0.006361349445684474,0.0022323640698230195
g_m2_yr,minus,SSP3-7.0,Total inorg. due to permafrost thaw,Taiga,2006,0.7655667620024578,0.26865742043214363
g_m2_yr,minus,SSP3-7.0,Total inorg. due to permafrost thaw,Taiga,2007,0.10745320867352373,0.037708144204010065
g_m2_yr,minus,SSP3-7.0,Total inorg. due to permafrost thaw,Taiga,2008,0.6038551192396031,0.21190857114187966
g_m2_yr,minus,SSP3-7.0,Total inorg. due to permafrost thaw,Taiga,2009,-0.18703940807528543,-0.06563702525593701
g_m2_yr,minus,SSP3-7.0,Total inorg. due to permafrost thaw,Taiga,2010,0.5290979178515314,0.1856743119231113
g_m2_yr,minus,SSP3-7.0,Total inorg. due to permafrost thaw,Taiga,2011,-0.00594962249968215,-0.0020878783048636548
g_m2_yr,minus,SSP3-7.0,Total inorg. due to permafrost thaw,Taiga,2012,-0.027242841931843887,-0.009560226490901805
g_m2_yr,minus,SSP3-7.0,Total inorg. due to permafrost thaw,Taiga,2013,0.5668442565965531,0.19892049044250065
g_m2_yr,minus,SSP3-7.0,Total inorg. due to permafrost thaw,Taiga,2014,0.8769255940323389,0.3077361501267698
g_m2_yr,minus,SSP3-7.0,Total inorg. due to permafrost thaw,Taiga,2015,-0.3738159431308661,-0.13118180148686362
g_m2_yr,minus,SSP3-7.0,Total inorg. due to permafrost thaw,Taiga,2016,0.06956338445489499,0.02441161287527471
g_m2_yr,minus,SSP3-7.0,Total inorg. due to permafrost thaw,Taiga,2017,0.4784510937344174,0.1679010153332828
g_m2_yr,minus,SSP3-7.0,Total inorg. due to permafrost thaw,Taiga,2018,0.832124078062948,0.29201412520460185
g_m2_yr,minus,SSP3-7.0,Total inorg. due to permafrost thaw,Taiga,2019,-0.19445420300592858,-0.06823907092715899
g_m2_yr,minus,SSP3-7.0,Total inorg. due to permafrost thaw,Taiga,2020,0.8386518261276412,0.2943048829063916
g_m2_yr,minus,SSP3-7.0,Total inorg. due to permafrost thaw,Taiga,2080,1.6959785080187213,0.5951632616349174
g_m2_yr,minus,SSP3-7.0,Total inorg. due to permafrost thaw,Taiga,2081,1.6670752532572473,0.585020352810088
g_m2_yr,minus,SSP3-7.0,Total inorg. due to permafrost thaw,Taiga,2082,1.9190324457746248,0.6734387282682776
g_m2_yr,minus,SSP3-7.0,Total inorg. due to permafrost thaw,Taiga,2083,1.8181265800440745,0.6380282181218679
g_m2_yr,minus,SSP3-7.0,Total inorg. due to permafrost thaw,Taiga,2084,1.656830011963319,0.5814250294048084
g_m2_yr,minus,SSP3-7.0,Total inorg. due to permafrost thaw,Taiga,2085,2.161010807752861,0.758355270830061
g_m2_yr,minus,SSP3-7.0,Total inorg. due to permafrost thaw,Taiga,2086,1.6751544924305448,0.5878555693621691
g_m2_yr,minus,SSP3-7.0,Total inorg. due to permafrost thaw,Taiga,2087,1.9530381663381184,0.6853722259329726
g_m2_yr,minus,SSP3-7.0,Total inorg. due to permafrost thaw,Taiga,2088,1.9641131298198482,0.6892587205772792
g_m2_yr,minus,SSP3-7.0,Total inorg. due to permafrost thaw,Taiga,2089,1.8493950251754003,0.6490011341715842
g_m2_yr,minus,SSP3-7.0,Total inorg. due to permafrost thaw,Taiga,2090,2.2677304451725364,0.7958059856751388
g_m2_yr,minus,SSP3-7.0,Total inorg. due to permafrost thaw,Taiga,2091,1.6190502413341725,0.5681671187619846
g_m2_yr,minus,SSP3-7.0,Total inorg. due to permafrost thaw,Taiga,2092,2.0047241279966137,0.703510183092196
g_m2_yr,minus,SSP3-7.0,Total inorg. due to permafrost thaw,Taiga,2093,1.558569524986229,0.5469428519228313
g_m2_yr,minus,SSP3-7.0,Total inorg. due to permafrost thaw,Taiga,2094,1.9913714526174204,0.6988243797092766
g_m2_yr,minus,SSP3-7.0,Total inorg. due to permafrost thaw,Taiga,2095,2.1361197918057604,0.7496203616514125
g_m2_yr,minus,SSP3-7.0,Total inorg. due to permafrost thaw,Taiga,2096,1.9627197368737124,0.6887697425114367
g_m2_yr,minus,SSP3-7.0,Total inorg. due to permafrost thaw,Taiga,2097,2.1072860367672104,0.7395018420989606
g_m2_yr,minus,SSP3-7.0,Total inorg. due to permafrost thaw,Taiga,2098,2.1733749046354984,0.7626941561361238
g_m2_yr,minus,SSP3-7.0,Total inorg. due to permafrost thaw,Taiga,2099,2.233272050348553,0.7837136327607708
g_m2_yr,minus,SSP3-7.0,Total inorg. due to permafrost thaw,Tundra,2000,-0.1377702032112747,-0.07864195770822845
g_m2_yr,minus,SSP3-7.0,Total inorg. due to permafrost thaw,Tundra,2001,0.36404768667452436,0.2078056220569863
g_m2_yr,minus,SSP3-7.0,Total inorg. due to permafrost thaw,Tundra,2002,-0.02851318046011707,-0.016275887525787628
g_m2_yr,minus,SSP3-7.0,Total inorg. due to permafrost thaw,Tundra,2003,-0.34022129494927067,-0.19420504626685242
g_m2_yr,minus,SSP3-7.0,Total inorg. due to permafrost thaw,Tundra,2004,0.552960835254521,0.31564098481952424
g_m2_yr,minus,SSP3-7.0,Total inorg. due to permafrost thaw,Tundra,2005,0.43061836062397385,0.24580547981514364
g_m2_yr,minus,SSP3-7.0,Total inorg. due to permafrost thaw,Tundra,2006,0.07152885504076759,0.040830085620238835
g_m2_yr,minus,SSP3-7.0,Total inorg. due to permafrost thaw,Tundra,2007,-0.10576304533125033,-0.060371638744545056
g_m2_yr,minus,SSP3-7.0,Total inorg. due to permafrost thaw,Tundra,2008,0.2575106445300624,0.14699217061831646
g_m2_yr,minus,SSP3-7.0,Total inorg. due to permafrost thaw,Tundra,2009,0.16663904791437992,0.09512086542055462
g_m2_yr,minus,SSP3-7.0,Total inorg. due to permafrost thaw,Tundra,2010,0.15651199700772195,0.08934014440434798
g_m2_yr,minus,SSP3-7.0,Total inorg. due to permafrost thaw,Tundra,2011,-0.10978779477970428,-0.06266904535739695
g_m2_yr,minus,SSP3-7.0,Total inorg. due to permafrost thaw,Tundra,2012,0.10807249405232267,0.061689917765832214
g_m2_yr,minus,SSP3-7.0,Total inorg. due to permafrost thaw,Tundra,2013,0.25818010034812167,0.14737430924411646
g_m2_yr,minus,SSP3-7.0,Total inorg. due to permafrost thaw,Tundra,2014,0.5971383768513933,0.3408583995937982
g_m2_yr,minus,SSP3-7.0,Total inorg. due to permafrost thaw,Tundra,2015,-0.22791038995622104,-0.13009575968119208
g_m2_yr,minus,SSP3-7.0,Total inorg. due to permafrost thaw,Tundra,2016,-0.3966214539515551,-0.22639937287456724
g_m2_yr,minus,SSP3-7.0,Total inorg. due to permafrost thaw,Tundra,2017,0.5943075220374305,0.3392424916589279
g_m2_yr,minus,SSP3-7.0,Total inorg. due to permafrost thaw,Tundra,2018,0.04048584938702179,0.02311012382258949
g_m2_yr,minus,SSP3-7.0,Total inorg. due to permafrost thaw,Tundra,2019,0.44476240179199394,0.2538791783466985
g_m2_yr,minus,SSP3-7.0,Total inorg. due to permafrost thaw,Tundra,2020,0.24413424448531168,0.13935665682732318
g_m2_yr,minus,SSP3-7.0,Total inorg. due to permafrost thaw,Tundra,2080,1.3337194489087727,0.7613134484158319
g_m2_yr,minus,SSP3-7.0,Total inorg. due to permafrost thaw,Tundra,2081,0.3869992553447632,0.22090683153937682
g_m2_yr,minus,SSP3-7.0,Total inorg. due to permafrost thaw,Tundra,2082,1.4415723705619041,0.8228780299120747
g_m2_yr,minus,SSP3-7.0,Total inorg. due to permafrost thaw,Tundra,2083,1.1958035633879358,0.682588332363053
g_m2_yr,minus,SSP3-7.0,Total inorg. due to permafrost thaw,Tundra,2084,0.8864631222574906,0.5060106884183837
g_m2_yr,minus,SSP3-7.0,Total inorg. due to permafrost thaw,Tundra,2085,1.7340924141333711,0.9898542581468446
g_m2_yr,minus,SSP3-7.0,Total inorg. due to permafrost thaw,Tundra,2086,1.2272503415090097,0.7005387754734915
g_m2_yr,minus,SSP3-7.0,Total inorg. due to permafrost thaw,Tundra,2087,1.273028903686143,0.7266700844703778
g_m2_yr,minus,SSP3-7.0,Total inorg. due to permafrost thaw,Tundra,2088,1.3172648323175267,0.7519208277191095
g_m2_yr,minus,SSP3-7.0,Total inorg. due to permafrost thaw,Tundra,2089,1.4032415884622873,0.8009980611340748
g_m2_yr,minus,SSP3-7.0,Total inorg. due to permafrost thaw,Tundra,2090,1.0872900540316877,0.6206466743364708
g_m2_yr,minus,SSP3-7.0,Total inorg. due to permafrost thaw,Tundra,2091,1.853127188318604,1.0578016622958248
g_m2_yr,minus,SSP3-7.0,Total inorg. due to permafrost thaw,Tundra,2092,1.0136553036828027,0.5786145020102629
g_m2_yr,minus,SSP3-7.0,Total inorg. due to permafrost thaw,Tundra,2093,0.5893659006178306,0.33642171638508805
g_m2_yr,minus,SSP3-7.0,Total inorg. due to permafrost thaw,Tundra,2094,1.2976922920129312,0.7407484344802308
g_m2_yr,minus,SSP3-7.0,Total inorg. due to permafrost thaw,Tundra,2095,1.4371041867046568,0.8203275021655534
g_m2_yr,minus,SSP3-7.0,Total inorg. due to permafrost thaw,Tundra,2096,1.492128028769694,0.8517361998357386
g_m2_yr,minus,SSP3-7.0,Total inorg. due to permafrost thaw,Tundra,2097,1.880956836744814,1.0736873762133157
g_m2_yr,minus,SSP3-7.0,Total inorg. due to permafrost thaw,Tundra,2098,0.7963464525947992,0.454570310461245
g_m2_yr,minus,SSP3-7.0,Total inorg. due to permafrost thaw,Tundra,2099,1.8725612116501567,1.068894987306001
g_m2_yr,minus,SSP3-7.0,Total inorg. due to permafrost thaw,Wetlands,2000,1.9412758289925716,0.04532566528113028
g_m2_yr,minus,SSP3-7.0,Total inorg. due to permafrost thaw,Wetlands,2001,-0.6029065089091631,-0.014076896343376914
g_m2_yr,minus,SSP3-7.0,Total inorg. due to permafrost thaw,Wetlands,2002,2.0332699438065096,0.04747357975758791
g_m2_yr,minus,SSP3-7.0,Total inorg. due to permafrost thaw,Wetlands,2003,-2.295726616771852,-0.05360152053342276
g_m2_yr,minus,SSP3-7.0,Total inorg. due to permafrost thaw,Wetlands,2004,1.6484980215906109,0.03848977483122386
g_m2_yr,minus,SSP3-7.0,Total inorg. due to permafrost thaw,Wetlands,2005,1.396128689282795,0.03259735721979015
g_m2_yr,minus,SSP3-7.0,Total inorg. due to permafrost thaw,Wetlands,2006,-0.055142137604476935,-0.0012874801378656184
g_m2_yr,minus,SSP3-7.0,Total inorg. due to permafrost thaw,Wetlands,2007,-0.6207047899235704,-0.014492457551006624
g_m2_yr,minus,SSP3-7.0,Total inorg. due to permafrost thaw,Wetlands,2008,1.46341549203218,0.03416839573668075
g_m2_yr,minus,SSP3-7.0,Total inorg. due to permafrost thaw,Wetlands,2009,-0.19865641019795868,-0.004638307354424926
g_m2_yr,minus,SSP3-7.0,Total inorg. due to permafrost thaw,Wetlands,2010,2.133546342461011,0.04981487222779282
g_m2_yr,minus,SSP3-7.0,Total inorg. due to permafrost thaw,Wetlands,2011,-0.9773194047376386,-0.02281883468094281
g_m2_yr,minus,SSP3-7.0,Total inorg. due to permafrost thaw,Wetlands,2012,0.9738291095003058,0.022737341906295856
g_m2_yr,minus,SSP3-7.0,Total inorg. due to permafrost thaw,Wetlands,2013,1.270968090274977,0.029675058733254035
g_m2_yr,minus,SSP3-7.0,Total inorg. due to permafrost thaw,Wetlands,2014,1.0852304721384334,0.02533838437506133
g_m2_yr,minus,SSP3-7.0,Total inorg. due to permafrost thaw,Wetlands,2015,0.460631435729213,0.010755002438094373
g_m2_yr,minus,SSP3-7.0,Total inorg. due to permafrost thaw,Wetlands,2016,-0.17830384745239372,-0.004163107780597539
g_m2_yr,minus,SSP3-7.0,Total inorg. due to permafrost thaw,Wetlands,2017,2.6886722212466148,0.0627761677814428
g_m2_yr,minus,SSP3-7.0,Total inorg. due to permafrost thaw,Wetlands,2018,1.5803529630925708,0.03689869742433722
g_m2_yr,minus,SSP3-7.0,Total inorg. due to permafrost thaw,Wetlands,2019,-1.3264554436101104,-0.03097059910265596
g_m2_yr,minus,SSP3-7.0,Total inorg. due to permafrost thaw,Wetlands,2020,4.4528172373914865,0.10396611375148691
g_m2_yr,minus,SSP3-7.0,Total inorg. due to permafrost thaw,Wetlands,2080,7.371149574830675,0.1721044755084103
g_m2_yr,minus,SSP3-7.0,Total inorg. due to permafrost thaw,Wetlands,2081,5.571423179544867,0.13008376161909527
g_m2_yr,minus,SSP3-7.0,Total inorg. due to permafrost thaw,Wetlands,2082,7.262642673979667,0.16957101406248182
g_m2_yr,minus,SSP3-7.0,Total inorg. due to permafrost thaw,Wetlands,2083,6.487421454632157,0.1514708466456704
g_m2_yr,minus,SSP3-7.0,Total inorg. due to permafrost thaw,Wetlands,2084,7.166338910080783,0.16732247621814103
g_m2_yr,minus,SSP3-7.0,Total inorg. due to permafrost thaw,Wetlands,2085,7.4610193527596556,0.17420279013864623
g_m2_yr,minus,SSP3-7.0,Total inorg. due to permafrost thaw,Wetlands,2086,6.2989722668748485,0.1470708615022808
g_m2_yr,minus,SSP3-7.0,Total inorg. due to permafrost thaw,Wetlands,2087,8.409076825355767,0.1963384058138621
g_m2_yr,minus,SSP3-7.0,Total inorg. due to permafrost thaw,Wetlands,2088,6.091209173274025,0.14221992775155765
g_m2_yr,minus,SSP3-7.0,Total inorg. due to permafrost thaw,Wetlands,2089,7.642270431796641,0.17843471103189584
g_m2_yr,minus,SSP3-7.0,Total inorg. due to permafrost thaw,Wetlands,2090,6.74984495420154,0.15759801287611658
g_m2_yr,minus,SSP3-7.0,Total inorg. due to permafrost thaw,Wetlands,2091,6.838254914808258,0.1596622431220871
g_m2_yr,minus,SSP3-7.0,Total inorg. due to permafrost thaw,Wetlands,2092,7.332172313770151,0.1711944192134626
g_m2_yr,minus,SSP3-7.0,Total inorg. due to permafrost thaw,Wetlands,2093,6.092893963291581,0.14225926488606697
g_m2_yr,minus,SSP3-7.0,Total inorg. due to permafrost thaw,Wetlands,2094,6.886317337160616,0.16078442330668963
g_m2_yr,minus,SSP3-7.0,Total inorg. due to permafrost thaw,Wetlands,2095,7.231369299968294,0.1688408311273825
g_m2_yr,minus,SSP3-7.0,Total inorg. due to permafrost thaw,Wetlands,2096,7.210988729297017,0.16836497761358066
g_m2_yr,minus,SSP3-7.0,Total inorg. due to permafrost thaw,Wetlands,2097,7.8539567435384425,0.18337724561008875
g_m2_yr,minus,SSP3-7.0,Total inorg. due to permafrost thaw,Wetlands,2098,6.968344947832007,0.16269963595683207
g_m2_yr,minus,SSP3-7.0,Total inorg. due to permafrost thaw,Wetlands,2099,7.3343654380939025,0.1712456251356369
g_m2_yr,minus,SSP3-7.0,Total inorg. due to permafrost thaw,Barren,2000,-0.19340521266816726,-0.010619037751099278
g_m2_yr,minus,SSP3-7.0,Total inorg. due to permafrost thaw,Barren,2001,0.7221668950939368,0.03965103843790487
g_m2_yr,minus,SSP3-7.0,Total inorg. due to permafrost thaw,Barren,2002,-0.015614804730548605,-8.573409093902397e-4
g_m2_yr,minus,SSP3-7.0,Total inorg. due to permafrost thaw,Barren,2003,-0.38054349982869945,-0.020893985921412103
g_m2_yr,minus,SSP3-7.0,Total inorg. due to permafrost thaw,Barren,2004,0.2319619820589797,0.012736022004382827
g_m2_yr,minus,SSP3-7.0,Total inorg. due to permafrost thaw,Barren,2005,0.976581168450382,0.053619817954855535
g_m2_yr,minus,SSP3-7.0,Total inorg. due to permafrost thaw,Barren,2006,-0.5392703497669324,-0.029608985834568988
g_m2_yr,minus,SSP3-7.0,Total inorg. due to permafrost thaw,Barren,2007,0.06263251619295666,0.0034388786358125526
g_m2_yr,minus,SSP3-7.0,Total inorg. due to permafrost thaw,Barren,2008,-0.6934391583352887,-0.038073723551014356
g_m2_yr,minus,SSP3-7.0,Total inorg. due to permafrost thaw,Barren,2009,1.0852002995097612,0.05958362129447975
g_m2_yr,minus,SSP3-7.0,Total inorg. due to permafrost thaw,Barren,2010,-0.10240944897141852,-0.005622856745658744
g_m2_yr,minus,SSP3-7.0,Total inorg. due to permafrost thaw,Barren,2011,-0.2638416190428298,-0.014486394002906341
g_m2_yr,minus,SSP3-7.0,Total inorg. due to permafrost thaw,Barren,2012,0.18400018475868316,0.010102648637056582
g_m2_yr,minus,SSP3-7.0,Total inorg. due to permafrost thaw,Barren,2013,-0.1187183946356095,-0.0065183099100251645
g_m2_yr,minus,SSP3-7.0,Total inorg. due to permafrost thaw,Barren,2014,0.6340532199854909,0.03481310036241944
g_m2_yr,minus,SSP3-7.0,Total inorg. due to permafrost thaw,Barren,2015,-0.4309087155810084,-0.02365932052660528
g_m2_yr,minus,SSP3-7.0,Total inorg. due to permafrost thaw,Barren,2016,-0.35082148251061407,-0.0192620794201065
g_m2_yr,minus,SSP3-7.0,Total inorg. due to permafrost thaw,Barren,2017,0.9054580603119102,0.04971475790048268
g_m2_yr,minus,SSP3-7.0,Total inorg. due to permafrost thaw,Barren,2018,-0.318011305063691,-0.017460615498206284
g_m2_yr,minus,SSP3-7.0,Total inorg. due to permafrost thaw,Barren,2019,-0.05146992059678551,-0.0028259891360896427
g_m2_yr,minus,SSP3-7.0,Total inorg. due to permafrost thaw,Barren,2020,0.8211118485411285,0.04508367482573179
g_m2_yr,minus,SSP3-7.0,Total inorg. due to permafrost thaw,Barren,2080,0.2519493619243951,0.013833441967414371
g_m2_yr,minus,SSP3-7.0,Total inorg. due to permafrost thaw,Barren,2081,-0.07631932487794782,-0.004190361680725934
g_m2_yr,minus,SSP3-7.0,Total inorg. due to permafrost thaw,Barren,2082,0.0848582632055132,0.004659197588526933
g_m2_yr,minus,SSP3-7.0,Total inorg. due to permafrost thaw,Barren,2083,0.03204352978160301,0.001759370638128214
g_m2_yr,minus,SSP3-7.0,Total inorg. due to permafrost thaw,Barren,2084,0.28100839576017794,0.015428946933674458
g_m2_yr,minus,SSP3-7.0,Total inorg. due to permafrost thaw,Barren,2085,0.17844117811230914,0.00979742779723496
g_m2_yr,minus,SSP3-7.0,Total inorg. due to permafrost thaw,Barren,2086,0.17528306921802284,0.009624029794627616
g_m2_yr,minus,SSP3-7.0,Total inorg. due to permafrost thaw,Barren,2087,-0.07271820989098274,-0.003992640143311935
g_m2_yr,minus,SSP3-7.0,Total inorg. due to permafrost thaw,Barren,2088,0.20055645501489217,0.011011681317420436
g_m2_yr,minus,SSP3-7.0,Total inorg. due to permafrost thaw,Barren,2089,0.2149674315603326,0.011802925265063146
g_m2_yr,minus,SSP3-7.0,Total inorg. due to permafrost thaw,Barren,2090,0.22060033772806517,0.012112203605694951
g_m2_yr,minus,SSP3-7.0,Total inorg. due to permafrost thaw,Barren,2091,0.6167421239298223,0.03386262348544172
g_m2_yr,minus,SSP3-7.0,Total inorg. due to permafrost thaw,Barren,2092,0.041698724136789433,0.002289495301974984
g_m2_yr,minus,SSP3-7.0,Total inorg. due to permafrost thaw,Barren,2093,-0.14437669356846775,-0.007927095336426743
g_m2_yr,minus,SSP3-7.0,Total inorg. due to permafrost thaw,Barren,2094,-0.020560375508031276,-0.0011288806577884776
g_m2_yr,minus,SSP3-7.0,Total inorg. due to permafrost thaw,Barren,2095,0.5192139559628928,0.02850777661679352
g_m2_yr,minus,SSP3-7.0,Total inorg. due to permafrost thaw,Barren,2096,0.14393191118859375,0.007902674273427737
g_m2_yr,minus,SSP3-7.0,Total inorg. due to permafrost thaw,Barren,2097,0.3224925639227105,0.017706661901712595
g_m2_yr,minus,SSP3-7.0,Total inorg. due to permafrost thaw,Barren,2098,0.18129849228123993,0.009954310471740148
g_m2_yr,minus,SSP3-7.0,Total inorg. due to permafrost thaw,Barren,2099,0.27386826562341027,0.015036913490397067
g_m2_yr,minus,SSP3-7.0,Total inorg. due to permafrost thaw,Pan-Arctic,2000,0.14742547880823023,0.14742547880823023
g_m2_yr,minus,SSP3-7.0,Total inorg. due to permafrost thaw,Pan-Arctic,2001,0.23342066611909826,0.23342066611909826
g_m2_yr,minus,SSP3-7.0,Total inorg. due to permafrost thaw,Pan-Arctic,2002,0.22961425487255996,0.22961425487255996
g_m2_yr,minus,SSP3-7.0,Total inorg. due to permafrost thaw,Pan-Arctic,2003,-0.24715935140512352,-0.24715935140512352
g_m2_yr,minus,SSP3-7.0,Total inorg. due to permafrost thaw,Pan-Arctic,2004,0.551886074069129,0.551886074069129
g_m2_yr,minus,SSP3-7.0,Total inorg. due to permafrost thaw,Pan-Arctic,2005,0.33425501905961236,0.33425501905961236
g_m2_yr,minus,SSP3-7.0,Total inorg. due to permafrost thaw,Pan-Arctic,2006,0.27859104007994784,0.27859104007994784
g_m2_yr,minus,SSP3-7.0,Total inorg. due to permafrost thaw,Pan-Arctic,2007,-0.03371707345572907,-0.03371707345572907
g_m2_yr,minus,SSP3-7.0,Total inorg. due to permafrost thaw,Pan-Arctic,2008,0.35499541394586254,0.35499541394586254
g_m2_yr,minus,SSP3-7.0,Total inorg. due to permafrost thaw,Pan-Arctic,2009,0.08442915410467242,0.08442915410467242
g_m2_yr,minus,SSP3-7.0,Total inorg. due to permafrost thaw,Pan-Arctic,2010,0.31920647180959333,0.31920647180959333
g_m2_yr,minus,SSP3-7.0,Total inorg. due to permafrost thaw,Pan-Arctic,2011,-0.10206215234610974,-0.10206215234610974
g_m2_yr,minus,SSP3-7.0,Total inorg. due to permafrost thaw,Pan-Arctic,2012,0.08496968181828285,0.08496968181828285
g_m2_yr,minus,SSP3-7.0,Total inorg. due to permafrost thaw,Pan-Arctic,2013,0.36945154850984596,0.36945154850984596
g_m2_yr,minus,SSP3-7.0,Total inorg. due to permafrost thaw,Pan-Arctic,2014,0.7087460344580487,0.7087460344580487
g_m2_yr,minus,SSP3-7.0,Total inorg. due to permafrost thaw,Pan-Arctic,2015,-0.2741818792565666,-0.2741818792565666
g_m2_yr,minus,SSP3-7.0,Total inorg. due to permafrost thaw,Pan-Arctic,2016,-0.22541294719999655,-0.22541294719999655
g_m2_yr,minus,SSP3-7.0,Total inorg. due to permafrost thaw,Pan-Arctic,2017,0.6196344326741362,0.6196344326741362
g_m2_yr,minus,SSP3-7.0,Total inorg. due to permafrost thaw,Pan-Arctic,2018,0.3345623309533223,0.3345623309533223
g_m2_yr,minus,SSP3-7.0,Total inorg. due to permafrost thaw,Pan-Arctic,2019,0.15184351918079386,0.15184351918079386
g_m2_yr,minus,SSP3-7.0,Total inorg. due to permafrost thaw,Pan-Arctic,2020,0.5827113283109335,0.5827113283109335
g_m2_yr,minus,SSP3-7.0,Total inorg. due to permafrost thaw,Pan-Arctic,2080,1.5424146275265738,1.5424146275265738
g_m2_yr,minus,SSP3-7.0,Total inorg. due to permafrost thaw,Pan-Arctic,2081,0.9318205842878342,0.9318205842878342
g_m2_yr,minus,SSP3-7.0,Total inorg. due to permafrost thaw,Pan-Arctic,2082,1.670546969831361,1.670546969831361
g_m2_yr,minus,SSP3-7.0,Total inorg. due to permafrost thaw,Pan-Arctic,2083,1.4738467677687197,1.4738467677687197
g_m2_yr,minus,SSP3-7.0,Total inorg. due to permafrost thaw,Pan-Arctic,2084,1.2701871409750076,1.2701871409750076
g_m2_yr,minus,SSP3-7.0,Total inorg. due to permafrost thaw,Pan-Arctic,2085,1.9322097469127868,1.9322097469127868
g_m2_yr,minus,SSP3-7.0,Total inorg. due to permafrost thaw,Pan-Arctic,2086,1.445089236132569,1.445089236132569
g_m2_yr,minus,SSP3-7.0,Total inorg. due to permafrost thaw,Pan-Arctic,2087,1.6043880760739007,1.6043880760739007
g_m2_yr,minus,SSP3-7.0,Total inorg. due to permafrost thaw,Pan-Arctic,2088,1.5944111573653668,1.5944111573653668
g_m2_yr,minus,SSP3-7.0,Total inorg. due to permafrost thaw,Pan-Arctic,2089,1.6402368316026181,1.6402368316026181
g_m2_yr,minus,SSP3-7.0,Total inorg. due to permafrost thaw,Pan-Arctic,2090,1.586162876493421,1.586162876493421
g_m2_yr,minus,SSP3-7.0,Total inorg. due to permafrost thaw,Pan-Arctic,2091,1.8194936476653383,1.8194936476653383
g_m2_yr,minus,SSP3-7.0,Total inorg. due to permafrost thaw,Pan-Arctic,2092,1.4556085996178965,1.4556085996178965
g_m2_yr,minus,SSP3-7.0,Total inorg. due to permafrost thaw,Pan-Arctic,2093,1.0176967378575597,1.0176967378575597
g_m2_yr,minus,SSP3-7.0,Total inorg. due to permafrost thaw,Pan-Arctic,2094,1.5992283568384085,1.5992283568384085
g_m2_yr,minus,SSP3-7.0,Total inorg. due to permafrost thaw,Pan-Arctic,2095,1.767296471561142,1.767296471561142
g_m2_yr,minus,SSP3-7.0,Total inorg. due to permafrost thaw,Pan-Arctic,2096,1.716773594234184,1.716773594234184
g_m2_yr,minus,SSP3-7.0,Total inorg. due to permafrost thaw,Pan-Arctic,2097,2.014273125824077,2.014273125824077
g_m2_yr,minus,SSP3-7.0,Total inorg. due to permafrost thaw,Pan-Arctic,2098,1.389918413025941,1.389918413025941
g_m2_yr,minus,SSP3-7.0,Total inorg. due to permafrost thaw,Pan-Arctic,2099,2.0388911586928056,2.0388911586928056
g_m2_yr,mean,SSP5-8.5,Total inorg. due to permafrost thaw,Taiga,2000,0.7125973023371147,0.2500690502184824
g_m2_yr,mean,SSP5-8.5,Total inorg. due to permafrost thaw,Taiga,2001,0.5496422366884187,0.19288385128296656
g_m2_yr,mean,SSP5-8.5,Total inorg. due to permafrost thaw,Taiga,2002,0.4457289354457477,0.15641795327634092
g_m2_yr,mean,SSP5-8.5,Total inorg. due to permafrost thaw,Taiga,2003,0.1733302898819987,0.06082613675736351
g_m2_yr,mean,SSP5-8.5,Total inorg. due to permafrost thaw,Taiga,2004,0.7070974094025767,0.24813899379259857
g_m2_yr,mean,SSP5-8.5,Total inorg. due to permafrost thaw,Taiga,2005,0.10471245469317245,0.03674634187540016
g_m2_yr,mean,SSP5-8.5,Total inorg. due to permafrost thaw,Taiga,2006,1.0929053915889764,0.3835291157529819
g_m2_yr,mean,SSP5-8.5,Total inorg. due to permafrost thaw,Taiga,2007,0.4749940371625369,0.16668784367146708
g_m2_yr,mean,SSP5-8.5,Total inorg. due to permafrost thaw,Taiga,2008,0.6856770049272944,0.24062201304504097
g_m2_yr,mean,SSP5-8.5,Total inorg. due to permafrost thaw,Taiga,2009,-0.04618033787463671,-0.016205889628271103
g_m2_yr,mean,SSP5-8.5,Total inorg. due to permafrost thaw,Taiga,2010,0.730859187271842,0.25647762376464783
g_m2_yr,mean,SSP5-8.5,Total inorg. due to permafrost thaw,Taiga,2011,0.010689827406570067,0.003751340312113401
g_m2_yr,mean,SSP5-8.5,Total inorg. due to permafrost thaw,Taiga,2012,0.23692869747400183,0.08314448307972483
g_m2_yr,mean,SSP5-8.5,Total inorg. due to permafrost thaw,Taiga,2013,0.5409162321868313,0.1898216678439365
g_m2_yr,mean,SSP5-8.5,Total inorg. due to permafrost thaw,Taiga,2014,1.197880780647146,0.4203677281810617
g_m2_yr,mean,SSP5-8.5,Total inorg. due to permafrost thaw,Taiga,2015,0.2701790755175029,0.0948129112781945
g_m2_yr,mean,SSP5-8.5,Total inorg. due to permafrost thaw,Taiga,2016,0.6056328053822178,0.21253240775171836
g_m2_yr,mean,SSP5-8.5,Total inorg. due to permafrost thaw,Taiga,2017,0.45017646600409117,0.1579787081920485
g_m2_yr,mean,SSP5-8.5,Total inorg. due to permafrost thaw,Taiga,2018,0.31386287155790477,0.11014269901375527
g_m2_yr,mean,SSP5-8.5,Total inorg. due to permafrost thaw,Taiga,2019,0.8443258348195786,0.2962960411101494
g_m2_yr,mean,SSP5-8.5,Total inorg. due to permafrost thaw,Taiga,2020,0.873221096227433,0.306436144857916
g_m2_yr,mean,SSP5-8.5,Total inorg. due to permafrost thaw,Taiga,2080,1.9299247071346364,0.6772611079546673
g_m2_yr,mean,SSP5-8.5,Total inorg. due to permafrost thaw,Taiga,2081,1.7975898125772904,0.6308213287354878
g_m2_yr,mean,SSP5-8.5,Total inorg. due to permafrost thaw,Taiga,2082,1.8417467572095891,0.64631715669966
g_m2_yr,mean,SSP5-8.5,Total inorg. due to permafrost thaw,Taiga,2083,1.909274561402223,0.6700144311664707
g_m2_yr,mean,SSP5-8.5,Total inorg. due to permafrost thaw,Taiga,2084,1.9331092924111657,0.6783786623052516
g_m2_yr,mean,SSP5-8.5,Total inorg. due to permafrost thaw,Taiga,2085,1.996164202404123,0.7005062810905542
g_m2_yr,mean,SSP5-8.5,Total inorg. due to permafrost thaw,Taiga,2086,1.9561269700699926,0.686456168031838
g_m2_yr,mean,SSP5-8.5,Total inorg. due to permafrost thaw,Taiga,2087,1.955289631324563,0.6861623239433268
g_m2_yr,mean,SSP5-8.5,Total inorg. due to permafrost thaw,Taiga,2088,1.955511318803717,0.6862401198838609
g_m2_yr,mean,SSP5-8.5,Total inorg. due to permafrost thaw,Taiga,2089,1.9733183875061477,0.6924890865063664
g_m2_yr,mean,SSP5-8.5,Total inorg. due to permafrost thaw,Taiga,2090,2.081263985060316,0.7303700228600479
g_m2_yr,mean,SSP5-8.5,Total inorg. due to permafrost thaw,Taiga,2091,2.017274851627613,0.7079145606104172
g_m2_yr,mean,SSP5-8.5,Total inorg. due to permafrost thaw,Taiga,2092,1.9976019023512257,0.7010108076430573
g_m2_yr,mean,SSP5-8.5,Total inorg. due to permafrost thaw,Taiga,2093,2.069492860214764,0.7262392269666644
g_m2_yr,mean,SSP5-8.5,Total inorg. due to permafrost thaw,Taiga,2094,2.03837545822717,0.7153193159106117
g_m2_yr,mean,SSP5-8.5,Total inorg. due to permafrost thaw,Taiga,2095,2.0440733288705375,0.7173188478978667
g_m2_yr,mean,SSP5-8.5,Total inorg. due to permafrost thaw,Taiga,2096,2.090346405410947,0.7335572819519899
g_m2_yr,mean,SSP5-8.5,Total inorg. due to permafrost thaw,Taiga,2097,2.054890334614175,0.72111481841817
g_m2_yr,mean,SSP5-8.5,Total inorg. due to permafrost thaw,Taiga,2098,2.1407662445240034,0.7512509235610988
g_m2_yr,mean,SSP5-8.5,Total inorg. due to permafrost thaw,Taiga,2099,2.149103989396509,0.7541768565310851
g_m2_yr,mean,SSP5-8.5,Total inorg. due to permafrost thaw,Tundra,2000,-0.23568236196078632,-0.1345321550660146
g_m2_yr,mean,SSP5-8.5,Total inorg. due to permafrost thaw,Tundra,2001,0.6999647579628456,0.39955373230123553
g_m2_yr,mean,SSP5-8.5,Total inorg. due to permafrost thaw,Tundra,2002,-0.04391345304464087,-0.025066667803799132
g_m2_yr,mean,SSP5-8.5,Total inorg. due to permafrost thaw,Tundra,2003,-0.058530111639907755,-0.033410145713328135
g_m2_yr,mean,SSP5-8.5,Total inorg. due to permafrost thaw,Tundra,2004,0.81535321302152175,0.46541974535215924
g_m2_yr,mean,SSP5-8.5,Total inorg. due to permafrost thaw,Tundra,2005,0.24029947367945279,0.1371676937822979
g_m2_yr,mean,SSP5-8.5,Total inorg. due to permafrost thaw,Tundra,2006,0.4649687155911154,0.2654133420351473
g_m2_yr,mean,SSP5-8.5,Total inorg. due to permafrost thaw,Tundra,2007,0.4720956054588072,0.26948151177361185
g_m2_yr,mean,SSP5-8.5,Total inorg. due to permafrost thaw,Tundra,2008,0.41797884101369454,0.23859059195496107
g_m2_yr,mean,SSP5-8.5,Total inorg. due to permafrost thaw,Tundra,2009,0.39238944444121787,0.22398365811785464
g_m2_yr,mean,SSP5-8.5,Total inorg. due to permafrost thaw,Tundra,2010,-0.3495438232414486,-0.1995265298576324
g_m2_yr,mean,SSP5-8.5,Total inorg. due to permafrost thaw,Tundra,2011,0.18161560983155287,0.10366978326673655
g_m2_yr,mean,SSP5-8.5,Total inorg. due to permafrost thaw,Tundra,2012,0.3946292265117067,0.2252621700366686
g_m2_yr,mean,SSP5-8.5,Total inorg. due to permafrost thaw,Tundra,2013,0.014435584346771925,0.00824011714602376
g_m2_yr,mean,SSP5-8.5,Total inorg. due to permafrost thaw,Tundra,2014,1.2843492894590751,0.7331319846377929
g_m2_yr,mean,SSP5-8.5,Total inorg. due to permafrost thaw,Tundra,2015,-0.14898698701556232,-0.08504471982222771
g_m2_yr,mean,SSP5-8.5,Total inorg. due to permafrost thaw,Tundra,2016,0.5081755189736927,0.290076640231127
g_m2_yr,mean,SSP5-8.5,Total inorg. due to permafrost thaw,Tundra,2017,0.4555604259253112,0.26004290415555514
g_m2_yr,mean,SSP5-8.5,Total inorg. due to permafrost thaw,Tundra,2018,-0.3741836137278633,-0.21359140975332858
g_m2_yr,mean,SSP5-8.5,Total inorg. due to permafrost thaw,Tundra,2019,1.1224836570076202,0.6407358792031366
g_m2_yr,mean,SSP5-8.5,Total inorg. due to permafrost thaw,Tundra,2020,0.704037050893678,0.4018782776744533
g_m2_yr,mean,SSP5-8.5,Total inorg. due to permafrost thaw,Tundra,2080,2.16938984080943,1.2383306414375226
g_m2_yr,mean,SSP5-8.5,Total inorg. due to permafrost thaw,Tundra,2081,1.7066034611754288,0.9741630199431323
g_m2_yr,mean,SSP5-8.5,Total inorg. due to permafrost thaw,Tundra,2082,2.047856693568147,1.1689571165190757
g_m2_yr,mean,SSP5-8.5,Total inorg. due to permafrost thaw,Tundra,2083,1.749902933107247,0.99887921518042
g_m2_yr,mean,SSP5-8.5,Total inorg. due to permafrost thaw,Tundra,2084,1.840067521316845,1.0503469459921777
g_m2_yr,mean,SSP5-8.5,Total inorg. due to permafrost thaw,Tundra,2085,1.6477403277539384,0.9405627788082057
g_m2_yr,mean,SSP5-8.5,Total inorg. due to permafrost thaw,Tundra,2086,2.135817780946221,1.2191670454610268
g_m2_yr,mean,SSP5-8.5,Total inorg. due to permafrost thaw,Tundra,2087,1.7820958240421274,1.0172555542464516
g_m2_yr,mean,SSP5-8.5,Total inorg. due to permafrost thaw,Tundra,2088,1.9558976131663717,1.116465054060884
g_m2_yr,mean,SSP5-8.5,Total inorg. due to permafrost thaw,Tundra,2089,1.7438453288747648,0.9954214148378198
g_m2_yr,mean,SSP5-8.5,Total inorg. due to permafrost thaw,Tundra,2090,2.2490213688510012,1.2837858931139923
g_m2_yr,mean,SSP5-8.5,Total inorg. due to permafrost thaw,Tundra,2091,2.0682240220296024,1.1805831905623803
g_m2_yr,mean,SSP5-8.5,Total inorg. due to permafrost thaw,Tundra,2092,1.8540817662229885,1.0583465542494985
g_m2_yr,mean,SSP5-8.5,Total inorg. due to permafrost thaw,Tundra,2093,2.1104056252720254,1.2046612842352826
g_m2_yr,mean,SSP5-8.5,Total inorg. due to permafrost thaw,Tundra,2094,2.0691629768525392,1.1811191645520687
g_m2_yr,mean,SSP5-8.5,Total inorg. due to permafrost thaw,Tundra,2095,2.2240568369860045,1.2695356444145542
g_m2_yr,mean,SSP5-8.5,Total inorg. due to permafrost thaw,Tundra,2096,2.0315018313477426,1.1596214375908205
g_m2_yr,mean,SSP5-8.5,Total inorg. due to permafrost thaw,Tundra,2097,2.087030351744558,1.1913182156375952
g_m2_yr,mean,SSP5-8.5,Total inorg. due to permafrost thaw,Tundra,2098,2.3114610889889406,1.3194277207076648
g_m2_yr,mean,SSP5-8.5,Total inorg. due to permafrost thaw,Tundra,2099,2.0197819707221254,1.1529315092740804
g_m2_yr,mean,SSP5-8.5,Total inorg. due to permafrost thaw,Wetlands,2000,0.6118430560069099,0.014285550330858814
g_m2_yr,mean,SSP5-8.5,Total inorg. due to permafrost thaw,Wetlands,2001,0.4913405930272925,0.011472011821289891
g_m2_yr,mean,SSP5-8.5,Total inorg. due to permafrost thaw,Wetlands,2002,0.9199430510702692,0.021479189194948924
g_m2_yr,mean,SSP5-8.5,Total inorg. due to permafrost thaw,Wetlands,2003,-1.827602550936193,-0.04267157724498239
g_m2_yr,mean,SSP5-8.5,Total inorg. due to permafrost thaw,Wetlands,2004,2.1570008274412737,0.050362496691910515
g_m2_yr,mean,SSP5-8.5,Total inorg. due to permafrost thaw,Wetlands,2005,1.452536914817185,0.0339143984725013
g_m2_yr,mean,SSP5-8.5,Total inorg. due to permafrost thaw,Wetlands,2006,2.084089345314027,0.04866013096690908
g_m2_yr,mean,SSP5-8.5,Total inorg. due to permafrost thaw,Wetlands,2007,0.2702238050700346,0.006309290805909813
g_m2_yr,mean,SSP5-8.5,Total inorg. due to permafrost thaw,Wetlands,2008,1.3654537227903905,0.0318811461368622
g_m2_yr,mean,SSP5-8.5,Total inorg. due to permafrost thaw,Wetlands,2009,0.0986549413914049,0.0023034340535506947
g_m2_yr,mean,SSP5-8.5,Total inorg. due to permafrost thaw,Wetlands,2010,2.26802906546485,0.052954827301632194
g_m2_yr,mean,SSP5-8.5,Total inorg. due to permafrost thaw,Wetlands,2011,-0.5486389519798904,-0.012809836256260202
g_m2_yr,mean,SSP5-8.5,Total inorg. due to permafrost thaw,Wetlands,2012,2.7808465325379657,0.06492828955554358
g_m2_yr,mean,SSP5-8.5,Total inorg. due to permafrost thaw,Wetlands,2013,-0.37096794476394906,-0.008661504276352849
g_m2_yr,mean,SSP5-8.5,Total inorg. due to permafrost thaw,Wetlands,2014,2.5160159470085457,0.058744921743179926
g_m2_yr,mean,SSP5-8.5,Total inorg. due to permafrost thaw,Wetlands,2015,3.314757953318868,0.07739426166865976
g_m2_yr,mean,SSP5-8.5,Total inorg. due to permafrost thaw,Wetlands,2016,-1.28159172430404,-0.029923103484483654
g_m2_yr,mean,SSP5-8.5,Total inorg. due to permafrost thaw,Wetlands,2017,0.8757390824296839,0.020447097692660707
g_m2_yr,mean,SSP5-8.5,Total inorg. due to permafrost thaw,Wetlands,2018,-0.5396536316133105,-0.012600043491472791
g_m2_yr,mean,SSP5-8.5,Total inorg. due to permafrost thaw,Wetlands,2019,1.8988069723776717,0.04433408585122607
g_m2_yr,mean,SSP5-8.5,Total inorg. due to permafrost thaw,Wetlands,2020,3.4442652471876865,0.08041804848230864
g_m2_yr,mean,SSP5-8.5,Total inorg. due to permafrost thaw,Wetlands,2080,6.865691797380065,0.1603028501585703
g_m2_yr,mean,SSP5-8.5,Total inorg. due to permafrost thaw,Wetlands,2081,7.111811316517393,0.16604934469425947
g_m2_yr,mean,SSP5-8.5,Total inorg. due to permafrost thaw,Wetlands,2082,7.131141257361614,0.1665006676930442
g_m2_yr,mean,SSP5-8.5,Total inorg. due to permafrost thaw,Wetlands,2083,7.940871887324997,0.1854065742898648
g_m2_yr,mean,SSP5-8.5,Total inorg. due to permafrost thaw,Wetlands,2084,7.511142638671985,0.17537308816951988
g_m2_yr,mean,SSP5-8.5,Total inorg. due to permafrost thaw,Wetlands,2085,7.776162085824357,0.18156086559672474
g_m2_yr,mean,SSP5-8.5,Total inorg. due to permafrost thaw,Wetlands,2086,8.141685083423239,0.1900952391227785
g_m2_yr,mean,SSP5-8.5,Total inorg. due to permafrost thaw,Wetlands,2087,7.702344204084111,0.17983733690000325
g_m2_yr,mean,SSP5-8.5,Total inorg. due to permafrost thaw,Wetlands,2088,7.548241563828464,0.17623928834510488
g_m2_yr,mean,SSP5-8.5,Total inorg. due to permafrost thaw,Wetlands,2089,7.644834143291126,0.1784945695678859
g_m2_yr,mean,SSP5-8.5,Total inorg. due to permafrost thaw,Wetlands,2090,7.745442477766317,0.18084361220510917
g_m2_yr,mean,SSP5-8.5,Total inorg. due to permafrost thaw,Wetlands,2091,7.755301934614829,0.18107381464944772
g_m2_yr,mean,SSP5-8.5,Total inorg. due to permafrost thaw,Wetlands,2092,7.62681145932985,0.17807376891272073
g_m2_yr,mean,SSP5-8.5,Total inorg. due to permafrost thaw,Wetlands,2093,7.811565150110086,0.18238747015120169
g_m2_yr,mean,SSP5-8.5,Total inorg. due to permafrost thaw,Wetlands,2094,7.919856927346343,0.18491590880706057
g_m2_yr,mean,SSP5-8.5,Total inorg. due to permafrost thaw,Wetlands,2095,7.7237333542885676,0.18033673912215845
g_m2_yr,mean,SSP5-8.5,Total inorg. due to permafrost thaw,Wetlands,2096,7.952672352178285,0.1856820961462202
g_m2_yr,mean,SSP5-8.5,Total inorg. due to permafrost thaw,Wetlands,2097,7.895355977115116,0.1843438510640728
g_m2_yr,mean,SSP5-8.5,Total inorg. due to permafrost thaw,Wetlands,2098,8.19724880069933,0.1913925624672609
g_m2_yr,mean,SSP5-8.5,Total inorg. due to permafrost thaw,Wetlands,2099,8.643204547554836,0.20180491119704386
g_m2_yr,mean,SSP5-8.5,Total inorg. due to permafrost thaw,Barren,2000,0.13519261687342612,0.007422837691101706
g_m2_yr,mean,SSP5-8.5,Total inorg. due to permafrost thaw,Barren,2001,0.9934001093127011,0.05454327273400311
g_m2_yr,mean,SSP5-8.5,Total inorg. due to permafrost thaw,Barren,2002,0.6763275146537774,0.037134197735083564
g_m2_yr,mean,SSP5-8.5,Total inorg. due to permafrost thaw,Barren,2003,-1.0645448139740807,-0.05844951855937402
g_m2_yr,mean,SSP5-8.5,Total inorg. due to permafrost thaw,Barren,2004,0.1965134116134605,0.010789695415816028
g_m2_yr,mean,SSP5-8.5,Total inorg. due to permafrost thaw,Barren,2005,0.5327769609507702,0.029252462139989468
g_m2_yr,mean,SSP5-8.5,Total inorg. due to permafrost thaw,Barren,2006,-0.7350100984007507,-0.04035620278626241
g_m2_yr,mean,SSP5-8.5,Total inorg. due to permafrost thaw,Barren,2007,0.4990126215877361,0.027398609343621694
g_m2_yr,mean,SSP5-8.5,Total inorg. due to permafrost thaw,Barren,2008,0.24224859107797322,0.013300814896965859
g_m2_yr,mean,SSP5-8.5,Total inorg. due to permafrost thaw,Barren,2009,0.9427652194883271,0.05176313150021786
g_m2_yr,mean,SSP5-8.5,Total inorg. due to permafrost thaw,Barren,2010,-0.8669496443549549,-0.04760042852362382
g_m2_yr,mean,SSP5-8.5,Total inorg. due to permafrost thaw,Barren,2011,0.20851866124274396,0.011448851377881337
g_m2_yr,mean,SSP5-8.5,Total inorg. due to permafrost thaw,Barren,2012,-0.1303298431212496,-0.007155843966697728
g_m2_yr,mean,SSP5-8.5,Total inorg. due to permafrost thaw,Barren,2013,-0.5469638205319429,-0.030031400801381673
g_m2_yr,mean,SSP5-8.5,Total inorg. due to permafrost thaw,Barren,2014,1.3367205665917399,0.07339350353324173
g_m2_yr,mean,SSP5-8.5,Total inorg. due to permafrost thaw,Barren,2015,-0.7566156616555413,-0.04154247015036923
g_m2_yr,mean,SSP5-8.5,Total inorg. due to permafrost thaw,Barren,2016,0.7062913108855922,0.038779379263348845
g_m2_yr,mean,SSP5-8.5,Total inorg. due to permafrost thaw,Barren,2017,-0.4942397238349588,-0.027136550318843287
g_m2_yr,mean,SSP5-8.5,Total inorg. due to permafrost thaw,Barren,2018,-0.06482208225322744,-0.0035590981703937314
g_m2_yr,mean,SSP5-8.5,Total inorg. due to permafrost thaw,Barren,2019,0.6644203164982839,0.03648042535233011
g_m2_yr,mean,SSP5-8.5,Total inorg. due to permafrost thaw,Barren,2020,-0.2912537700518006,-0.015991475806996752
g_m2_yr,mean,SSP5-8.5,Total inorg. due to permafrost thaw,Barren,2080,0.6831578435989971,0.0375092213444325
g_m2_yr,mean,SSP5-8.5,Total inorg. due to permafrost thaw,Barren,2081,0.41609716079546594,0.022846082572724434
g_m2_yr,mean,SSP5-8.5,Total inorg. due to permafrost thaw,Barren,2082,0.36565798916702963,0.0200766873725262
g_m2_yr,mean,SSP5-8.5,Total inorg. due to permafrost thaw,Barren,2083,0.2891425471957067,0.015875557756492548
g_m2_yr,mean,SSP5-8.5,Total inorg. due to permafrost thaw,Barren,2084,0.5851252944731707,0.032126681103442474
g_m2_yr,mean,SSP5-8.5,Total inorg. due to permafrost thaw,Barren,2085,0.37299865649516867,0.020479731439438258
g_m2_yr,mean,SSP5-8.5,Total inorg. due to permafrost thaw,Barren,2086,0.5589412295832269,0.03068902815858308
g_m2_yr,mean,SSP5-8.5,Total inorg. due to permafrost thaw,Barren,2087,0.3880784573786544,0.021307697618072444
g_m2_yr,mean,SSP5-8.5,Total inorg. due to permafrost thaw,Barren,2088,0.5184032694789222,0.028463265353323285
g_m2_yr,mean,SSP5-8.5,Total inorg. due to permafrost thaw,Barren,2089,0.3887089069724996,0.021342312859020964
g_m2_yr,mean,SSP5-8.5,Total inorg. due to permafrost thaw,Barren,2090,0.487003396059801,0.026739235082280502
g_m2_yr,mean,SSP5-8.5,Total inorg. due to permafrost thaw,Barren,2091,0.4515528390565402,0.02479279942048159
g_m2_yr,mean,SSP5-8.5,Total inorg. due to permafrost thaw,Barren,2092,0.5160527301551419,0.028334207478045163
g_m2_yr,mean,SSP5-8.5,Total inorg. due to permafrost thaw,Barren,2093,0.4271792993248575,0.02345455452538287
g_m2_yr,mean,SSP5-8.5,Total inorg. due to permafrost thaw,Barren,2094,0.4953392747463157,0.02719692186972278
g_m2_yr,mean,SSP5-8.5,Total inorg. due to permafrost thaw,Barren,2095,0.5571509931065666,0.03059073407195126
g_m2_yr,mean,SSP5-8.5,Total inorg. due to permafrost thaw,Barren,2096,0.47360994427023095,0.026003858986626896
g_m2_yr,mean,SSP5-8.5,Total inorg. due to permafrost thaw,Barren,2097,0.32431296238315044,0.017806612051487623
g_m2_yr,mean,SSP5-8.5,Total inorg. due to permafrost thaw,Barren,2098,0.5271683140747625,0.028944515771392374
g_m2_yr,mean,SSP5-8.5,Total inorg. due to permafrost thaw,Barren,2099,0.44065136635190677,0.02419424704127711
g_m2_yr,mean,SSP5-8.5,Total inorg. due to permafrost thaw,Pan-Arctic,2000,0.13724528317442836,0.13724528317442836
g_m2_yr,mean,SSP5-8.5,Total inorg. due to permafrost thaw,Pan-Arctic,2001,0.658452868139495,0.658452868139495
g_m2_yr,mean,SSP5-8.5,Total inorg. due to permafrost thaw,Pan-Arctic,2002,0.18996467240257425,0.18996467240257425
g_m2_yr,mean,SSP5-8.5,Total inorg. due to permafrost thaw,Pan-Arctic,2003,-0.07370510476032104,-0.07370510476032104
g_m2_yr,mean,SSP5-8.5,Total inorg. due to permafrost thaw,Pan-Arctic,2004,0.7747109312524844,0.7747109312524844
g_m2_yr,mean,SSP5-8.5,Total inorg. due to permafrost thaw,Pan-Arctic,2005,0.23708089627018883,0.23708089627018883
g_m2_yr,mean,SSP5-8.5,Total inorg. due to permafrost thaw,Pan-Arctic,2006,0.6572463859687758,0.6572463859687758
g_m2_yr,mean,SSP5-8.5,Total inorg. due to permafrost thaw,Pan-Arctic,2007,0.46987725559461047,0.46987725559461047
g_m2_yr,mean,SSP5-8.5,Total inorg. due to permafrost thaw,Pan-Arctic,2008,0.5243945660338301,0.5243945660338301
g_m2_yr,mean,SSP5-8.5,Total inorg. due to permafrost thaw,Pan-Arctic,2009,0.2618443340433521,0.2618443340433521
g_m2_yr,mean,SSP5-8.5,Total inorg. due to permafrost thaw,Pan-Arctic,2010,0.06230549268502381,0.06230549268502381
g_m2_yr,mean,SSP5-8.5,Total inorg. due to permafrost thaw,Pan-Arctic,2011,0.10606013870047108,0.10606013870047108
g_m2_yr,mean,SSP5-8.5,Total inorg. due to permafrost thaw,Pan-Arctic,2012,0.3661790987052393,0.3661790987052393
g_m2_yr,mean,SSP5-8.5,Total inorg. due to permafrost thaw,Pan-Arctic,2013,0.15936887991222573,0.15936887991222573
g_m2_yr,mean,SSP5-8.5,Total inorg. due to permafrost thaw,Pan-Arctic,2014,1.2856381380952762,1.2856381380952762
g_m2_yr,mean,SSP5-8.5,Total inorg. due to permafrost thaw,Pan-Arctic,2015,0.04561998297425732,0.04561998297425732
g_m2_yr,mean,SSP5-8.5,Total inorg. due to permafrost thaw,Pan-Arctic,2016,0.5114653237617105,0.5114653237617105
g_m2_yr,mean,SSP5-8.5,Total inorg. due to permafrost thaw,Pan-Arctic,2017,0.41133215972142106,0.41133215972142106
g_m2_yr,mean,SSP5-8.5,Total inorg. due to permafrost thaw,Pan-Arctic,2018,-0.11960785240143981,-0.11960785240143981
g_m2_yr,mean,SSP5-8.5,Total inorg. due to permafrost thaw,Pan-Arctic,2019,1.017846431516842,1.017846431516842
g_m2_yr,mean,SSP5-8.5,Total inorg. due to permafrost thaw,Pan-Arctic,2020,0.7727409952076812,0.7727409952076812
g_m2_yr,mean,SSP5-8.5,Total inorg. due to permafrost thaw,Pan-Arctic,2080,2.1134038208951926,2.1134038208951926
g_m2_yr,mean,SSP5-8.5,Total inorg. due to permafrost thaw,Pan-Arctic,2081,1.793879775945604,1.793879775945604
g_m2_yr,mean,SSP5-8.5,Total inorg. due to permafrost thaw,Pan-Arctic,2082,2.001851628284306,2.001851628284306
g_m2_yr,mean,SSP5-8.5,Total inorg. due to permafrost thaw,Pan-Arctic,2083,1.8701757783932482,1.8701757783932482
g_m2_yr,mean,SSP5-8.5,Total inorg. due to permafrost thaw,Pan-Arctic,2084,1.9362253775703915,1.9362253775703915
g_m2_yr,mean,SSP5-8.5,Total inorg. due to permafrost thaw,Pan-Arctic,2085,1.843109656934923,1.843109656934923
g_m2_yr,mean,SSP5-8.5,Total inorg. due to permafrost thaw,Pan-Arctic,2086,2.1264074807742266,2.1264074807742266
g_m2_yr,mean,SSP5-8.5,Total inorg. due to permafrost thaw,Pan-Arctic,2087,1.9045629127078543,1.9045629127078543
g_m2_yr,mean,SSP5-8.5,Total inorg. due to permafrost thaw,Pan-Arctic,2088,2.007407727643173,2.007407727643173
g_m2_yr,mean,SSP5-8.5,Total inorg. due to permafrost thaw,Pan-Arctic,2089,1.887747383771093,1.887747383771093
g_m2_yr,mean,SSP5-8.5,Total inorg. due to permafrost thaw,Pan-Arctic,2090,2.22173876326143,2.22173876326143
g_m2_yr,mean,SSP5-8.5,Total inorg. due to permafrost thaw,Pan-Arctic,2091,2.094364365242727,2.094364365242727
g_m2_yr,mean,SSP5-8.5,Total inorg. due to permafrost thaw,Pan-Arctic,2092,1.9657653382833218,1.9657653382833218
g_m2_yr,mean,SSP5-8.5,Total inorg. due to permafrost thaw,Pan-Arctic,2093,2.1367425358785317,2.1367425358785317
g_m2_yr,mean,SSP5-8.5,Total inorg. due to permafrost thaw,Pan-Arctic,2094,2.1085513111394634,2.1085513111394634
g_m2_yr,mean,SSP5-8.5,Total inorg. due to permafrost thaw,Pan-Arctic,2095,2.1977819655065307,2.1977819655065307
g_m2_yr,mean,SSP5-8.5,Total inorg. due to permafrost thaw,Pan-Arctic,2096,2.1048646746756576,2.1048646746756576
g_m2_yr,mean,SSP5-8.5,Total inorg. due to permafrost thaw,Pan-Arctic,2097,2.1145834971713255,2.1145834971713255
g_m2_yr,mean,SSP5-8.5,Total inorg. due to permafrost thaw,Pan-Arctic,2098,2.291015722507417,2.291015722507417
g_m2_yr,mean,SSP5-8.5,Total inorg. due to permafrost thaw,Pan-Arctic,2099,2.1331075240434867,2.1331075240434867
g_m2_yr,plus,SSP5-8.5,Total inorg. due to permafrost thaw,Taiga,2000,0.8601727509274103,0.30185713886757914
g_m2_yr,plus,SSP5-8.5,Total inorg. due to permafrost thaw,Taiga,2001,1.0732231208641791,0.3766220916453259
g_m2_yr,plus,SSP5-8.5,Total inorg. due to permafrost thaw,Taiga,2002,0.302788157487121,0.10625629189427954
g_m2_yr,plus,SSP5-8.5,Total inorg. due to permafrost thaw,Taiga,2003,0.2692829481091032,0.09449843670867493
g_m2_yr,plus,SSP5-8.5,Total inorg. due to permafrost thaw,Taiga,2004,0.8698478127567015,0.3052523713705944
g_m2_yr,plus,SSP5-8.5,Total inorg. due to permafrost thaw,Taiga,2005,0.18919905037634113,0.06639490028193755
g_m2_yr,plus,SSP5-8.5,Total inorg. due to permafrost thaw,Taiga,2006,1.415785212149583,0.49683609824855623
g_m2_yr,plus,SSP5-8.5,Total inorg. due to permafrost thaw,Taiga,2007,0.8300957909574311,0.29130234615578493
g_m2_yr,plus,SSP5-8.5,Total inorg. due to permafrost thaw,Taiga,2008,0.7624054157003196,0.2675480212461032
g_m2_yr,plus,SSP5-8.5,Total inorg. due to permafrost thaw,Taiga,2009,0.0854010992426009,0.029969481648568483
g_m2_yr,plus,SSP5-8.5,Total inorg. due to permafrost thaw,Taiga,2010,0.9226732109659415,0.3237901866475717
g_m2_yr,plus,SSP5-8.5,Total inorg. due to permafrost thaw,Taiga,2011,0.02230581018445508,0.007827692792108836
g_m2_yr,plus,SSP5-8.5,Total inorg. due to permafrost thaw,Taiga,2012,0.4893137114069067,0.17171299227360642
g_m2_yr,plus,SSP5-8.5,Total inorg. due to permafrost thaw,Taiga,2013,0.4986759917874628,0.17499846157718965
g_m2_yr,plus,SSP5-8.5,Total inorg. due to permafrost thaw,Taiga,2014,1.5154953500444794,0.53182699619155
g_m2_yr,plus,SSP5-8.5,Total inorg. due to permafrost thaw,Taiga,2015,0.38224863278776955,0.134141053067487
g_m2_yr,plus,SSP5-8.5,Total inorg. due to permafrost thaw,Taiga,2016,0.8496647276510784,0.2981695983846615
g_m2_yr,plus,SSP5-8.5,Total inorg. due to permafrost thaw,Taiga,2017,0.7097475430792426,0.2490689950840746
g_m2_yr,plus,SSP5-8.5,Total inorg. due to permafrost thaw,Taiga,2018,0.35776380997567603,0.12554868769463656
g_m2_yr,plus,SSP5-8.5,Total inorg. due to permafrost thaw,Taiga,2019,1.1773089979620006,0.4131485510378094
g_m2_yr,plus,SSP5-8.5,Total inorg. due to permafrost thaw,Taiga,2020,0.9829367966355139,0.3449382566468892
g_m2_yr,plus,SSP5-8.5,Total inorg. due to permafrost thaw,Taiga,2080,1.9116139927711624,0.6708353988835296
g_m2_yr,plus,SSP5-8.5,Total inorg. due to permafrost thaw,Taiga,2081,1.8715172987305275,0.6567644191552073
g_m2_yr,plus,SSP5-8.5,Total inorg. due to permafrost thaw,Taiga,2082,1.9546863598206892,0.6859506201780967
g_m2_yr,plus,SSP5-8.5,Total inorg. due to permafrost thaw,Taiga,2083,1.8963564274203386,0.6654811197367895
g_m2_yr,plus,SSP5-8.5,Total inorg. due to permafrost thaw,Taiga,2084,1.9934846246286124,0.6995659470939045
g_m2_yr,plus,SSP5-8.5,Total inorg. due to permafrost thaw,Taiga,2085,1.9574532856383133,0.6869216068896222
g_m2_yr,plus,SSP5-8.5,Total inorg. due to permafrost thaw,Taiga,2086,2.0295851955534197,0.7122345825965979
g_m2_yr,plus,SSP5-8.5,Total inorg. due to permafrost thaw,Taiga,2087,2.0895478369496145,0.7332770433712308
g_m2_yr,plus,SSP5-8.5,Total inorg. due to permafrost thaw,Taiga,2088,1.9797319257589598,0.6947397649949891
g_m2_yr,plus,SSP5-8.5,Total inorg. due to permafrost thaw,Taiga,2089,1.9987290681716006,0.7014063596402589
g_m2_yr,plus,SSP5-8.5,Total inorg. due to permafrost thaw,Taiga,2090,2.0979961319403175,0.7362417712720545
g_m2_yr,plus,SSP5-8.5,Total inorg. due to permafrost thaw,Taiga,2091,2.0289671161833165,0.7120176823634164
g_m2_yr,plus,SSP5-8.5,Total inorg. due to permafrost thaw,Taiga,2092,1.9908633512526284,0.6986460736375422
g_m2_yr,plus,SSP5-8.5,Total inorg. due to permafrost thaw,Taiga,2093,2.0117663461241544,0.7059814818086096
g_m2_yr,plus,SSP5-8.5,Total inorg. due to permafrost thaw,Taiga,2094,2.0614269231784488,0.7234086784827197
g_m2_yr,plus,SSP5-8.5,Total inorg. due to permafrost thaw,Taiga,2095,2.055201525205786,0.7212240233441861
g_m2_yr,plus,SSP5-8.5,Total inorg. due to permafrost thaw,Taiga,2096,2.1283735561565917,0.7469020047544624
g_m2_yr,plus,SSP5-8.5,Total inorg. due to permafrost thaw,Taiga,2097,2.137568047547083,0.7501285925084734
g_m2_yr,plus,SSP5-8.5,Total inorg. due to permafrost thaw,Taiga,2098,2.120109739993798,0.7440020153042746
g_m2_yr,plus,SSP5-8.5,Total inorg. due to permafrost thaw,Taiga,2099,2.214250698687295,0.7770385424563281
g_m2_yr,plus,SSP5-8.5,Total inorg. due to permafrost thaw,Tundra,2000,-0.34312942578616235,-0.1958650648844784
g_m2_yr,plus,SSP5-8.5,Total inorg. due to permafrost thaw,Tundra,2001,1.0257874108061513,0.5855397487840007
g_m2_yr,plus,SSP5-8.5,Total inorg. due to permafrost thaw,Tundra,2002,-0.07158812024964771,-0.04086391537400041
g_m2_yr,plus,SSP5-8.5,Total inorg. due to permafrost thaw,Tundra,2003,0.2080952701159479,0.11878489724403256
g_m2_yr,plus,SSP5-8.5,Total inorg. due to permafrost thaw,Tundra,2004,1.0572873492463013,0.6035205368563185
g_m2_yr,plus,SSP5-8.5,Total inorg. due to permafrost thaw,Tundra,2005,0.03594346923656554,0.02051724336396763
g_m2_yr,plus,SSP5-8.5,Total inorg. due to permafrost thaw,Tundra,2006,0.8459670957012456,0.48289475526625136
g_m2_yr,plus,SSP5-8.5,Total inorg. due to permafrost thaw,Tundra,2007,1.0249481208713573,0.5850606654842847
g_m2_yr,plus,SSP5-8.5,Total inorg. due to permafrost thaw,Tundra,2008,0.55316597422272,0.3157580822011451
g_m2_yr,plus,SSP5-8.5,Total inorg. due to permafrost thaw,Tundra,2009,0.5931517664646679,0.33858276351194344
g_m2_yr,plus,SSP5-8.5,Total inorg. due to permafrost thaw,Tundra,2010,-0.8749635934310346,-0.4994465298517605
g_m2_yr,plus,SSP5-8.5,Total inorg. due to permafrost thaw,Tundra,2011,0.45007970697128286,0.2569144013432859
g_m2_yr,plus,SSP5-8.5,Total inorg. due to permafrost thaw,Tundra,2012,0.6558274961939476,0.3743593100496857
g_m2_yr,plus,SSP5-8.5,Total inorg. due to permafrost thaw,Tundra,2013,-0.2547482291706783,-0.14541532927816034
g_m2_yr,plus,SSP5-8.5,Total inorg. due to permafrost thaw,Tundra,2014,1.9437342444534822,1.1095219625533412
g_m2_yr,plus,SSP5-8.5,Total inorg. due to permafrost thaw,Tundra,2015,-0.4584956239601393,-0.26171837326527436
g_m2_yr,plus,SSP5-8.5,Total inorg. due to permafrost thaw,Tundra,2016,0.9471848848317092,0.5406718718457446
g_m2_yr,plus,SSP5-8.5,Total inorg. due to permafrost thaw,Tundra,2017,1.0599575900962657,0.6050447631628708
g_m2_yr,plus,SSP5-8.5,Total inorg. due to permafrost thaw,Tundra,2018,-0.6112247546581737,-0.3488991827379164
g_m2_yr,plus,SSP5-8.5,Total inorg. due to permafrost thaw,Tundra,2019,1.286262825709547,0.7342242689879293
g_m2_yr,plus,SSP5-8.5,Total inorg. due to permafrost thaw,Tundra,2020,0.9525584849068887,0.543739229082673
g_m2_yr,plus,SSP5-8.5,Total inorg. due to permafrost thaw,Tundra,2080,1.8521084465279363,1.05722014432641
g_m2_yr,plus,SSP5-8.5,Total inorg. due to permafrost thaw,Tundra,2081,1.8681270327212127,1.066363870245326
g_m2_yr,plus,SSP5-8.5,Total inorg. due to permafrost thaw,Tundra,2082,1.9997769735815325,1.1415122611172701
g_m2_yr,plus,SSP5-8.5,Total inorg. due to permafrost thaw,Tundra,2083,1.9532505408353538,1.114954052803324
g_m2_yr,plus,SSP5-8.5,Total inorg. due to permafrost thaw,Tundra,2084,1.9078022974104505,1.0890112962854035
g_m2_yr,plus,SSP5-8.5,Total inorg. due to permafrost thaw,Tundra,2085,1.9249004846079338,1.098771279816892
g_m2_yr,plus,SSP5-8.5,Total inorg. due to permafrost thaw,Tundra,2086,2.0233082677260747,1.1549443893699745
g_m2_yr,plus,SSP5-8.5,Total inorg. due to permafrost thaw,Tundra,2087,2.0513040366463065,1.1709249281520644
g_m2_yr,plus,SSP5-8.5,Total inorg. due to permafrost thaw,Tundra,2088,1.9622826206089228,1.1201097426333018
g_m2_yr,plus,SSP5-8.5,Total inorg. due to permafrost thaw,Tundra,2089,2.005352303167559,1.1446947695501084
g_m2_yr,plus,SSP5-8.5,Total inorg. due to permafrost thaw,Tundra,2090,2.192528383420392,1.2515385793444649
g_m2_yr,plus,SSP5-8.5,Total inorg. due to permafrost thaw,Tundra,2091,2.1218621581870467,1.2112008998850063
g_m2_yr,plus,SSP5-8.5,Total inorg. due to permafrost thaw,Tundra,2092,2.047714760446191,1.1688760982849866
g_m2_yr,plus,SSP5-8.5,Total inorg. due to permafrost thaw,Tundra,2093,2.102213453411391,1.19998503045917
g_m2_yr,plus,SSP5-8.5,Total inorg. due to permafrost thaw,Tundra,2094,1.9119276776588856,1.0913661449498153
g_m2_yr,plus,SSP5-8.5,Total inorg. due to permafrost thaw,Tundra,2095,2.082534655669622,1.1887519833729019
g_m2_yr,plus,SSP5-8.5,Total inorg. due to permafrost thaw,Tundra,2096,2.27029966111438,1.2959319633184023
g_m2_yr,plus,SSP5-8.5,Total inorg. due to permafrost thaw,Tundra,2097,2.260113340291298,1.2901174098612747
g_m2_yr,plus,SSP5-8.5,Total inorg. due to permafrost thaw,Tundra,2098,2.173096015197171,1.2404461991028701
g_m2_yr,plus,SSP5-8.5,Total inorg. due to permafrost thaw,Tundra,2099,2.371706605183733,1.3538170532793503
g_m2_yr,plus,SSP5-8.5,Total inorg. due to permafrost thaw,Wetlands,2000,-0.6825124661013567,-0.015935567283482232
g_m2_yr,plus,SSP5-8.5,Total inorg. due to permafrost thaw,Wetlands,2001,1.5986016630844082,0.03732477518994512
g_m2_yr,plus,SSP5-8.5,Total inorg. due to permafrost thaw,Wetlands,2002,-0.17412078217862578,-0.00406543994091382
g_m2_yr,plus,SSP5-8.5,Total inorg. due to permafrost thaw,Wetlands,2003,-1.3478409845729815,-0.03146991705483076
g_m2_yr,plus,SSP5-8.5,Total inorg. due to permafrost thaw,Wetlands,2004,2.671075725100314,0.06236531792562307
g_m2_yr,plus,SSP5-8.5,Total inorg. due to permafrost thaw,Wetlands,2005,1.528179736709325,0.035680536583736405
g_m2_yr,plus,SSP5-8.5,Total inorg. due to permafrost thaw,Wetlands,2006,4.230437663582427,0.09877390871946906
g_m2_yr,plus,SSP5-8.5,Total inorg. due to permafrost thaw,Wetlands,2007,1.1659468373282176,0.02722298155422687
g_m2_yr,plus,SSP5-8.5,Total inorg. due to permafrost thaw,Wetlands,2008,1.2733213132614918,0.0297300027014556
g_m2_yr,plus,SSP5-8.5,Total inorg. due to permafrost thaw,Wetlands,2009,0.39201150978147264,0.009152837640762461
g_m2_yr,plus,SSP5-8.5,Total inorg. due to permafrost thaw,Wetlands,2010,2.402239579135971,0.05608842672579165
g_m2_yr,plus,SSP5-8.5,Total inorg. due to permafrost thaw,Wetlands,2011,-0.12825754023071195,-0.0029946070782198957
g_m2_yr,plus,SSP5-8.5,Total inorg. due to permafrost thaw,Wetlands,2012,4.601020733863918,0.10742642679627902
g_m2_yr,plus,SSP5-8.5,Total inorg. due to permafrost thaw,Wetlands,2013,-2.026132777958741,-0.047306938425408056
g_m2_yr,plus,SSP5-8.5,Total inorg. due to permafrost thaw,Wetlands,2014,3.94620981693128,0.09213764608822214
g_m2_yr,plus,SSP5-8.5,Total inorg. due to permafrost thaw,Wetlands,2015,4.92803020038414,0.11506157137588696
g_m2_yr,plus,SSP5-8.5,Total inorg. due to permafrost thaw,Wetlands,2016,-1.5654128377263619,-0.03654986954965115
g_m2_yr,plus,SSP5-8.5,Total inorg. due to permafrost thaw,Wetlands,2017,0.29911499541703956,0.00698385358760444
g_m2_yr,plus,SSP5-8.5,Total inorg. due to permafrost thaw,Wetlands,2018,-0.5150498534062089,-0.012025584880794584
g_m2_yr,plus,SSP5-8.5,Total inorg. due to permafrost thaw,Wetlands,2019,2.231675382140912,0.052106027323046915
g_m2_yr,plus,SSP5-8.5,Total inorg. due to permafrost thaw,Wetlands,2020,4.265657356883258,0.09959623185666383
g_m2_yr,plus,SSP5-8.5,Total inorg. due to permafrost thaw,Wetlands,2080,6.6221758621552835,0.154617145115641
g_m2_yr,plus,SSP5-8.5,Total inorg. due to permafrost thaw,Wetlands,2081,6.712987480465408,0.15673745020247581
g_m2_yr,plus,SSP5-8.5,Total inorg. due to permafrost thaw,Wetlands,2082,6.848714379218994,0.15990645477703103
g_m2_yr,plus,SSP5-8.5,Total inorg. due to permafrost thaw,Wetlands,2083,6.932883870106317,0.16187167688192983
g_m2_yr,plus,SSP5-8.5,Total inorg. due to permafrost thaw,Wetlands,2084,7.241361100072664,0.16907412357368146
g_m2_yr,plus,SSP5-8.5,Total inorg. due to permafrost thaw,Wetlands,2085,7.098888973698658,0.16574762879356034
g_m2_yr,plus,SSP5-8.5,Total inorg. due to permafrost thaw,Wetlands,2086,7.295126892651875,0.17032946827103168
g_m2_yr,plus,SSP5-8.5,Total inorg. due to permafrost thaw,Wetlands,2087,7.4693269431048686,0.1743967589985353
g_m2_yr,plus,SSP5-8.5,Total inorg. due to permafrost thaw,Wetlands,2088,7.168249592154281,0.16736708756848528
g_m2_yr,plus,SSP5-8.5,Total inorg. due to permafrost thaw,Wetlands,2089,7.166885670363617,0.16733524219049725
g_m2_yr,plus,SSP5-8.5,Total inorg. due to permafrost thaw,Wetlands,2090,7.302768898337611,0.17050789680066927
g_m2_yr,plus,SSP5-8.5,Total inorg. due to permafrost thaw,Wetlands,2091,7.245455964566115,0.16916973206714217
g_m2_yr,plus,SSP5-8.5,Total inorg. due to permafrost thaw,Wetlands,2092,7.26335990757062,0.16958776031213185
g_m2_yr,plus,SSP5-8.5,Total inorg. due to permafrost thaw,Wetlands,2093,7.274031448147819,0.16983692360413408
g_m2_yr,plus,SSP5-8.5,Total inorg. due to permafrost thaw,Wetlands,2094,7.44472867143052,0.1738224289565317
g_m2_yr,plus,SSP5-8.5,Total inorg. due to permafrost thaw,Wetlands,2095,7.215923649892314,0.1684802000645847
g_m2_yr,plus,SSP5-8.5,Total inorg. due to permafrost thaw,Wetlands,2096,7.345847337156942,0.17151370899365986
g_m2_yr,plus,SSP5-8.5,Total inorg. due to permafrost thaw,Wetlands,2097,7.386470559136729,0.17246219582618402
g_m2_yr,plus,SSP5-8.5,Total inorg. due to permafrost thaw,Wetlands,2098,7.689177665208621,0.1795299194145184
g_m2_yr,plus,SSP5-8.5,Total inorg. due to permafrost thaw,Wetlands,2099,7.9462434822417825,0.18553199238325876
g_m2_yr,plus,SSP5-8.5,Total inorg. due to permafrost thaw,Barren,2000,0.4603104213961145,0.025273640118564835
g_m2_yr,plus,SSP5-8.5,Total inorg. due to permafrost thaw,Barren,2001,1.2635242489774938,0.06937461257749106
g_m2_yr,plus,SSP5-8.5,Total inorg. due to permafrost thaw,Barren,2002,1.3629124731618765,0.074831587030602
g_m2_yr,plus,SSP5-8.5,Total inorg. due to permafrost thaw,Barren,2003,-1.7470286154586299,-0.09592173118744148
g_m2_yr,plus,SSP5-8.5,Total inorg. due to permafrost thaw,Barren,2004,0.15949599619008906,0.008757230383431692
g_m2_yr,plus,SSP5-8.5,Total inorg. due to permafrost thaw,Barren,2005,0.08731747253480944,0.004794222060439475
g_m2_yr,plus,SSP5-8.5,Total inorg. due to permafrost thaw,Barren,2006,-0.9264786066466264,-0.050868904533852205
g_m2_yr,plus,SSP5-8.5,Total inorg. due to permafrost thaw,Barren,2007,0.9308929901127566,0.051111279100845355
g_m2_yr,plus,SSP5-8.5,Total inorg. due to permafrost thaw,Barren,2008,1.1733791531909448,0.0644251380414752
g_m2_yr,plus,SSP5-8.5,Total inorg. due to permafrost thaw,Barren,2009,0.7962527752316235,0.04371877139686766
g_m2_yr,plus,SSP5-8.5,Total inorg. due to permafrost thaw,Barren,2010,-1.63374819470508,-0.08970199673537028
g_m2_yr,plus,SSP5-8.5,Total inorg. due to permafrost thaw,Barren,2011,0.6793815639098115,0.037301882276240095
g_m2_yr,plus,SSP5-8.5,Total inorg. due to permafrost thaw,Barren,2012,-0.44721133494788223,-0.024554426341543478
g_m2_yr,plus,SSP5-8.5,Total inorg. due to permafrost thaw,Barren,2013,-0.9753153728777115,-0.05355031863378799
g_m2_yr,plus,SSP5-8.5,Total inorg. due to permafrost thaw,Barren,2014,2.036150203803868,0.11179613818475194
g_m2_yr,plus,SSP5-8.5,Total inorg. due to permafrost thaw,Barren,2015,-1.0209945934699287,-0.05605836565701791
g_m2_yr,plus,SSP5-8.5,Total inorg. due to permafrost thaw,Barren,2016,0.5398758118921554,0.02964222912246131
g_m2_yr,plus,SSP5-8.5,Total inorg. due to permafrost thaw,Barren,2017,-0.6485775767801928,-0.03561056952566274
g_m2_yr,plus,SSP5-8.5,Total inorg. due to permafrost thaw,Barren,2018,-0.2311228208465189,-0.012689947317607614
g_m2_yr,plus,SSP5-8.5,Total inorg. due to permafrost thaw,Barren,2019,1.2529838858519473,0.06879588715227455
g_m2_yr,plus,SSP5-8.5,Total inorg. due to permafrost thaw,Barren,2020,-0.7301566359545848,-0.040089720305111265
g_m2_yr,plus,SSP5-8.5,Total inorg. due to permafrost thaw,Barren,2080,0.6830677996494713,0.03750427742339706
g_m2_yr,plus,SSP5-8.5,Total inorg. due to permafrost thaw,Barren,2081,0.5758563811512203,0.03161776544848371
g_m2_yr,plus,SSP5-8.5,Total inorg. due to permafrost thaw,Barren,2082,0.6097292229241486,0.03347757563954036
g_m2_yr,plus,SSP5-8.5,Total inorg. due to permafrost thaw,Barren,2083,0.13204341590546206,0.007249928783925634
g_m2_yr,plus,SSP5-8.5,Total inorg. due to permafrost thaw,Barren,2084,1.0445542777772405,0.05735192529593297
g_m2_yr,plus,SSP5-8.5,Total inorg. due to permafrost thaw,Barren,2085,0.8914806517502958,0.04894731928220209
g_m2_yr,plus,SSP5-8.5,Total inorg. due to permafrost thaw,Barren,2086,0.5844509041052959,0.03208965326599877
g_m2_yr,plus,SSP5-8.5,Total inorg. due to permafrost thaw,Barren,2087,0.3541467174964427,0.019444653588396237
g_m2_yr,plus,SSP5-8.5,Total inorg. due to permafrost thaw,Barren,2088,0.7957091968162753,0.04368892587391803
g_m2_yr,plus,SSP5-8.5,Total inorg. due to permafrost thaw,Barren,2089,0.6090870288619293,0.033442315560992544
g_m2_yr,plus,SSP5-8.5,Total inorg. due to permafrost thaw,Barren,2090,0.5787955680746845,0.031779143399301164
g_m2_yr,plus,SSP5-8.5,Total inorg. due to permafrost thaw,Barren,2091,0.6320488797379192,0.03470305077036667
g_m2_yr,plus,SSP5-8.5,Total inorg. due to permafrost thaw,Barren,2092,0.759743202533365,0.04171418979634743
g_m2_yr,plus,SSP5-8.5,Total inorg. due to permafrost thaw,Barren,2093,0.6895573977651012,0.03786059298712271
g_m2_yr,plus,SSP5-8.5,Total inorg. due to permafrost thaw,Barren,2094,0.6166115457074332,0.03385545400405137
g_m2_yr,plus,SSP5-8.5,Total inorg. due to permafrost thaw,Barren,2095,0.7195948338034993,0.039509817756391195
g_m2_yr,plus,SSP5-8.5,Total inorg. due to permafrost thaw,Barren,2096,0.704885359313671,0.038702184586884444
g_m2_yr,plus,SSP5-8.5,Total inorg. due to permafrost thaw,Barren,2097,0.6772286319172377,0.03718367415873751
g_m2_yr,plus,SSP5-8.5,Total inorg. due to permafrost thaw,Barren,2098,0.6358449956626034,0.034911478959843305
g_m2_yr,plus,SSP5-8.5,Total inorg. due to permafrost thaw,Barren,2099,0.7824500651462789,0.04296092471092941
g_m2_yr,plus,SSP5-8.5,Total inorg. due to permafrost thaw,Pan-Arctic,2000,0.11533014681818335,0.11533014681818335
g_m2_yr,plus,SSP5-8.5,Total inorg. due to permafrost thaw,Pan-Arctic,2001,1.0688612281967629,1.0688612281967629
g_m2_yr,plus,SSP5-8.5,Total inorg. due to permafrost thaw,Pan-Arctic,2002,0.1361585236099673,0.1361585236099673
g_m2_yr,plus,SSP5-8.5,Total inorg. due to permafrost thaw,Pan-Arctic,2003,0.08589168571043525,0.08589168571043525
g_m2_yr,plus,SSP5-8.5,Total inorg. due to permafrost thaw,Pan-Arctic,2004,0.9798954565359677,0.9798954565359677
g_m2_yr,plus,SSP5-8.5,Total inorg. due to permafrost thaw,Pan-Arctic,2005,0.12738690229008107,0.12738690229008107
g_m2_yr,plus,SSP5-8.5,Total inorg. due to permafrost thaw,Pan-Arctic,2006,1.0276358577004245,1.0276358577004245
g_m2_yr,plus,SSP5-8.5,Total inorg. due to permafrost thaw,Pan-Arctic,2007,0.9546972722951419,0.9546972722951419
g_m2_yr,plus,SSP5-8.5,Total inorg. due to permafrost thaw,Pan-Arctic,2008,0.6774612441901791,0.6774612441901791
g_m2_yr,plus,SSP5-8.5,Total inorg. due to permafrost thaw,Pan-Arctic,2009,0.42142385419814204,0.42142385419814204
g_m2_yr,plus,SSP5-8.5,Total inorg. due to permafrost thaw,Pan-Arctic,2010,-0.2092699132137675,-0.2092699132137675
g_m2_yr,plus,SSP5-8.5,Total inorg. due to permafrost thaw,Pan-Arctic,2011,0.2990493693334149,0.2990493693334149
g_m2_yr,plus,SSP5-8.5,Total inorg. due to permafrost thaw,Pan-Arctic,2012,0.6289443027780277,0.6289443027780277
g_m2_yr,plus,SSP5-8.5,Total inorg. due to permafrost thaw,Pan-Arctic,2013,-0.07127412476016674,-0.07127412476016674
g_m2_yr,plus,SSP5-8.5,Total inorg. due to permafrost thaw,Pan-Arctic,2014,1.8452827430178655,1.8452827430178655
g_m2_yr,plus,SSP5-8.5,Total inorg. due to permafrost thaw,Pan-Arctic,2015,-0.06857411447891833,-0.06857411447891833
g_m2_yr,plus,SSP5-8.5,Total inorg. due to permafrost thaw,Pan-Arctic,2016,0.8319338298032164,0.8319338298032164
g_m2_yr,plus,SSP5-8.5,Total inorg. due to permafrost thaw,Pan-Arctic,2017,0.825487042308887,0.825487042308887
g_m2_yr,plus,SSP5-8.5,Total inorg. due to permafrost thaw,Pan-Arctic,2018,-0.24806602724168209,-0.24806602724168209
g_m2_yr,plus,SSP5-8.5,Total inorg. due to permafrost thaw,Pan-Arctic,2019,1.26827473450106,1.26827473450106
g_m2_yr,plus,SSP5-8.5,Total inorg. due to permafrost thaw,Pan-Arctic,2020,0.9481839972811148,0.9481839972811148
g_m2_yr,plus,SSP5-8.5,Total inorg. due to permafrost thaw,Pan-Arctic,2080,1.9201769657489776,1.9201769657489776
g_m2_yr,plus,SSP5-8.5,Total inorg. due to permafrost thaw,Pan-Arctic,2081,1.911483505051493,1.911483505051493
g_m2_yr,plus,SSP5-8.5,Total inorg. due to permafrost thaw,Pan-Arctic,2082,2.020846911711938,2.020846911711938
g_m2_yr,plus,SSP5-8.5,Total inorg. due to permafrost thaw,Pan-Arctic,2083,1.949556778205969,1.949556778205969
g_m2_yr,plus,SSP5-8.5,Total inorg. due to permafrost thaw,Pan-Arctic,2084,2.0150032922489225,2.0150032922489225
g_m2_yr,plus,SSP5-8.5,Total inorg. due to permafrost thaw,Pan-Arctic,2085,2.0003878347822766,2.0003878347822766
g_m2_yr,plus,SSP5-8.5,Total inorg. due to permafrost thaw,Pan-Arctic,2086,2.0695980935036027,2.0695980935036027
g_m2_yr,plus,SSP5-8.5,Total inorg. due to permafrost thaw,Pan-Arctic,2087,2.0980433841102264,2.0980433841102264
g_m2_yr,plus,SSP5-8.5,Total inorg. due to permafrost thaw,Pan-Arctic,2088,2.0259055210706944,2.0259055210706944
g_m2_yr,plus,SSP5-8.5,Total inorg. due to permafrost thaw,Pan-Arctic,2089,2.046878686941857,2.046878686941857
g_m2_yr,plus,SSP5-8.5,Total inorg. due to permafrost thaw,Pan-Arctic,2090,2.19006739081649,2.19006739081649
g_m2_yr,plus,SSP5-8.5,Total inorg. due to permafrost thaw,Pan-Arctic,2091,2.1270913650859318,2.1270913650859318
g_m2_yr,plus,SSP5-8.5,Total inorg. due to permafrost thaw,Pan-Arctic,2092,2.078824122031008,2.078824122031008
g_m2_yr,plus,SSP5-8.5,Total inorg. due to permafrost thaw,Pan-Arctic,2093,2.113664028859036,2.113664028859036
g_m2_yr,plus,SSP5-8.5,Total inorg. due to permafrost thaw,Pan-Arctic,2094,2.022452706393118,2.022452706393118
g_m2_yr,plus,SSP5-8.5,Total inorg. due to permafrost thaw,Pan-Arctic,2095,2.117966024538064,2.117966024538064
g_m2_yr,plus,SSP5-8.5,Total inorg. due to permafrost thaw,Pan-Arctic,2096,2.2530498616534094,2.2530498616534094
g_m2_yr,plus,SSP5-8.5,Total inorg. due to permafrost thaw,Pan-Arctic,2097,2.2498918723546697,2.2498918723546697
g_m2_yr,plus,SSP5-8.5,Total inorg. due to permafrost thaw,Pan-Arctic,2098,2.1988896127815063,2.1988896127815063
g_m2_yr,plus,SSP5-8.5,Total inorg. due to permafrost thaw,Pan-Arctic,2099,2.359348512829867,2.359348512829867
g_m2_yr,minus,SSP5-8.5,Total inorg. due to permafrost thaw,Taiga,2000,0.5453021720906178,0.19136080898642768
g_m2_yr,minus,SSP5-8.5,Total inorg. due to permafrost thaw,Taiga,2001,1.1655433463345985e-4,4.0901967583997144e-5
g_m2_yr,minus,SSP5-8.5,Total inorg. due to permafrost thaw,Taiga,2002,0.5678513433467984,0.19927390355014993
g_m2_yr,minus,SSP5-8.5,Total inorg. due to permafrost thaw,Taiga,2003,0.06138385351515006,0.021541201316563747
g_m2_yr,minus,SSP5-8.5,Total inorg. due to permafrost thaw,Taiga,2004,0.5272313728522023,0.1850192924139981
g_m2_yr,minus,SSP5-8.5,Total inorg. due to permafrost thaw,Taiga,2005,0.006361349445684474,0.0022323640698230195
g_m2_yr,minus,SSP5-8.5,Total inorg. due to permafrost thaw,Taiga,2006,0.7655667620024578,0.26865742043214363
g_m2_yr,minus,SSP5-8.5,Total inorg. due to permafrost thaw,Taiga,2007,0.10745320867352373,0.037708144204010065
g_m2_yr,minus,SSP5-8.5,Total inorg. due to permafrost thaw,Taiga,2008,0.6038551192396031,0.21190857114187966
g_m2_yr,minus,SSP5-8.5,Total inorg. due to permafrost thaw,Taiga,2009,-0.18703940807528543,-0.06563702525593701
g_m2_yr,minus,SSP5-8.5,Total inorg. due to permafrost thaw,Taiga,2010,0.5290979178515314,0.1856743119231113
g_m2_yr,minus,SSP5-8.5,Total inorg. due to permafrost thaw,Taiga,2011,-0.00594962249968215,-0.0020878783048636548
g_m2_yr,minus,SSP5-8.5,Total inorg. due to permafrost thaw,Taiga,2012,-0.027242841931843887,-0.009560226490901805
g_m2_yr,minus,SSP5-8.5,Total inorg. due to permafrost thaw,Taiga,2013,0.5668442565965531,0.19892049044250065
g_m2_yr,minus,SSP5-8.5,Total inorg. due to permafrost thaw,Taiga,2014,0.8769255940323389,0.3077361501267698
g_m2_yr,minus,SSP5-8.5,Total inorg. due to permafrost thaw,Taiga,2015,0.1504751767315891,0.052805679172954825
g_m2_yr,minus,SSP5-8.5,Total inorg. due to permafrost thaw,Taiga,2016,0.358513149559094,0.12581165057325241
g_m2_yr,minus,SSP5-8.5,Total inorg. due to permafrost thaw,Taiga,2017,0.1895296180628749,0.06651090513788258
g_m2_yr,minus,SSP5-8.5,Total inorg. due to permafrost thaw,Taiga,2018,0.26455658043704083,0.0928398305494043
g_m2_yr,minus,SSP5-8.5,Total inorg. due to permafrost thaw,Taiga,2019,0.5049951433927479,0.177216017320016
g_m2_yr,minus,SSP5-8.5,Total inorg. due to permafrost thaw,Taiga,2020,0.7559587853707671,0.26528572988135396
g_m2_yr,minus,SSP5-8.5,Total inorg. due to permafrost thaw,Taiga,2080,2.208578438280849,0.7750479977717218
g_m2_yr,minus,SSP5-8.5,Total inorg. due to permafrost thaw,Taiga,2081,1.9945983782207175,0.6999567923890546
g_m2_yr,minus,SSP5-8.5,Total inorg. due to permafrost thaw,Taiga,2082,2.0081969068030867,0.7047288720977611
g_m2_yr,minus,SSP5-8.5,Total inorg. due to permafrost thaw,Taiga,2083,2.2209548133088974,0.7793911918004689
g_m2_yr,minus,SSP5-8.5,Total inorg. due to permafrost thaw,Taiga,2084,2.172945532953468,0.7625434783713273
g_m2_yr,minus,SSP5-8.5,Total inorg. due to permafrost thaw,Taiga,2085,2.3531721131407863,0.8257897039516855
g_m2_yr,minus,SSP5-8.5,Total inorg. due to permafrost thaw,Taiga,2086,2.207676660783917,0.7747315404382088
g_m2_yr,minus,SSP5-8.5,Total inorg. due to permafrost thaw,Taiga,2087,2.151412335476086,0.754986915606249
g_m2_yr,minus,SSP5-8.5,Total inorg. due to permafrost thaw,Taiga,2088,2.2612531202212254,0.7935329227639849
g_m2_yr,minus,SSP5-8.5,Total inorg. due to permafrost thaw,Taiga,2089,2.2922130865720374,0.804397585533198
g_m2_yr,minus,SSP5-8.5,Total inorg. due to permafrost thaw,Taiga,2090,2.4193939191494143,0.8490286694628066
g_m2_yr,minus,SSP5-8.5,Total inorg. due to permafrost thaw,Taiga,2091,2.3641451544353362,0.8296404314320404
g_m2_yr,minus,SSP5-8.5,Total inorg. due to permafrost thaw,Taiga,2092,2.3796624118804695,0.8350858433337885
g_m2_yr,minus,SSP5-8.5,Total inorg. due to permafrost thaw,Taiga,2093,2.5172967578117915,0.8833853387874007
g_m2_yr,minus,SSP5-8.5,Total inorg. due to permafrost thaw,Taiga,2094,2.411560241458777,0.846279626864146
g_m2_yr,minus,SSP5-8.5,Total inorg. due to permafrost thaw,Taiga,2095,2.433793854202201,0.8540819836839636
g_m2_yr,minus,SSP5-8.5,Total inorg. due to permafrost thaw,Taiga,2096,2.467505038676908,0.8659121209237224
g_m2_yr,minus,SSP5-8.5,Total inorg. due to permafrost thaw,Taiga,2097,2.3927613856206094,0.8396826161692882
g_m2_yr,minus,SSP5-8.5,Total inorg. due to permafrost thaw,Taiga,2098,2.5992004679165777,0.9121274950208021
g_m2_yr,minus,SSP5-8.5,Total inorg. due to permafrost thaw,Taiga,2099,2.530403907105312,0.8879849806386294
g_m2_yr,minus,SSP5-8.5,Total inorg. due to permafrost thaw,Tundra,2000,-0.1377702032112747,-0.07864195770822845
g_m2_yr,minus,SSP5-8.5,Total inorg. due to permafrost thaw,Tundra,2001,0.36404768667452436,0.2078056220569863
g_m2_yr,minus,SSP5-8.5,Total inorg. due to permafrost thaw,Tundra,2002,-0.02851318046011707,-0.016275887525787628
g_m2_yr,minus,SSP5-8.5,Total inorg. due to permafrost thaw,Tundra,2003,-0.34022129494927067,-0.19420504626685242
g_m2_yr,minus,SSP5-8.5,Total inorg. due to permafrost thaw,Tundra,2004,0.552960835254521,0.31564098481952424
g_m2_yr,minus,SSP5-8.5,Total inorg. due to permafrost thaw,Tundra,2005,0.43061836062397385,0.24580547981514364
g_m2_yr,minus,SSP5-8.5,Total inorg. due to permafrost thaw,Tundra,2006,0.07152885504076759,0.040830085620238835
g_m2_yr,minus,SSP5-8.5,Total inorg. due to permafrost thaw,Tundra,2007,-0.10576304533125033,-0.060371638744545056
g_m2_yr,minus,SSP5-8.5,Total inorg. due to permafrost thaw,Tundra,2008,0.2575106445300624,0.14699217061831646
g_m2_yr,minus,SSP5-8.5,Total inorg. due to permafrost thaw,Tundra,2009,0.16663904791437992,0.09512086542055462
g_m2_yr,minus,SSP5-8.5,Total inorg. due to permafrost thaw,Tundra,2010,0.15651199700772195,0.08934014440434798
g_m2_yr,minus,SSP5-8.5,Total inorg. due to permafrost thaw,Tundra,2011,-0.10978779477970428,-0.06266904535739695
g_m2_yr,minus,SSP5-8.5,Total inorg. due to permafrost thaw,Tundra,2012,0.10807249405232267,0.061689917765832214
g_m2_yr,minus,SSP5-8.5,Total inorg. due to permafrost thaw,Tundra,2013,0.25818010034812167,0.14737430924411646
g_m2_yr,minus,SSP5-8.5,Total inorg. due to permafrost thaw,Tundra,2014,0.5971383768513933,0.3408583995937982
g_m2_yr,minus,SSP5-8.5,Total inorg. due to permafrost thaw,Tundra,2015,0.13595746071170298,0.07760720842526042
g_m2_yr,minus,SSP5-8.5,Total inorg. due to permafrost thaw,Tundra,2016,0.043471575169006765,0.02481443517005228
g_m2_yr,minus,SSP5-8.5,Total inorg. due to permafrost thaw,Tundra,2017,-0.18423712245001764,-0.10516619453468497
g_m2_yr,minus,SSP5-8.5,Total inorg. due to permafrost thaw,Tundra,2018,-0.16951441969647166,-0.0967621845215791
g_m2_yr,minus,SSP5-8.5,Total inorg. due to permafrost thaw,Tundra,2019,0.9266444535564773,0.5289469872915832
g_m2_yr,minus,SSP5-8.5,Total inorg. due to permafrost thaw,Tundra,2020,0.42248438700270285,0.24116244674548282
g_m2_yr,minus,SSP5-8.5,Total inorg. due to permafrost thaw,Tundra,2080,2.4135907150298648,1.3777253318358906
g_m2_yr,minus,SSP5-8.5,Total inorg. due to permafrost thaw,Tundra,2081,1.4672800737759186,0.8375524955208091
g_m2_yr,minus,SSP5-8.5,Total inorg. due to permafrost thaw,Tundra,2082,2.029999757579557,1.1587640241661545
g_m2_yr,minus,SSP5-8.5,Total inorg. due to permafrost thaw,Tundra,2083,1.4829437287356846,0.8464936196694987
g_m2_yr,minus,SSP5-8.5,Total inorg. due to permafrost thaw,Tundra,2084,1.7112191234861276,0.9767977313086718
g_m2_yr,minus,SSP5-8.5,Total inorg. due to permafrost thaw,Tundra,2085,1.307997502554507,0.7466308525408485
g_m2_yr,minus,SSP5-8.5,Total inorg. due to permafrost thaw,Tundra,2086,2.1981714185082666,1.254759735417278
g_m2_yr,minus,SSP5-8.5,Total inorg. due to permafrost thaw,Tundra,2087,1.4620093722851235,0.8345438748316448
g_m2_yr,minus,SSP5-8.5,Total inorg. due to permafrost thaw,Tundra,2088,1.9096196917082535,1.0900487009068356
g_m2_yr,minus,SSP5-8.5,Total inorg. due to permafrost thaw,Tundra,2089,1.4426112272367322,0.8234710298553313
g_m2_yr,minus,SSP5-8.5,Total inorg. due to permafrost thaw,Tundra,2090,2.271291564909294,1.2964981616288644
g_m2_yr,minus,SSP5-8.5,Total inorg. due to permafrost thaw,Tundra,2091,1.9872660463990468,1.1343707763590096
g_m2_yr,minus,SSP5-8.5,Total inorg. due to permafrost thaw,Tundra,2092,1.648265493338882,0.9408625537142326
g_m2_yr,minus,SSP5-8.5,Total inorg. due to permafrost thaw,Tundra,2093,2.1013203870678505,1.1994752505214017
g_m2_yr,minus,SSP5-8.5,Total inorg. due to permafrost thaw,Tundra,2094,2.227766199024023,1.2716530216537458
g_m2_yr,minus,SSP5-8.5,Total inorg. due to permafrost thaw,Tundra,2095,2.3783413929734594,1.3576043214157165
g_m2_yr,minus,SSP5-8.5,Total inorg. due to permafrost thaw,Tundra,2096,1.8072655963063995,1.0316229582263758
g_m2_yr,minus,SSP5-8.5,Total inorg. due to permafrost thaw,Tundra,2097,1.9349243160536889,1.1044930811226694
g_m2_yr,minus,SSP5-8.5,Total inorg. due to permafrost thaw,Tundra,2098,2.484535468337003,1.4182220006304103
g_m2_yr,minus,SSP5-8.5,Total inorg. due to permafrost thaw,Tundra,2099,1.6964024871405563,0.9683401021428083
g_m2_yr,minus,SSP5-8.5,Total inorg. due to permafrost thaw,Wetlands,2000,1.9412758289925716,0.04532566528113028
g_m2_yr,minus,SSP5-8.5,Total inorg. due to permafrost thaw,Wetlands,2001,-0.6029065089091631,-0.014076896343376914
g_m2_yr,minus,SSP5-8.5,Total inorg. due to permafrost thaw,Wetlands,2002,2.0332699438065096,0.04747357975758791
g_m2_yr,minus,SSP5-8.5,Total inorg. due to permafrost thaw,Wetlands,2003,-2.295726616771852,-0.05360152053342276
g_m2_yr,minus,SSP5-8.5,Total inorg. due to permafrost thaw,Wetlands,2004,1.6484980215906109,0.03848977483122386
g_m2_yr,minus,SSP5-8.5,Total inorg. due to permafrost thaw,Wetlands,2005,1.396128689282795,0.03259735721979015
g_m2_yr,minus,SSP5-8.5,Total inorg. due to permafrost thaw,Wetlands,2006,-0.055142137604476935,-0.0012874801378656184
g_m2_yr,minus,SSP5-8.5,Total inorg. due to permafrost thaw,Wetlands,2007,-0.6207047899235704,-0.014492457551006624
g_m2_yr,minus,SSP5-8.5,Total inorg. due to permafrost thaw,Wetlands,2008,1.46341549203218,0.03416839573668075
g_m2_yr,minus,SSP5-8.5,Total inorg. due to permafrost thaw,Wetlands,2009,-0.19865641019795868,-0.004638307354424926
g_m2_yr,minus,SSP5-8.5,Total inorg. due to permafrost thaw,Wetlands,2010,2.133546342461011,0.04981487222779282
g_m2_yr,minus,SSP5-8.5,Total inorg. due to permafrost thaw,Wetlands,2011,-0.9773194047376386,-0.02281883468094281
g_m2_yr,minus,SSP5-8.5,Total inorg. due to permafrost thaw,Wetlands,2012,0.9738291095003058,0.022737341906295856
g_m2_yr,minus,SSP5-8.5,Total inorg. due to permafrost thaw,Wetlands,2013,1.270968090274977,0.029675058733254035
g_m2_yr,minus,SSP5-8.5,Total inorg. due to permafrost thaw,Wetlands,2014,1.0852304721384334,0.02533838437506133
g_m2_yr,minus,SSP5-8.5,Total inorg. due to permafrost thaw,Wetlands,2015,1.7140788881020377,0.04002098248340278
g_m2_yr,minus,SSP5-8.5,Total inorg. due to permafrost thaw,Wetlands,2016,-1.0065263130395403,-0.023500768968599223
g_m2_yr,minus,SSP5-8.5,Total inorg. due to permafrost thaw,Wetlands,2017,1.438488625997094,0.033586393545369166
g_m2_yr,minus,SSP5-8.5,Total inorg. due to permafrost thaw,Wetlands,2018,-0.58672432576681,-0.013699068419248851
g_m2_yr,minus,SSP5-8.5,Total inorg. due to permafrost thaw,Wetlands,2019,1.5458617719407437,0.03609338363948136
g_m2_yr,minus,SSP5-8.5,Total inorg. due to permafrost thaw,Wetlands,2020,2.624948566877435,0.061288323042796466
g_m2_yr,minus,SSP5-8.5,Total inorg. due to permafrost thaw,Wetlands,2080,7.081989440520373,0.16535305190097943
g_m2_yr,minus,SSP5-8.5,Total inorg. due to permafrost thaw,Wetlands,2081,7.489992593831228,0.17487926867266324
g_m2_yr,minus,SSP5-8.5,Total inorg. due to permafrost thaw,Wetlands,2082,7.378765783757119,0.17228230172524953
g_m2_yr,minus,SSP5-8.5,Total inorg. due to permafrost thaw,Wetlands,2083,8.974354803516377,0.20953673654370913
g_m2_yr,minus,SSP5-8.5,Total inorg. due to permafrost thaw,Wetlands,2084,7.751614476723561,0.1809877184442502
g_m2_yr,minus,SSP5-8.5,Total inorg. due to permafrost thaw,Wetlands,2085,8.444308116017384,0.19716099973076023
g_m2_yr,minus,SSP5-8.5,Total inorg. due to permafrost thaw,Wetlands,2086,8.989938082576629,0.20990058102171616
g_m2_yr,minus,SSP5-8.5,Total inorg. due to permafrost thaw,Wetlands,2087,7.929160100409658,0.1851331229205949
g_m2_yr,minus,SSP5-8.5,Total inorg. due to permafrost thaw,Wetlands,2088,7.9384063352898675,0.18534900761922043
g_m2_yr,minus,SSP5-8.5,Total inorg. due to permafrost thaw,Wetlands,2089,8.134413119217404,0.18992545046595424
g_m2_yr,minus,SSP5-8.5,Total inorg. due to permafrost thaw,Wetlands,2090,8.186546519064997,0.1911426814210657
g_m2_yr,minus,SSP5-8.5,Total inorg. due to permafrost thaw,Wetlands,2091,8.28644707899784,0.19347519866219537
g_m2_yr,minus,SSP5-8.5,Total inorg. due to permafrost thaw,Wetlands,2092,8.002063125805021,0.18683529119452166
g_m2_yr,minus,SSP5-8.5,Total inorg. due to permafrost thaw,Wetlands,2093,8.366531299314248,0.19534503627627905
g_m2_yr,minus,SSP5-8.5,Total inorg. due to permafrost thaw,Wetlands,2094,8.402029915446018,0.19617387181252893
g_m2_yr,minus,SSP5-8.5,Total inorg. due to permafrost thaw,Wetlands,2095,8.271638836435814,0.1931294500386644
g_m2_yr,minus,SSP5-8.5,Total inorg. due to permafrost thaw,Wetlands,2096,8.579855973440992,0.20032582397850518
g_m2_yr,minus,SSP5-8.5,Total inorg. due to permafrost thaw,Wetlands,2097,8.453559879575327,0.19737701351511006
g_m2_yr,minus,SSP5-8.5,Total inorg. due to permafrost thaw,Wetlands,2098,8.74224261515498,0.20411729063076073
g_m2_yr,minus,SSP5-8.5,Total inorg. due to permafrost thaw,Wetlands,2099,9.392370593924285,0.2192967322719249
g_m2_yr,minus,SSP5-8.5,Total inorg. due to permafrost thaw,Barren,2000,-0.19340521266816726,-0.010619037751099278
g_m2_yr,minus,SSP5-8.5,Total inorg. due to permafrost thaw,Barren,2001,0.7221668950939368,0.03965103843790487
g_m2_yr,minus,SSP5-8.5,Total inorg. due to permafrost thaw,Barren,2002,-0.015614804730548605,-8.573409093902397e-4
g_m2_yr,minus,SSP5-8.5,Total inorg. due to permafrost thaw,Barren,2003,-0.38054349982869945,-0.020893985921412103
g_m2_yr,minus,SSP5-8.5,Total inorg. due to permafrost thaw,Barren,2004,0.2319619820589797,0.012736022004382827
g_m2_yr,minus,SSP5-8.5,Total inorg. due to permafrost thaw,Barren,2005,0.976581168450382,0.053619817954855535
g_m2_yr,minus,SSP5-8.5,Total inorg. due to permafrost thaw,Barren,2006,-0.5392703497669324,-0.029608985834568988
g_m2_yr,minus,SSP5-8.5,Total inorg. due to permafrost thaw,Barren,2007,0.06263251619295666,0.0034388786358125526
g_m2_yr,minus,SSP5-8.5,Total inorg. due to permafrost thaw,Barren,2008,-0.6934391583352887,-0.038073723551014356
g_m2_yr,minus,SSP5-8.5,Total inorg. due to permafrost thaw,Barren,2009,1.0852002995097612,0.05958362129447975
g_m2_yr,minus,SSP5-8.5,Total inorg. due to permafrost thaw,Barren,2010,-0.10240944897141852,-0.005622856745658744
g_m2_yr,minus,SSP5-8.5,Total inorg. due to permafrost thaw,Barren,2011,-0.2638416190428298,-0.014486394002906341
g_m2_yr,minus,SSP5-8.5,Total inorg. due to permafrost thaw,Barren,2012,0.18400018475868316,0.010102648637056582
g_m2_yr,minus,SSP5-8.5,Total inorg. due to permafrost thaw,Barren,2013,-0.1187183946356095,-0.0065183099100251645
g_m2_yr,minus,SSP5-8.5,Total inorg. due to permafrost thaw,Barren,2014,0.6340532199854909,0.03481310036241944
g_m2_yr,minus,SSP5-8.5,Total inorg. due to permafrost thaw,Barren,2015,-0.49302506173752325,-0.027069858514162576
g_m2_yr,minus,SSP5-8.5,Total inorg. due to permafrost thaw,Barren,2016,0.8701802713369082,0.047777808178534886
g_m2_yr,minus,SSP5-8.5,Total inorg. due to permafrost thaw,Barren,2017,-0.34102442677031436,-0.01872416576555385
g_m2_yr,minus,SSP5-8.5,Total inorg. due to permafrost thaw,Barren,2018,0.10493572263908006,0.0057615634282574876
g_m2_yr,minus,SSP5-8.5,Total inorg. due to permafrost thaw,Barren,2019,0.07284688244000563,0.003999704992478894
g_m2_yr,minus,SSP5-8.5,Total inorg. due to permafrost thaw,Barren,2020,0.1458212614353672,0.008006410265435143
g_m2_yr,minus,SSP5-8.5,Total inorg. due to permafrost thaw,Barren,2080,0.6295726203859082,0.03456709015597705
g_m2_yr,minus,SSP5-8.5,Total inorg. due to permafrost thaw,Barren,2081,0.21512166309303563,0.011811393446688597
g_m2_yr,minus,SSP5-8.5,Total inorg. due to permafrost thaw,Barren,2082,0.0828518114050264,0.004549032060301553
g_m2_yr,minus,SSP5-8.5,Total inorg. due to permafrost thaw,Barren,2083,0.4119022032191958,0.022615755725520464
g_m2_yr,minus,SSP5-8.5,Total inorg. due to permafrost thaw,Barren,2084,0.0876725110445566,0.004813715678455696
g_m2_yr,minus,SSP5-8.5,Total inorg. due to permafrost thaw,Barren,2085,-0.18101300427383507,-0.009938635568844332
g_m2_yr,minus,SSP5-8.5,Total inorg. due to permafrost thaw,Barren,2086,0.50012221498626,0.027459532283726266
g_m2_yr,minus,SSP5-8.5,Total inorg. due to permafrost thaw,Barren,2087,0.39437278857917996,0.021653291926075832
g_m2_yr,minus,SSP5-8.5,Total inorg. due to permafrost thaw,Barren,2088,0.2186583686550166,0.01200557854314531
g_m2_yr,minus,SSP5-8.5,Total inorg. due to permafrost thaw,Barren,2089,0.14484883682036429,0.007953018665724069
g_m2_yr,minus,SSP5-8.5,Total inorg. due to permafrost thaw,Barren,2090,0.3745545606932127,0.02056515936140679
g_m2_yr,minus,SSP5-8.5,Total inorg. due to permafrost thaw,Barren,2091,0.2610502730097719,0.014333133351383571
g_m2_yr,minus,SSP5-8.5,Total inorg. due to permafrost thaw,Barren,2092,0.2738960453148536,0.015038438752245397
g_m2_yr,minus,SSP5-8.5,Total inorg. due to permafrost thaw,Barren,2093,0.15564867440112518,0.008545990703001098
g_m2_yr,minus,SSP5-8.5,Total inorg. due to permafrost thaw,Barren,2094,0.37225790463109987,0.020439059981310397
g_m2_yr,minus,SSP5-8.5,Total inorg. due to permafrost thaw,Barren,2095,0.3932705889670077,0.02159277494657236
g_m2_yr,minus,SSP5-8.5,Total inorg. due to permafrost thaw,Barren,2096,0.2374749902674041,0.013038717270346641
g_m2_yr,minus,SSP5-8.5,Total inorg. due to permafrost thaw,Barren,2097,-0.03073872698843706,-0.0016877296004993993
g_m2_yr,minus,SSP5-8.5,Total inorg. due to permafrost thaw,Barren,2098,0.42409232522685236,0.023285062224574906
g_m2_yr,minus,SSP5-8.5,Total inorg. due to permafrost thaw,Barren,2099,0.09687339016542347,0.005318895871791135
g_m2_yr,minus,SSP5-8.5,Total inorg. due to permafrost thaw,Pan-Arctic,2000,0.14742547880823023,0.14742547880823023
g_m2_yr,minus,SSP5-8.5,Total inorg. due to permafrost thaw,Pan-Arctic,2001,0.23342066611909826,0.23342066611909826
g_m2_yr,minus,SSP5-8.5,Total inorg. due to permafrost thaw,Pan-Arctic,2002,0.22961425487255996,0.22961425487255996
g_m2_yr,minus,SSP5-8.5,Total inorg. due to permafrost thaw,Pan-Arctic,2003,-0.24715935140512352,-0.24715935140512352
g_m2_yr,minus,SSP5-8.5,Total inorg. due to permafrost thaw,Pan-Arctic,2004,0.551886074069129,0.551886074069129
g_m2_yr,minus,SSP5-8.5,Total inorg. due to permafrost thaw,Pan-Arctic,2005,0.33425501905961236,0.33425501905961236
g_m2_yr,minus,SSP5-8.5,Total inorg. due to permafrost thaw,Pan-Arctic,2006,0.27859104007994784,0.27859104007994784
g_m2_yr,minus,SSP5-8.5,Total inorg. due to permafrost thaw,Pan-Arctic,2007,-0.03371707345572907,-0.03371707345572907
g_m2_yr,minus,SSP5-8.5,Total inorg. due to permafrost thaw,Pan-Arctic,2008,0.35499541394586254,0.35499541394586254
g_m2_yr,minus,SSP5-8.5,Total inorg. due to permafrost thaw,Pan-Arctic,2009,0.08442915410467242,0.08442915410467242
g_m2_yr,minus,SSP5-8.5,Total inorg. due to permafrost thaw,Pan-Arctic,2010,0.31920647180959333,0.31920647180959333
g_m2_yr,minus,SSP5-8.5,Total inorg. due to permafrost thaw,Pan-Arctic,2011,-0.10206215234610974,-0.10206215234610974
g_m2_yr,minus,SSP5-8.5,Total inorg. due to permafrost thaw,Pan-Arctic,2012,0.08496968181828285,0.08496968181828285
g_m2_yr,minus,SSP5-8.5,Total inorg. due to permafrost thaw,Pan-Arctic,2013,0.36945154850984596,0.36945154850984596
g_m2_yr,minus,SSP5-8.5,Total inorg. due to permafrost thaw,Pan-Arctic,2014,0.7087460344580487,0.7087460344580487
g_m2_yr,minus,SSP5-8.5,Total inorg. due to permafrost thaw,Pan-Arctic,2015,0.14336401156745546,0.14336401156745546
g_m2_yr,minus,SSP5-8.5,Total inorg. due to permafrost thaw,Pan-Arctic,2016,0.17490312495324037,0.17490312495324037
g_m2_yr,minus,SSP5-8.5,Total inorg. due to permafrost thaw,Pan-Arctic,2017,-0.023793061616987077,-0.023793061616987077
g_m2_yr,minus,SSP5-8.5,Total inorg. due to permafrost thaw,Pan-Arctic,2018,-0.011859858963166168,-0.011859858963166168
g_m2_yr,minus,SSP5-8.5,Total inorg. due to permafrost thaw,Pan-Arctic,2019,0.7462560932435595,0.7462560932435595
g_m2_yr,minus,SSP5-8.5,Total inorg. due to permafrost thaw,Pan-Arctic,2020,0.5757429099350684,0.5757429099350684
g_m2_yr,minus,SSP5-8.5,Total inorg. due to permafrost thaw,Pan-Arctic,2080,2.352693471664569,2.352693471664569
g_m2_yr,minus,SSP5-8.5,Total inorg. due to permafrost thaw,Pan-Arctic,2081,1.7241999500292156,1.7241999500292156
g_m2_yr,minus,SSP5-8.5,Total inorg. due to permafrost thaw,Pan-Arctic,2082,2.040324230049467,2.040324230049467
g_m2_yr,minus,SSP5-8.5,Total inorg. due to permafrost thaw,Pan-Arctic,2083,1.8580373037391973,1.8580373037391973
g_m2_yr,minus,SSP5-8.5,Total inorg. due to permafrost thaw,Pan-Arctic,2084,1.9251426438027048,1.9251426438027048
g_m2_yr,minus,SSP5-8.5,Total inorg. due to permafrost thaw,Pan-Arctic,2085,1.75964292065445,1.75964292065445
g_m2_yr,minus,SSP5-8.5,Total inorg. due to permafrost thaw,Pan-Arctic,2086,2.266851389160929,2.266851389160929
g_m2_yr,minus,SSP5-8.5,Total inorg. due to permafrost thaw,Pan-Arctic,2087,1.7963172052845644,1.7963172052845644
g_m2_yr,minus,SSP5-8.5,Total inorg. due to permafrost thaw,Pan-Arctic,2088,2.0809362098331863,2.0809362098331863
g_m2_yr,minus,SSP5-8.5,Total inorg. due to permafrost thaw,Pan-Arctic,2089,1.8257470845202075,1.8257470845202075
g_m2_yr,minus,SSP5-8.5,Total inorg. due to permafrost thaw,Pan-Arctic,2090,2.3572346718741435,2.3572346718741435
g_m2_yr,minus,SSP5-8.5,Total inorg. due to permafrost thaw,Pan-Arctic,2091,2.171819539804629,2.171819539804629
g_m2_yr,minus,SSP5-8.5,Total inorg. due to permafrost thaw,Pan-Arctic,2092,1.9778221269947882,1.9778221269947882
g_m2_yr,minus,SSP5-8.5,Total inorg. due to permafrost thaw,Pan-Arctic,2093,2.2867516162880825,2.2867516162880825
g_m2_yr,minus,SSP5-8.5,Total inorg. due to permafrost thaw,Pan-Arctic,2094,2.3345455803117314,2.3345455803117314
g_m2_yr,minus,SSP5-8.5,Total inorg. due to permafrost thaw,Pan-Arctic,2095,2.4264085300849167,2.4264085300849167
g_m2_yr,minus,SSP5-8.5,Total inorg. due to permafrost thaw,Pan-Arctic,2096,2.1108996203989503,2.1108996203989503
g_m2_yr,minus,SSP5-8.5,Total inorg. due to permafrost thaw,Pan-Arctic,2097,2.139864981206568,2.139864981206568
g_m2_yr,minus,SSP5-8.5,Total inorg. due to permafrost thaw,Pan-Arctic,2098,2.557751848506548,2.557751848506548
g_m2_yr,minus,SSP5-8.5,Total inorg. due to permafrost thaw,Pan-Arctic,2099,2.0809407109251534,2.0809407109251534
g_m2_yr,mean,SSP1-2.6,N Deposition,Taiga,2000,0.20974672063036814,0.07358137620935488
g_m2_yr,mean,SSP1-2.6,N Deposition,Taiga,2001,0.20080661679906278,0.07044509287970395
g_m2_yr,mean,SSP1-2.6,N Deposition,Taiga,2002,0.21809291815802964,0.07650931090294519
g_m2_yr,mean,SSP1-2.6,N Deposition,Taiga,2003,0.20776228971575544,0.07288521677834803
g_m2_yr,mean,SSP1-2.6,N Deposition,Taiga,2004,0.20612864476598036,0.0723121167876514
g_m2_yr,mean,SSP1-2.6,N Deposition,Taiga,2005,0.2161807061951184,0.07583848664685129
g_m2_yr,mean,SSP1-2.6,N Deposition,Taiga,2006,0.20957394488466533,0.07352076464362359
g_m2_yr,mean,SSP1-2.6,N Deposition,Taiga,2007,0.20614392097013262,0.0723174758422359
g_m2_yr,mean,SSP1-2.6,N Deposition,Taiga,2008,0.22140963509291503,0.07767285041303756
g_m2_yr,mean,SSP1-2.6,N Deposition,Taiga,2009,0.21720445703673996,0.07619762930994327
g_m2_yr,mean,SSP1-2.6,N Deposition,Taiga,2010,0.21808583132341297,0.07650682476612983
g_m2_yr,mean,SSP1-2.6,N Deposition,Taiga,2011,0.20718048099494657,0.07268111210277045
g_m2_yr,mean,SSP1-2.6,N Deposition,Taiga,2012,0.21976151799055524,0.0770946734375819
g_m2_yr,mean,SSP1-2.6,N Deposition,Taiga,2013,0.2138311480743082,0.07501423671582258
g_m2_yr,mean,SSP1-2.6,N Deposition,Taiga,2014,0.21014537918152615,0.07372122986114822
g_m2_yr,mean,SSP1-2.6,N Deposition,Taiga,2015,0.18844580607923112,0.0661087892602953
g_m2_yr,mean,SSP1-2.6,N Deposition,Taiga,2016,0.19693298255913336,0.06908618086692458
g_m2_yr,mean,SSP1-2.6,N Deposition,Taiga,2017,0.1893356516026276,0.06642095651625271
g_m2_yr,mean,SSP1-2.6,N Deposition,Taiga,2018,0.17927693689624244,0.0628922526167652
g_m2_yr,mean,SSP1-2.6,N Deposition,Taiga,2019,0.18552737399261462,0.06508497230305564
g_m2_yr,mean,SSP1-2.6,N Deposition,Taiga,2020,0.17941569088845155,0.06294092899020552
g_m2_yr,mean,SSP1-2.6,N Deposition,Taiga,2080,0.11303394548004404,0.039653508010988305
g_m2_yr,mean,SSP1-2.6,N Deposition,Taiga,2081,0.10600782441850244,0.03718867015527352
g_m2_yr,mean,SSP1-2.6,N Deposition,Taiga,2082,0.10532538074524087,0.036949261670063176
g_m2_yr,mean,SSP1-2.6,N Deposition,Taiga,2083,0.10443527355852797,0.03663700261983663
g_m2_yr,mean,SSP1-2.6,N Deposition,Taiga,2084,0.10668738182969047,0.037427066109108724
g_m2_yr,mean,SSP1-2.6,N Deposition,Taiga,2085,0.10651430114910942,0.03736634756898504
g_m2_yr,mean,SSP1-2.6,N Deposition,Taiga,2086,0.1030201756452165,0.03614057124956533
g_m2_yr,mean,SSP1-2.6,N Deposition,Taiga,2087,0.10047475305182174,0.03524760998231177
g_m2_yr,mean,SSP1-2.6,N Deposition,Taiga,2088,0.10160670574470683,0.03564471100346744
g_m2_yr,mean,SSP1-2.6,N Deposition,Taiga,2089,0.09539511390903731,0.03346561864700186
g_m2_yr,mean,SSP1-2.6,N Deposition,Taiga,2090,0.09124484564331005,0.032009660481303555
g_m2_yr,mean,SSP1-2.6,N Deposition,Taiga,2091,0.09020290876591586,0.03164413796380469
g_m2_yr,mean,SSP1-2.6,N Deposition,Taiga,2092,0.08733803269975406,0.0306391090270762
g_m2_yr,mean,SSP1-2.6,N Deposition,Taiga,2093,0.09706329684536327,0.03405083493002609
g_m2_yr,mean,SSP1-2.6,N Deposition,Taiga,2094,0.09064347300135588,0.03179869257450313
g_m2_yr,mean,SSP1-2.6,N Deposition,Taiga,2095,0.08676666980736614,0.030438668858998673
g_m2_yr,mean,SSP1-2.6,N Deposition,Taiga,2096,0.08507260932373115,0.029844374457669662
g_m2_yr,mean,SSP1-2.6,N Deposition,Taiga,2097,0.08588851518865241,0.030130602896511333
g_m2_yr,mean,SSP1-2.6,N Deposition,Taiga,2098,0.08600030000032739,0.030169818195123054
g_m2_yr,mean,SSP1-2.6,N Deposition,Taiga,2099,0.08511106911272946,0.02985786655992858
g_m2_yr,mean,SSP1-2.6,N Deposition,Tundra,2000,0.09008802969617653,0.05143052413238545
g_m2_yr,mean,SSP1-2.6,N Deposition,Tundra,2001,0.08427619354501714,0.04811259409846486
g_m2_yr,mean,SSP1-2.6,N Deposition,Tundra,2002,0.08697638466654767,0.04965411126901769
g_m2_yr,mean,SSP1-2.6,N Deposition,Tundra,2003,0.07945395796382253,0.04535961898881827
g_m2_yr,mean,SSP1-2.6,N Deposition,Tundra,2004,0.08323233773215502,0.04751666529687831
g_m2_yr,mean,SSP1-2.6,N Deposition,Tundra,2005,0.08197807645306472,0.04680061772429712
g_m2_yr,mean,SSP1-2.6,N Deposition,Tundra,2006,0.08253923152052027,0.04712097659257424
g_m2_yr,mean,SSP1-2.6,N Deposition,Tundra,2007,0.08858779063672839,0.05057404984372011
g_m2_yr,mean,SSP1-2.6,N Deposition,Tundra,2008,0.09328302200732436,0.05325451928152398
g_m2_yr,mean,SSP1-2.6,N Deposition,Tundra,2009,0.09076886726822095,0.05181920877003772
g_m2_yr,mean,SSP1-2.6,N Deposition,Tundra,2010,0.0934644172952413,0.053358076377446446
g_m2_yr,mean,SSP1-2.6,N Deposition,Tundra,2011,0.08644020361687474,0.049348009864563266
g_m2_yr,mean,SSP1-2.6,N Deposition,Tundra,2012,0.09044867703162346,0.051636414765708634
g_m2_yr,mean,SSP1-2.6,N Deposition,Tundra,2013,0.0932624497126152,0.05324277472563718
g_m2_yr,mean,SSP1-2.6,N Deposition,Tundra,2014,0.09034848861347414,0.05157921801188027
g_m2_yr,mean,SSP1-2.6,N Deposition,Tundra,2015,0.08253603941453419,0.04711915424520463
g_m2_yr,mean,SSP1-2.6,N Deposition,Tundra,2016,0.08446889300091232,0.04822260465203273
g_m2_yr,mean,SSP1-2.6,N Deposition,Tundra,2017,0.07710221240536831,0.04401702655888922
g_m2_yr,mean,SSP1-2.6,N Deposition,Tundra,2018,0.07551822871786744,0.043112743142545665
g_m2_yr,mean,SSP1-2.6,N Deposition,Tundra,2019,0.07619941305478276,0.04350162574544505
g_m2_yr,mean,SSP1-2.6,N Deposition,Tundra,2020,0.07772247591042106,0.04437112995389784
g_m2_yr,mean,SSP1-2.6,N Deposition,Tundra,2080,0.0445141453315144,0.025412763864699428
g_m2_yr,mean,SSP1-2.6,N Deposition,Tundra,2081,0.04498733230641464,0.025682902463732088
g_m2_yr,mean,SSP1-2.6,N Deposition,Tundra,2082,0.04276016561515969,0.024411431096806473
g_m2_yr,mean,SSP1-2.6,N Deposition,Tundra,2083,0.04081094788904663,0.023298638535572493
g_m2_yr,mean,SSP1-2.6,N Deposition,Tundra,2084,0.0461789219149347,0.026363171288830964
g_m2_yr,mean,SSP1-2.6,N Deposition,Tundra,2085,0.04316197625529839,0.02464082152630079
g_m2_yr,mean,SSP1-2.6,N Deposition,Tundra,2086,0.04359679358747063,0.02488905520807719
g_m2_yr,mean,SSP1-2.6,N Deposition,Tundra,2087,0.04613968151869077,0.02634076926546788
g_m2_yr,mean,SSP1-2.6,N Deposition,Tundra,2088,0.04290564369339133,0.02449448334956923
g_m2_yr,mean,SSP1-2.6,N Deposition,Tundra,2089,0.04139547401165939,0.023632339749334538
g_m2_yr,mean,SSP1-2.6,N Deposition,Tundra,2090,0.039105873780157806,0.02232522558159339
g_m2_yr,mean,SSP1-2.6,N Deposition,Tundra,2091,0.037438880803532,0.021373552836590405
g_m2_yr,mean,SSP1-2.6,N Deposition,Tundra,2092,0.03639062640679879,0.020775112919213076
g_m2_yr,mean,SSP1-2.6,N Deposition,Tundra,2093,0.040325352372941214,0.023021416001192903
g_m2_yr,mean,SSP1-2.6,N Deposition,Tundra,2094,0.042022779216225846,0.023990463193377352
g_m2_yr,mean,SSP1-2.6,N Deposition,Tundra,2095,0.03864390906010105,0.022061493676663095
g_m2_yr,mean,SSP1-2.6,N Deposition,Tundra,2096,0.03723181723038434,0.021255341925200472
g_m2_yr,mean,SSP1-2.6,N Deposition,Tundra,2097,0.03618310667527331,0.02065664159071181
g_m2_yr,mean,SSP1-2.6,N Deposition,Tundra,2098,0.040188567062183274,0.022943326378746753
g_m2_yr,mean,SSP1-2.6,N Deposition,Tundra,2099,0.037609378175900154,0.021470888401078404
g_m2_yr,mean,SSP1-2.6,N Deposition,Wetlands,2000,0.17410423064147532,0.004063714800604918
g_m2_yr,mean,SSP1-2.6,N Deposition,Wetlands,2001,0.16489894084901296,0.0038488568833925643
g_m2_yr,mean,SSP1-2.6,N Deposition,Wetlands,2002,0.1772725421926946,0.004137665413385433
g_m2_yr,mean,SSP1-2.6,N Deposition,Wetlands,2003,0.15821330938194716,0.003692809557925488
g_m2_yr,mean,SSP1-2.6,N Deposition,Wetlands,2004,0.17487195294300922,0.004081633977341768
g_m2_yr,mean,SSP1-2.6,N Deposition,Wetlands,2005,0.15533636240006732,0.0036256595984572675
g_m2_yr,mean,SSP1-2.6,N Deposition,Wetlands,2006,0.18112300091308217,0.004227537819320122
g_m2_yr,mean,SSP1-2.6,N Deposition,Wetlands,2007,0.17458643676888783,0.004074969829673935
g_m2_yr,mean,SSP1-2.6,N Deposition,Wetlands,2008,0.18362482415150586,0.004285932127631994
g_m2_yr,mean,SSP1-2.6,N Deposition,Wetlands,2009,0.17540667045721692,0.004094114658992193
g_m2_yr,mean,SSP1-2.6,N Deposition,Wetlands,2010,0.1794700827806708,0.004188957551315605
g_m2_yr,mean,SSP1-2.6,N Deposition,Wetlands,2011,0.16624075180984832,0.0038801756919078444
g_m2_yr,mean,SSP1-2.6,N Deposition,Wetlands,2012,0.16455378420757732,0.0038408006854060983
g_m2_yr,mean,SSP1-2.6,N Deposition,Wetlands,2013,0.17436527324493337,0.004069807717976038
g_m2_yr,mean,SSP1-2.6,N Deposition,Wetlands,2014,0.16967879850274079,0.003960422111995408
g_m2_yr,mean,SSP1-2.6,N Deposition,Wetlands,2015,0.14524786654570268,0.0033901870325800734
g_m2_yr,mean,SSP1-2.6,N Deposition,Wetlands,2016,0.1453848583168952,0.0033933845165590964
g_m2_yr,mean,SSP1-2.6,N Deposition,Wetlands,2017,0.15406917941700252,0.003596082659261808
g_m2_yr,mean,SSP1-2.6,N Deposition,Wetlands,2018,0.1408740443952125,0.0032880989572778617
g_m2_yr,mean,SSP1-2.6,N Deposition,Wetlands,2019,0.14720096704856553,0.0034357737675566446
g_m2_yr,mean,SSP1-2.6,N Deposition,Wetlands,2020,0.14687510616090704,0.003428167945990809
g_m2_yr,mean,SSP1-2.6,N Deposition,Wetlands,2080,0.08554527544989064,0.001996686701332414
g_m2_yr,mean,SSP1-2.6,N Deposition,Wetlands,2081,0.09435221611770259,0.0022022468707089704
g_m2_yr,mean,SSP1-2.6,N Deposition,Wetlands,2082,0.08982424566128089,0.002096560865879176
g_m2_yr,mean,SSP1-2.6,N Deposition,Wetlands,2083,0.08155928075529317,0.0019036507907408782
g_m2_yr,mean,SSP1-2.6,N Deposition,Wetlands,2084,0.09639003046367874,0.0022498108861732542
g_m2_yr,mean,SSP1-2.6,N Deposition,Wetlands,2085,0.09404955848394649,0.0021951826293560802
g_m2_yr,mean,SSP1-2.6,N Deposition,Wetlands,2086,0.09808508730330093,0.0022893747011458144
g_m2_yr,mean,SSP1-2.6,N Deposition,Wetlands,2087,0.08977492081064967,0.002095409589285786
g_m2_yr,mean,SSP1-2.6,N Deposition,Wetlands,2088,0.09204905573864793,0.002148489492809265
g_m2_yr,mean,SSP1-2.6,N Deposition,Wetlands,2089,0.08831270199075267,0.002061280376926928
g_m2_yr,mean,SSP1-2.6,N Deposition,Wetlands,2090,0.08738976067218393,0.002039738279514712
g_m2_yr,mean,SSP1-2.6,N Deposition,Wetlands,2091,0.09455330469271349,0.0022069404190247902
g_m2_yr,mean,SSP1-2.6,N Deposition,Wetlands,2092,0.0806527288394294,0.001882491233477743
g_m2_yr,mean,SSP1-2.6,N Deposition,Wetlands,2093,0.09769350910008716,0.0022802349913631677
g_m2_yr,mean,SSP1-2.6,N Deposition,Wetlands,2094,0.08732029022746982,0.002038116790632166
g_m2_yr,mean,SSP1-2.6,N Deposition,Wetlands,2095,0.08336107766869447,0.0019457059938665902
g_m2_yr,mean,SSP1-2.6,N Deposition,Wetlands,2096,0.07777826759840933,0.0018153992929438425
g_m2_yr,mean,SSP1-2.6,N Deposition,Wetlands,2097,0.0842963694232661,0.001967536359113505
g_m2_yr,mean,SSP1-2.6,N Deposition,Wetlands,2098,0.07758109128331751,0.0018107970595172614
g_m2_yr,mean,SSP1-2.6,N Deposition,Wetlands,2099,0.07345744512202108,0.001714548267191097
g_m2_yr,mean,SSP1-2.6,N Deposition,Barren,2000,0.04742787149039232,0.0026064844672950152
g_m2_yr,mean,SSP1-2.6,N Deposition,Barren,2001,0.045578341815509654,0.002504840218504313
g_m2_yr,mean,SSP1-2.6,N Deposition,Barren,2002,0.04632582434191117,0.0025459194728207264
g_m2_yr,mean,SSP1-2.6,N Deposition,Barren,2003,0.04385758285169012,0.0024102727970659963
g_m2_yr,mean,SSP1-2.6,N Deposition,Barren,2004,0.045105524460100764,0.0024788556854857817
g_m2_yr,mean,SSP1-2.6,N Deposition,Barren,2005,0.04498247082747447,0.0024720930505201864
g_m2_yr,mean,SSP1-2.6,N Deposition,Barren,2006,0.0442720927201207,0.0024330529366685854
g_m2_yr,mean,SSP1-2.6,N Deposition,Barren,2007,0.049051769702429054,0.0026957287309132827
g_m2_yr,mean,SSP1-2.6,N Deposition,Barren,2008,0.04568511726982051,0.002510708256735926
g_m2_yr,mean,SSP1-2.6,N Deposition,Barren,2009,0.04777800433945824,0.002625726651350543
g_m2_yr,mean,SSP1-2.6,N Deposition,Barren,2010,0.0470147978487753,0.0025837832581348725
g_m2_yr,mean,SSP1-2.6,N Deposition,Barren,2011,0.04795294292088902,0.002635340717529379
g_m2_yr,mean,SSP1-2.6,N Deposition,Barren,2012,0.04823877775710807,0.0026510492879839413
g_m2_yr,mean,SSP1-2.6,N Deposition,Barren,2013,0.048677590301054736,0.0026751650250792253
g_m2_yr,mean,SSP1-2.6,N Deposition,Barren,2014,0.0469595440621437,0.002580746686345146
g_m2_yr,mean,SSP1-2.6,N Deposition,Barren,2015,0.042831096155865465,0.0023538603639443887
g_m2_yr,mean,SSP1-2.6,N Deposition,Barren,2016,0.04537584225325701,0.002493711488770944
g_m2_yr,mean,SSP1-2.6,N Deposition,Barren,2017,0.04147200824100947,0.002279169229207757
g_m2_yr,mean,SSP1-2.6,N Deposition,Barren,2018,0.04315162474019778,0.002371475592082035
g_m2_yr,mean,SSP1-2.6,N Deposition,Barren,2019,0.04031305107444013,0.002215476641748184
g_m2_yr,mean,SSP1-2.6,N Deposition,Barren,2020,0.04033016658703125,0.0022164172557018924
g_m2_yr,mean,SSP1-2.6,N Deposition,Barren,2080,0.024187208019441523,0.0013292517675535741
g_m2_yr,mean,SSP1-2.6,N Deposition,Barren,2081,0.02665011619022093,0.001464605341091255
g_m2_yr,mean,SSP1-2.6,N Deposition,Barren,2082,0.024210588279587948,0.0013305366720411246
g_m2_yr,mean,SSP1-2.6,N Deposition,Barren,2083,0.023134696641038177,0.001271409100926308
g_m2_yr,mean,SSP1-2.6,N Deposition,Barren,2084,0.025646125651955693,0.001409429225000327
g_m2_yr,mean,SSP1-2.6,N Deposition,Barren,2085,0.02531653705114324,0.0013913160872688734
g_m2_yr,mean,SSP1-2.6,N Deposition,Barren,2086,0.024502830561038132,0.0013465973752384223
g_m2_yr,mean,SSP1-2.6,N Deposition,Barren,2087,0.02585342362815632,0.0014208216602517821
g_m2_yr,mean,SSP1-2.6,N Deposition,Barren,2088,0.023972779628751252,0.0013174674674760452
g_m2_yr,mean,SSP1-2.6,N Deposition,Barren,2089,0.022633048019710403,0.0012438400935379903
g_m2_yr,mean,SSP1-2.6,N Deposition,Barren,2090,0.022458824030574056,0.0012342652990712797
g_m2_yr,mean,SSP1-2.6,N Deposition,Barren,2091,0.022691834608092296,0.0012470708168381853
g_m2_yr,mean,SSP1-2.6,N Deposition,Barren,2092,0.02228264013081607,0.001224582794171188
g_m2_yr,mean,SSP1-2.6,N Deposition,Barren,2093,0.024250290576696868,0.00133271858359394
g_m2_yr,mean,SSP1-2.6,N Deposition,Barren,2094,0.024429469871932993,0.0013425657058707312
g_m2_yr,mean,SSP1-2.6,N Deposition,Barren,2095,0.022271317099827492,0.001223960516521633
g_m2_yr,mean,SSP1-2.6,N Deposition,Barren,2096,0.021350058417482613,0.0011733310792216894
g_m2_yr,mean,SSP1-2.6,N Deposition,Barren,2097,0.02153210284697852,0.001183335660134303
g_m2_yr,mean,SSP1-2.6,N Deposition,Barren,2098,0.023671655223212185,0.0013009186310830813
g_m2_yr,mean,SSP1-2.6,N Deposition,Barren,2099,0.022459153769793898,0.0012342834204865526
g_m2_yr,mean,SSP1-2.6,N Deposition,Pan-Arctic,2000,0.13168209960964028,0.13168209960964028
g_m2_yr,mean,SSP1-2.6,N Deposition,Pan-Arctic,2001,0.1249113840800657,0.1249113840800657
g_m2_yr,mean,SSP1-2.6,N Deposition,Pan-Arctic,2002,0.13284700705816904,0.13284700705816904
g_m2_yr,mean,SSP1-2.6,N Deposition,Pan-Arctic,2003,0.12434791812215777,0.12434791812215777
g_m2_yr,mean,SSP1-2.6,N Deposition,Pan-Arctic,2004,0.12638927174735726,0.12638927174735726
g_m2_yr,mean,SSP1-2.6,N Deposition,Pan-Arctic,2005,0.12873685702012586,0.12873685702012586
g_m2_yr,mean,SSP1-2.6,N Deposition,Pan-Arctic,2006,0.12730233199218655,0.12730233199218655
g_m2_yr,mean,SSP1-2.6,N Deposition,Pan-Arctic,2007,0.12966222424654322,0.12966222424654322
g_m2_yr,mean,SSP1-2.6,N Deposition,Pan-Arctic,2008,0.13772401007892948,0.13772401007892948
g_m2_yr,mean,SSP1-2.6,N Deposition,Pan-Arctic,2009,0.13473667939032372,0.13473667939032372
g_m2_yr,mean,SSP1-2.6,N Deposition,Pan-Arctic,2010,0.13663764195302674,0.13663764195302674
g_m2_yr,mean,SSP1-2.6,N Deposition,Pan-Arctic,2011,0.12854463837677094,0.12854463837677094
g_m2_yr,mean,SSP1-2.6,N Deposition,Pan-Arctic,2012,0.13522293817668057,0.13522293817668057
g_m2_yr,mean,SSP1-2.6,N Deposition,Pan-Arctic,2013,0.13500198418451503,0.13500198418451503
g_m2_yr,mean,SSP1-2.6,N Deposition,Pan-Arctic,2014,0.13184161667136904,0.13184161667136904
g_m2_yr,mean,SSP1-2.6,N Deposition,Pan-Arctic,2015,0.11897199090202439,0.11897199090202439
g_m2_yr,mean,SSP1-2.6,N Deposition,Pan-Arctic,2016,0.12319588152428734,0.12319588152428734
g_m2_yr,mean,SSP1-2.6,N Deposition,Pan-Arctic,2017,0.11631323496361148,0.11631323496361148
g_m2_yr,mean,SSP1-2.6,N Deposition,Pan-Arctic,2018,0.11166457030867077,0.11166457030867077
g_m2_yr,mean,SSP1-2.6,N Deposition,Pan-Arctic,2019,0.11423784845780552,0.11423784845780552
g_m2_yr,mean,SSP1-2.6,N Deposition,Pan-Arctic,2020,0.11295664414579606,0.11295664414579606
g_m2_yr,mean,SSP1-2.6,N Deposition,Pan-Arctic,2080,0.06839221034457373,0.06839221034457373
g_m2_yr,mean,SSP1-2.6,N Deposition,Pan-Arctic,2081,0.06653842483080584,0.06653842483080584
g_m2_yr,mean,SSP1-2.6,N Deposition,Pan-Arctic,2082,0.06478779030478996,0.06478779030478996
g_m2_yr,mean,SSP1-2.6,N Deposition,Pan-Arctic,2083,0.0631107010470763,0.0631107010470763
g_m2_yr,mean,SSP1-2.6,N Deposition,Pan-Arctic,2084,0.06744947750911326,0.06744947750911326
g_m2_yr,mean,SSP1-2.6,N Deposition,Pan-Arctic,2085,0.06559366781191078,0.06559366781191078
g_m2_yr,mean,SSP1-2.6,N Deposition,Pan-Arctic,2086,0.06466559853402676,0.06466559853402676
g_m2_yr,mean,SSP1-2.6,N Deposition,Pan-Arctic,2087,0.06510461049731722,0.06510461049731722
g_m2_yr,mean,SSP1-2.6,N Deposition,Pan-Arctic,2088,0.06360515131332196,0.06360515131332196
g_m2_yr,mean,SSP1-2.6,N Deposition,Pan-Arctic,2089,0.06040307886680131,0.06040307886680131
g_m2_yr,mean,SSP1-2.6,N Deposition,Pan-Arctic,2090,0.05760888964148294,0.05760888964148294
g_m2_yr,mean,SSP1-2.6,N Deposition,Pan-Arctic,2091,0.05647170203625807,0.05647170203625807
g_m2_yr,mean,SSP1-2.6,N Deposition,Pan-Arctic,2092,0.0545212959739382,0.0545212959739382
g_m2_yr,mean,SSP1-2.6,N Deposition,Pan-Arctic,2093,0.06068520450617611,0.06068520450617611
g_m2_yr,mean,SSP1-2.6,N Deposition,Pan-Arctic,2094,0.05916983826438338,0.05916983826438338
g_m2_yr,mean,SSP1-2.6,N Deposition,Pan-Arctic,2095,0.05566982904604999,0.05566982904604999
g_m2_yr,mean,SSP1-2.6,N Deposition,Pan-Arctic,2096,0.05408844675503567,0.05408844675503567
g_m2_yr,mean,SSP1-2.6,N Deposition,Pan-Arctic,2097,0.05393811650647096,0.05393811650647096
g_m2_yr,mean,SSP1-2.6,N Deposition,Pan-Arctic,2098,0.056224860264470156,0.056224860264470156
g_m2_yr,mean,SSP1-2.6,N Deposition,Pan-Arctic,2099,0.05427758664868463,0.05427758664868463
g_m2_yr,mean,SSP1-2.6,N Fixation,Taiga,2000,0.2991957221519939,0.10496103550859526
g_m2_yr,mean,SSP1-2.6,N Fixation,Taiga,2001,0.3046041286947795,0.10685836193792786
g_m2_yr,mean,SSP1-2.6,N Fixation,Taiga,2002,0.2380390332095023,0.08350661980535189
g_m2_yr,mean,SSP1-2.6,N Fixation,Taiga,2003,0.30107224952077016,0.10561934123024898
g_m2_yr,mean,SSP1-2.6,N Fixation,Taiga,2004,0.2543619357967333,0.08923286731229764
g_m2_yr,mean,SSP1-2.6,N Fixation,Taiga,2005,0.3387652234332957,0.11884243661677764
g_m2_yr,mean,SSP1-2.6,N Fixation,Taiga,2006,0.3026992158637331,0.1061900982947777
g_m2_yr,mean,SSP1-2.6,N Fixation,Taiga,2007,0.3416409286860305,0.11985126454711557
g_m2_yr,mean,SSP1-2.6,N Fixation,Taiga,2008,0.31115781004708987,0.1091574629283572
g_m2_yr,mean,SSP1-2.6,N Fixation,Taiga,2009,0.41276129584705545,0.14480104434102736
g_m2_yr,mean,SSP1-2.6,N Fixation,Taiga,2010,0.4056017686269949,0.14228940618870187
g_m2_yr,mean,SSP1-2.6,N Fixation,Taiga,2011,0.3699690767509392,0.12978907961194172
g_m2_yr,mean,SSP1-2.6,N Fixation,Taiga,2012,0.26223143038644575,0.09199356955471107
g_m2_yr,mean,SSP1-2.6,N Fixation,Taiga,2013,0.4424971747389263,0.15523270632402658
g_m2_yr,mean,SSP1-2.6,N Fixation,Taiga,2014,0.38031705018111306,0.1334192585424236
g_m2_yr,mean,SSP1-2.6,N Fixation,Taiga,2015,0.4369317376577846,0.15328029191484657
g_m2_yr,mean,SSP1-2.6,N Fixation,Taiga,2016,0.35770506472030894,0.1254867340002926
g_m2_yr,mean,SSP1-2.6,N Fixation,Taiga,2017,0.30615464803009934,0.10740230058063545
g_m2_yr,mean,SSP1-2.6,N Fixation,Taiga,2018,0.3693517210620385,0.1295725046826009
g_m2_yr,mean,SSP1-2.6,N Fixation,Taiga,2019,0.39623101523928606,0.13900204642300998
g_m2_yr,mean,SSP1-2.6,N Fixation,Taiga,2020,0.3966016662861821,0.13913207474498843
g_m2_yr,mean,SSP1-2.6,N Fixation,Taiga,2080,0.5870549291554236,0.20594510115781628
g_m2_yr,mean,SSP1-2.6,N Fixation,Taiga,2081,0.5255315103182383,0.1843620327144129
g_m2_yr,mean,SSP1-2.6,N Fixation,Taiga,2082,0.5583553012345214,0.1958769670159819
g_m2_yr,mean,SSP1-2.6,N Fixation,Taiga,2083,0.5913685478695955,0.20745836439491142
g_m2_yr,mean,SSP1-2.6,N Fixation,Taiga,2084,0.4906840668525953,0.17213717961600192
g_m2_yr,mean,SSP1-2.6,N Fixation,Taiga,2085,0.6349278045488173,0.22273941405080586
g_m2_yr,mean,SSP1-2.6,N Fixation,Taiga,2086,0.5885467998298718,0.2064684652276924
g_m2_yr,mean,SSP1-2.6,N Fixation,Taiga,2087,0.511533138895873,0.17945125541667145
g_m2_yr,mean,SSP1-2.6,N Fixation,Taiga,2088,0.5915950398705951,0.20753782019323752
g_m2_yr,mean,SSP1-2.6,N Fixation,Taiga,2089,0.5646696893770605,0.19809212140815405
g_m2_yr,mean,SSP1-2.6,N Fixation,Taiga,2090,0.6993630717210548,0.2453439898015089
g_m2_yr,mean,SSP1-2.6,N Fixation,Taiga,2091,0.6482448515277585,0.22741117550104542
g_m2_yr,mean,SSP1-2.6,N Fixation,Taiga,2092,0.5216591316830351,0.18300356118110067
g_m2_yr,mean,SSP1-2.6,N Fixation,Taiga,2093,0.6669272362331249,0.23396515438263196
g_m2_yr,mean,SSP1-2.6,N Fixation,Taiga,2094,0.6607498985527888,0.2317980787474898
g_m2_yr,mean,SSP1-2.6,N Fixation,Taiga,2095,0.6029222799309172,0.2115115362531946
g_m2_yr,mean,SSP1-2.6,N Fixation,Taiga,2096,0.59563700103756,0.20895578307893223
g_m2_yr,mean,SSP1-2.6,N Fixation,Taiga,2097,0.5869646523440785,0.2059134310940432
g_m2_yr,mean,SSP1-2.6,N Fixation,Taiga,2098,0.7294323316620147,0.255892605395608
g_m2_yr,mean,SSP1-2.6,N Fixation,Taiga,2099,0.6019111808803238,0.21115683197270319
g_m2_yr,mean,SSP1-2.6,N Fixation,Tundra,2000,0.1301783455616999,0.07431775970131102
g_m2_yr,mean,SSP1-2.6,N Fixation,Tundra,2001,0.13157435241905643,0.07511472867275361
g_m2_yr,mean,SSP1-2.6,N Fixation,Tundra,2002,0.08717755077480516,0.04976895536562239
g_m2_yr,mean,SSP1-2.6,N Fixation,Tundra,2003,0.14368169307107734,0.08202671107133414
g_m2_yr,mean,SSP1-2.6,N Fixation,Tundra,2004,0.10222354643741743,0.058358592031353455
g_m2_yr,mean,SSP1-2.6,N Fixation,Tundra,2005,0.1403147695594307,0.08010456179687855
g_m2_yr,mean,SSP1-2.6,N Fixation,Tundra,2006,0.1197420978152294,0.06835979066384205
g_m2_yr,mean,SSP1-2.6,N Fixation,Tundra,2007,0.17516217109351656,0.09999866017591984
g_m2_yr,mean,SSP1-2.6,N Fixation,Tundra,2008,0.12759803370733425,0.07284468063028915
g_m2_yr,mean,SSP1-2.6,N Fixation,Tundra,2009,0.1824506068148698,0.104159568906176
g_m2_yr,mean,SSP1-2.6,N Fixation,Tundra,2010,0.1929771372795469,0.11016907961386599
g_m2_yr,mean,SSP1-2.6,N Fixation,Tundra,2011,0.13967327651647904,0.07973833863118661
g_m2_yr,mean,SSP1-2.6,N Fixation,Tundra,2012,0.09615191347287509,0.05489234610768293
g_m2_yr,mean,SSP1-2.6,N Fixation,Tundra,2013,0.1596388043895685,0.0911364962616262
g_m2_yr,mean,SSP1-2.6,N Fixation,Tundra,2014,0.19543129959170003,0.11157014093628205
g_m2_yr,mean,SSP1-2.6,N Fixation,Tundra,2015,0.16476631298112274,0.0940637492523544
g_m2_yr,mean,SSP1-2.6,N Fixation,Tundra,2016,0.09870840204877342,0.056351824662606714
g_m2_yr,mean,SSP1-2.6,N Fixation,Tundra,2017,0.09032830692396886,0.05156769644933046
g_m2_yr,mean,SSP1-2.6,N Fixation,Tundra,2018,0.16728786347124763,0.09550328193800377
g_m2_yr,mean,SSP1-2.6,N Fixation,Tundra,2019,0.16545906879882621,0.09445923791961029
g_m2_yr,mean,SSP1-2.6,N Fixation,Tundra,2020,0.22840153549620193,0.1303925807105298
g_m2_yr,mean,SSP1-2.6,N Fixation,Tundra,2080,0.32596804705848237,0.18609250937296667
g_m2_yr,mean,SSP1-2.6,N Fixation,Tundra,2081,0.2514510347239558,0.14355135252816573
g_m2_yr,mean,SSP1-2.6,N Fixation,Tundra,2082,0.25550695823511715,0.14586684630379157
g_m2_yr,mean,SSP1-2.6,N Fixation,Tundra,2083,0.3214205553408222,0.18349638330254744
g_m2_yr,mean,SSP1-2.6,N Fixation,Tundra,2084,0.20846366240629705,0.11901021097109803
g_m2_yr,mean,SSP1-2.6,N Fixation,Tundra,2085,0.27083594293805474,0.15461803911318275
g_m2_yr,mean,SSP1-2.6,N Fixation,Tundra,2086,0.2548598840355799,0.1454974369011553
g_m2_yr,mean,SSP1-2.6,N Fixation,Tundra,2087,0.1815233558817842,0.10363020888296684
g_m2_yr,mean,SSP1-2.6,N Fixation,Tundra,2088,0.225430253191507,0.12869629978629257
g_m2_yr,mean,SSP1-2.6,N Fixation,Tundra,2089,0.1956613411934699,0.11170146981750166
g_m2_yr,mean,SSP1-2.6,N Fixation,Tundra,2090,0.29643268641618825,0.16923101197541973
g_m2_yr,mean,SSP1-2.6,N Fixation,Tundra,2091,0.28698308002805784,0.16383630847235361
g_m2_yr,mean,SSP1-2.6,N Fixation,Tundra,2092,0.21991096491880158,0.12554538295904827
g_m2_yr,mean,SSP1-2.6,N Fixation,Tundra,2093,0.3140440322839233,0.17928518622819256
g_m2_yr,mean,SSP1-2.6,N Fixation,Tundra,2094,0.31486714894672785,0.17975509684265387
g_m2_yr,mean,SSP1-2.6,N Fixation,Tundra,2095,0.22016975008917977,0.12569312131002702
g_m2_yr,mean,SSP1-2.6,N Fixation,Tundra,2096,0.29515871607117766,0.168503712657253
g_m2_yr,mean,SSP1-2.6,N Fixation,Tundra,2097,0.2333224731227324,0.13320190401584325
g_m2_yr,mean,SSP1-2.6,N Fixation,Tundra,2098,0.3286950023505307,0.1876493059909926
g_m2_yr,mean,SSP1-2.6,N Fixation,Tundra,2099,0.2776076698283819,0.15848396297038614
g_m2_yr,mean,SSP1-2.6,N Fixation,Wetlands,2000,0.13139596307511434,0.0030668738945673836
g_m2_yr,mean,SSP1-2.6,N Fixation,Wetlands,2001,0.18328816504910642,0.0042780742681639145
g_m2_yr,mean,SSP1-2.6,N Fixation,Wetlands,2002,0.20212842047930657,0.004717819038045704
g_m2_yr,mean,SSP1-2.6,N Fixation,Wetlands,2003,0.1609434418401403,0.0037565327634851375
g_m2_yr,mean,SSP1-2.6,N Fixation,Wetlands,2004,0.1065599936710975,0.002487184957184197
g_m2_yr,mean,SSP1-2.6,N Fixation,Wetlands,2005,0.207368294565324,0.004840121372677098
g_m2_yr,mean,SSP1-2.6,N Fixation,Wetlands,2006,0.1727896289366775,0.004033031075200862
g_m2_yr,mean,SSP1-2.6,N Fixation,Wetlands,2007,0.14851785620197977,0.0034665108836150448
g_m2_yr,mean,SSP1-2.6,N Fixation,Wetlands,2008,0.1842147841623556,0.004299702207882325
g_m2_yr,mean,SSP1-2.6,N Fixation,Wetlands,2009,0.39213484243759844,0.009152702132368145
g_m2_yr,mean,SSP1-2.6,N Fixation,Wetlands,2010,0.30451189079162305,0.0071075210120443814
g_m2_yr,mean,SSP1-2.6,N Fixation,Wetlands,2011,0.25364992186169427,0.0059203669999509986
g_m2_yr,mean,SSP1-2.6,N Fixation,Wetlands,2012,0.21494674556880206,0.005017007732043695
g_m2_yr,mean,SSP1-2.6,N Fixation,Wetlands,2013,0.44337878881842363,0.010348771765954386
g_m2_yr,mean,SSP1-2.6,N Fixation,Wetlands,2014,0.18360281284468216,0.0042854183682994925
g_m2_yr,mean,SSP1-2.6,N Fixation,Wetlands,2015,0.28212982596113545,0.0065851079277405924
g_m2_yr,mean,SSP1-2.6,N Fixation,Wetlands,2016,0.321241013804085,0.007497990471266627
g_m2_yr,mean,SSP1-2.6,N Fixation,Wetlands,2017,0.16827781652165183,0.003927722210385
g_m2_yr,mean,SSP1-2.6,N Fixation,Wetlands,2018,0.20264803056236344,0.0047299471016618595
g_m2_yr,mean,SSP1-2.6,N Fixation,Wetlands,2019,0.17458923519199043,0.00407503514683101
g_m2_yr,mean,SSP1-2.6,N Fixation,Wetlands,2020,0.25360093338408435,0.005919223574539743
g_m2_yr,mean,SSP1-2.6,N Fixation,Wetlands,2080,0.3309742789908922,0.00772517170432518
g_m2_yr,mean,SSP1-2.6,N Fixation,Wetlands,2081,0.3297762757960824,0.007697209469886742
g_m2_yr,mean,SSP1-2.6,N Fixation,Wetlands,2082,0.5010569037154216,0.01169501940344336
g_m2_yr,mean,SSP1-2.6,N Fixation,Wetlands,2083,0.5870197542621244,0.013701452600280379
g_m2_yr,mean,SSP1-2.6,N Fixation,Wetlands,2084,0.49756465731298005,0.011613507924137699
g_m2_yr,mean,SSP1-2.6,N Fixation,Wetlands,2085,0.6875681617331719,0.016048322921075518
g_m2_yr,mean,SSP1-2.6,N Fixation,Wetlands,2086,0.5509573052436115,0.012859729758264153
g_m2_yr,mean,SSP1-2.6,N Fixation,Wetlands,2087,0.35004799600061526,0.008170365631143503
g_m2_yr,mean,SSP1-2.6,N Fixation,Wetlands,2088,0.5025858992078405,0.011730707230153303
g_m2_yr,mean,SSP1-2.6,N Fixation,Wetlands,2089,0.4127862407004254,0.009634720245682415
g_m2_yr,mean,SSP1-2.6,N Fixation,Wetlands,2090,0.5429442052765303,0.012672698387372254
g_m2_yr,mean,SSP1-2.6,N Fixation,Wetlands,2091,0.39601972752777576,0.00924337807390866
g_m2_yr,mean,SSP1-2.6,N Fixation,Wetlands,2092,0.29525257164743973,0.006891402011885068
g_m2_yr,mean,SSP1-2.6,N Fixation,Wetlands,2093,0.5790966393917276,0.013516521544630004
g_m2_yr,mean,SSP1-2.6,N Fixation,Wetlands,2094,0.40477181243363813,0.009447657871344158
g_m2_yr,mean,SSP1-2.6,N Fixation,Wetlands,2095,0.49164079809292593,0.011475240896963581
g_m2_yr,mean,SSP1-2.6,N Fixation,Wetlands,2096,0.4677973138099674,0.010918717258097062
g_m2_yr,mean,SSP1-2.6,N Fixation,Wetlands,2097,0.4880881357014764,0.011392319266119265
g_m2_yr,mean,SSP1-2.6,N Fixation,Wetlands,2098,0.6213033170847602,0.014501654991379684
g_m2_yr,mean,SSP1-2.6,N Fixation,Wetlands,2099,0.5088490016977438,0.011876892433075435
g_m2_yr,mean,SSP1-2.6,N Fixation,Barren,2000,0.05215544662105954,0.0028662969100387405
g_m2_yr,mean,SSP1-2.6,N Fixation,Barren,2001,0.0634003513613282,0.0034842809902996424
g_m2_yr,mean,SSP1-2.6,N Fixation,Barren,2002,0.04067944515865973,0.002235612491395593
g_m2_yr,mean,SSP1-2.6,N Fixation,Barren,2003,0.04832972966763429,0.0026560477147445738
g_m2_yr,mean,SSP1-2.6,N Fixation,Barren,2004,0.04487403873649303,0.002466133968823748
g_m2_yr,mean,SSP1-2.6,N Fixation,Barren,2005,0.061872249272321614,0.0034003013759025765
g_m2_yr,mean,SSP1-2.6,N Fixation,Barren,2006,0.04345289791626307,0.00238803260442837
g_m2_yr,mean,SSP1-2.6,N Fixation,Barren,2007,0.059577149799080874,0.0032741700328776046
g_m2_yr,mean,SSP1-2.6,N Fixation,Barren,2008,0.04688780329680564,0.0025768040428182613
g_m2_yr,mean,SSP1-2.6,N Fixation,Barren,2009,0.055877572445797594,0.0030708530674758852
g_m2_yr,mean,SSP1-2.6,N Fixation,Barren,2010,0.06162315793876379,0.0033866121110999636
g_m2_yr,mean,SSP1-2.6,N Fixation,Barren,2011,0.05363644849643385,0.002947688046998785
g_m2_yr,mean,SSP1-2.6,N Fixation,Barren,2012,0.03221252589104408,0.0017702976277219895
g_m2_yr,mean,SSP1-2.6,N Fixation,Barren,2013,0.05427800117710693,0.0029829457350328058
g_m2_yr,mean,SSP1-2.6,N Fixation,Barren,2014,0.07781853082008601,0.00427665812266868
g_m2_yr,mean,SSP1-2.6,N Fixation,Barren,2015,0.07564660578976981,0.004157296053957769
g_m2_yr,mean,SSP1-2.6,N Fixation,Barren,2016,0.05392382767170635,0.0029634814893994958
g_m2_yr,mean,SSP1-2.6,N Fixation,Barren,2017,0.046313006065016454,0.002545215021227736
g_m2_yr,mean,SSP1-2.6,N Fixation,Barren,2018,0.06813283409211786,0.0037443631390851706
g_m2_yr,mean,SSP1-2.6,N Fixation,Barren,2019,0.08275572532555463,0.004547990577323009
g_m2_yr,mean,SSP1-2.6,N Fixation,Barren,2020,0.08883487015202315,0.004882080977475942
g_m2_yr,mean,SSP1-2.6,N Fixation,Barren,2080,0.12437595806376191,0.006835305751889014
g_m2_yr,mean,SSP1-2.6,N Fixation,Barren,2081,0.0901254129589123,0.004953005091816964
g_m2_yr,mean,SSP1-2.6,N Fixation,Barren,2082,0.08766688558500571,0.004817892272895599
g_m2_yr,mean,SSP1-2.6,N Fixation,Barren,2083,0.10267317525782477,0.005642590065877009
g_m2_yr,mean,SSP1-2.6,N Fixation,Barren,2084,0.07294982673937238,0.004009089683195138
g_m2_yr,mean,SSP1-2.6,N Fixation,Barren,2085,0.10582100200167736,0.00581558457850762
g_m2_yr,mean,SSP1-2.6,N Fixation,Barren,2086,0.08962480343885776,0.004925493190118687
g_m2_yr,mean,SSP1-2.6,N Fixation,Barren,2087,0.06825232116640374,0.003750929767385827
g_m2_yr,mean,SSP1-2.6,N Fixation,Barren,2088,0.09248638464049569,0.005082756561203843
g_m2_yr,mean,SSP1-2.6,N Fixation,Barren,2089,0.07746403765153641,0.004257176309368794
g_m2_yr,mean,SSP1-2.6,N Fixation,Barren,2090,0.10584290437463059,0.0058167882630312025
g_m2_yr,mean,SSP1-2.6,N Fixation,Barren,2091,0.10560914365200379,0.0058039415196829616
g_m2_yr,mean,SSP1-2.6,N Fixation,Barren,2092,0.08632703421665265,0.004744258317367916
g_m2_yr,mean,SSP1-2.6,N Fixation,Barren,2093,0.10263373103340465,0.005640422337175619
g_m2_yr,mean,SSP1-2.6,N Fixation,Barren,2094,0.11399195368025013,0.006264634007966674
g_m2_yr,mean,SSP1-2.6,N Fixation,Barren,2095,0.0745242320945187,0.00409561397733822
g_m2_yr,mean,SSP1-2.6,N Fixation,Barren,2096,0.10172326297449756,0.005590385918105236
g_m2_yr,mean,SSP1-2.6,N Fixation,Barren,2097,0.0958732666823453,0.005268888790149217
g_m2_yr,mean,SSP1-2.6,N Fixation,Barren,2098,0.12100305202322689,0.006649941599376267
g_m2_yr,mean,SSP1-2.6,N Fixation,Barren,2099,0.10584173048480947,0.005816723749792701
g_m2_yr,mean,SSP1-2.6,N Fixation,Pan-Arctic,2000,0.1852119660145124,0.1852119660145124
g_m2_yr,mean,SSP1-2.6,N Fixation,Pan-Arctic,2001,0.18973544586914504,0.18973544586914504
g_m2_yr,mean,SSP1-2.6,N Fixation,Pan-Arctic,2002,0.14022900670041558,0.14022900670041558
g_m2_yr,mean,SSP1-2.6,N Fixation,Pan-Arctic,2003,0.19405863277981283,0.19405863277981283
g_m2_yr,mean,SSP1-2.6,N Fixation,Pan-Arctic,2004,0.15254477826965904,0.15254477826965904
g_m2_yr,mean,SSP1-2.6,N Fixation,Pan-Arctic,2005,0.20718742116223587,0.20718742116223587
g_m2_yr,mean,SSP1-2.6,N Fixation,Pan-Arctic,2006,0.180970952638249,0.180970952638249
g_m2_yr,mean,SSP1-2.6,N Fixation,Pan-Arctic,2007,0.22659060563952807,0.22659060563952807
g_m2_yr,mean,SSP1-2.6,N Fixation,Pan-Arctic,2008,0.18887864980934693,0.18887864980934693
g_m2_yr,mean,SSP1-2.6,N Fixation,Pan-Arctic,2009,0.2611841684470474,0.2611841684470474
g_m2_yr,mean,SSP1-2.6,N Fixation,Pan-Arctic,2010,0.2629526189257122,0.2629526189257122
g_m2_yr,mean,SSP1-2.6,N Fixation,Pan-Arctic,2011,0.2183954732900781,0.2183954732900781
g_m2_yr,mean,SSP1-2.6,N Fixation,Pan-Arctic,2012,0.15367322102215966,0.15367322102215966
g_m2_yr,mean,SSP1-2.6,N Fixation,Pan-Arctic,2013,0.25970092008664,0.25970092008664
g_m2_yr,mean,SSP1-2.6,N Fixation,Pan-Arctic,2014,0.25355147596967387,0.25355147596967387
g_m2_yr,mean,SSP1-2.6,N Fixation,Pan-Arctic,2015,0.25808644514889933,0.25808644514889933
g_m2_yr,mean,SSP1-2.6,N Fixation,Pan-Arctic,2016,0.19230003062356543,0.19230003062356543
g_m2_yr,mean,SSP1-2.6,N Fixation,Pan-Arctic,2017,0.16544293426157863,0.16544293426157863
g_m2_yr,mean,SSP1-2.6,N Fixation,Pan-Arctic,2018,0.23355009686135172,0.23355009686135172
g_m2_yr,mean,SSP1-2.6,N Fixation,Pan-Arctic,2019,0.24208431006677428,0.24208431006677428
g_m2_yr,mean,SSP1-2.6,N Fixation,Pan-Arctic,2020,0.2803259600075339,0.2803259600075339
g_m2_yr,mean,SSP1-2.6,N Fixation,Pan-Arctic,2080,0.40659808798699715,0.40659808798699715
g_m2_yr,mean,SSP1-2.6,N Fixation,Pan-Arctic,2081,0.34056359980428236,0.34056359980428236
g_m2_yr,mean,SSP1-2.6,N Fixation,Pan-Arctic,2082,0.35825672499611244,0.35825672499611244
g_m2_yr,mean,SSP1-2.6,N Fixation,Pan-Arctic,2083,0.4102987903636162,0.4102987903636162
g_m2_yr,mean,SSP1-2.6,N Fixation,Pan-Arctic,2084,0.3067699881944328,0.3067699881944328
g_m2_yr,mean,SSP1-2.6,N Fixation,Pan-Arctic,2085,0.3992213606635717,0.3992213606635717
g_m2_yr,mean,SSP1-2.6,N Fixation,Pan-Arctic,2086,0.3697511250772305,0.3697511250772305
g_m2_yr,mean,SSP1-2.6,N Fixation,Pan-Arctic,2087,0.2950027596981676,0.2950027596981676
g_m2_yr,mean,SSP1-2.6,N Fixation,Pan-Arctic,2088,0.35304758377088724,0.35304758377088724
g_m2_yr,mean,SSP1-2.6,N Fixation,Pan-Arctic,2089,0.32368548778070694,0.32368548778070694
g_m2_yr,mean,SSP1-2.6,N Fixation,Pan-Arctic,2090,0.4330644884273321,0.4330644884273321
g_m2_yr,mean,SSP1-2.6,N Fixation,Pan-Arctic,2091,0.4062948035669907,0.4062948035669907
g_m2_yr,mean,SSP1-2.6,N Fixation,Pan-Arctic,2092,0.3201846044694019,0.3201846044694019
g_m2_yr,mean,SSP1-2.6,N Fixation,Pan-Arctic,2093,0.43240728449263016,0.43240728449263016
g_m2_yr,mean,SSP1-2.6,N Fixation,Pan-Arctic,2094,0.42726546746945454,0.42726546746945454
g_m2_yr,mean,SSP1-2.6,N Fixation,Pan-Arctic,2095,0.3527755124375234,0.3527755124375234
g_m2_yr,mean,SSP1-2.6,N Fixation,Pan-Arctic,2096,0.3939685989123875,0.3939685989123875
g_m2_yr,mean,SSP1-2.6,N Fixation,Pan-Arctic,2097,0.355776543166155,0.355776543166155
g_m2_yr,mean,SSP1-2.6,N Fixation,Pan-Arctic,2098,0.46469350797735653,0.46469350797735653
g_m2_yr,mean,SSP1-2.6,N Fixation,Pan-Arctic,2099,0.3873344111259574,0.3873344111259574
g_m2_yr,mean,SSP3-7.0,N Deposition,Taiga,2000,0.20974672063036814,0.07358137620935488
g_m2_yr,mean,SSP3-7.0,N Deposition,Taiga,2001,0.20080661679906278,0.07044509287970395
g_m2_yr,mean,SSP3-7.0,N Deposition,Taiga,2002,0.21809291815802964,0.07650931090294519
g_m2_yr,mean,SSP3-7.0,N Deposition,Taiga,2003,0.20776228971575544,0.07288521677834803
g_m2_yr,mean,SSP3-7.0,N Deposition,Taiga,2004,0.20612864476598036,0.0723121167876514
g_m2_yr,mean,SSP3-7.0,N Deposition,Taiga,2005,0.2161807061951184,0.07583848664685129
g_m2_yr,mean,SSP3-7.0,N Deposition,Taiga,2006,0.20957394488466533,0.07352076464362359
g_m2_yr,mean,SSP3-7.0,N Deposition,Taiga,2007,0.20614392097013262,0.0723174758422359
g_m2_yr,mean,SSP3-7.0,N Deposition,Taiga,2008,0.22140963509291503,0.07767285041303756
g_m2_yr,mean,SSP3-7.0,N Deposition,Taiga,2009,0.21720445703673996,0.07619762930994327
g_m2_yr,mean,SSP3-7.0,N Deposition,Taiga,2010,0.21808583132341297,0.07650682476612983
g_m2_yr,mean,SSP3-7.0,N Deposition,Taiga,2011,0.20718048099494657,0.07268111210277045
g_m2_yr,mean,SSP3-7.0,N Deposition,Taiga,2012,0.21976151799055524,0.0770946734375819
g_m2_yr,mean,SSP3-7.0,N Deposition,Taiga,2013,0.2138311480743082,0.07501423671582258
g_m2_yr,mean,SSP3-7.0,N Deposition,Taiga,2014,0.21014537918152615,0.07372122986114822
g_m2_yr,mean,SSP3-7.0,N Deposition,Taiga,2015,0.17548674180401486,0.061562611942766174
g_m2_yr,mean,SSP3-7.0,N Deposition,Taiga,2016,0.18292344279737527,0.06417148559716412
g_m2_yr,mean,SSP3-7.0,N Deposition,Taiga,2017,0.1933451001133501,0.06782751361699241
g_m2_yr,mean,SSP3-7.0,N Deposition,Taiga,2018,0.19449254523529463,0.06823004954672539
g_m2_yr,mean,SSP3-7.0,N Deposition,Taiga,2019,0.19789210275968883,0.06942265041502986
g_m2_yr,mean,SSP3-7.0,N Deposition,Taiga,2020,0.18649246959224472,0.06542353808458945
g_m2_yr,mean,SSP3-7.0,N Deposition,Taiga,2080,0.2295007834129737,0.08051131113707011
g_m2_yr,mean,SSP3-7.0,N Deposition,Taiga,2081,0.22803327899498896,0.0799964950086267
g_m2_yr,mean,SSP3-7.0,N Deposition,Taiga,2082,0.22923117721557268,0.08041673042095823
g_m2_yr,mean,SSP3-7.0,N Deposition,Taiga,2083,0.21560790028294427,0.07563754025211408
g_m2_yr,mean,SSP3-7.0,N Deposition,Taiga,2084,0.22360381065837073,0.0784425904941504
g_m2_yr,mean,SSP3-7.0,N Deposition,Taiga,2085,0.22062028443261902,0.07739593782188102
g_m2_yr,mean,SSP3-7.0,N Deposition,Taiga,2086,0.21278209850121296,0.07464621898916542
g_m2_yr,mean,SSP3-7.0,N Deposition,Taiga,2087,0.23826616490726604,0.08358630001609366
g_m2_yr,mean,SSP3-7.0,N Deposition,Taiga,2088,0.22647380524396077,0.07944941506183108
g_m2_yr,mean,SSP3-7.0,N Deposition,Taiga,2089,0.2191449969140295,0.07687839129912225
g_m2_yr,mean,SSP3-7.0,N Deposition,Taiga,2090,0.23349289604971696,0.08191178662918512
g_m2_yr,mean,SSP3-7.0,N Deposition,Taiga,2091,0.24515806740034932,0.08600405257316668
g_m2_yr,mean,SSP3-7.0,N Deposition,Taiga,2092,0.24218582055247462,0.08496135682639526
g_m2_yr,mean,SSP3-7.0,N Deposition,Taiga,2093,0.21965215197304885,0.07705630667764178
g_m2_yr,mean,SSP3-7.0,N Deposition,Taiga,2094,0.23741820801550806,0.08328882773679297
g_m2_yr,mean,SSP3-7.0,N Deposition,Taiga,2095,0.2381642318292909,0.08355054081024707
g_m2_yr,mean,SSP3-7.0,N Deposition,Taiga,2096,0.22428148547930418,0.07868032601533924
g_m2_yr,mean,SSP3-7.0,N Deposition,Taiga,2097,0.2441298043721379,0.08564332698711886
g_m2_yr,mean,SSP3-7.0,N Deposition,Taiga,2098,0.24081647157716532,0.08448097466923299
g_m2_yr,mean,SSP3-7.0,N Deposition,Taiga,2099,0.2449751349298851,0.08593987792056815
g_m2_yr,mean,SSP3-7.0,N Deposition,Tundra,2000,0.09008802969617653,0.05143052413238545
g_m2_yr,mean,SSP3-7.0,N Deposition,Tundra,2001,0.08427619354501714,0.04811259409846486
g_m2_yr,mean,SSP3-7.0,N Deposition,Tundra,2002,0.08697638466654767,0.04965411126901769
g_m2_yr,mean,SSP3-7.0,N Deposition,Tundra,2003,0.07945395796382253,0.04535961898881827
g_m2_yr,mean,SSP3-7.0,N Deposition,Tundra,2004,0.08323233773215502,0.04751666529687831
g_m2_yr,mean,SSP3-7.0,N Deposition,Tundra,2005,0.08197807645306472,0.04680061772429712
g_m2_yr,mean,SSP3-7.0,N Deposition,Tundra,2006,0.08253923152052027,0.04712097659257424
g_m2_yr,mean,SSP3-7.0,N Deposition,Tundra,2007,0.08858779063672839,0.05057404984372011
g_m2_yr,mean,SSP3-7.0,N Deposition,Tundra,2008,0.09328302200732436,0.05325451928152398
g_m2_yr,mean,SSP3-7.0,N Deposition,Tundra,2009,0.09076886726822095,0.05181920877003772
g_m2_yr,mean,SSP3-7.0,N Deposition,Tundra,2010,0.0934644172952413,0.053358076377446446
g_m2_yr,mean,SSP3-7.0,N Deposition,Tundra,2011,0.08644020361687474,0.049348009864563266
g_m2_yr,mean,SSP3-7.0,N Deposition,Tundra,2012,0.09044867703162346,0.051636414765708634
g_m2_yr,mean,SSP3-7.0,N Deposition,Tundra,2013,0.0932624497126152,0.05324277472563718
g_m2_yr,mean,SSP3-7.0,N Deposition,Tundra,2014,0.09034848861347414,0.05157921801188027
g_m2_yr,mean,SSP3-7.0,N Deposition,Tundra,2015,0.07404700350893569,0.04227283262538458
g_m2_yr,mean,SSP3-7.0,N Deposition,Tundra,2016,0.07984254839116031,0.04558146210624698
g_m2_yr,mean,SSP3-7.0,N Deposition,Tundra,2017,0.08143054513509482,0.04648803654389993
g_m2_yr,mean,SSP3-7.0,N Deposition,Tundra,2018,0.08091632614274402,0.04619447309951536
g_m2_yr,mean,SSP3-7.0,N Deposition,Tundra,2019,0.08461476055370575,0.04830587925265809
g_m2_yr,mean,SSP3-7.0,N Deposition,Tundra,2020,0.081607086917301,0.046588822812849866
g_m2_yr,mean,SSP3-7.0,N Deposition,Tundra,2080,0.09183984384905744,0.05243062059768776
g_m2_yr,mean,SSP3-7.0,N Deposition,Tundra,2081,0.0931667453398189,0.053188137876865216
g_m2_yr,mean,SSP3-7.0,N Deposition,Tundra,2082,0.09315779221258408,0.053183026609276575
g_m2_yr,mean,SSP3-7.0,N Deposition,Tundra,2083,0.0829959351684832,0.04738170499419565
g_m2_yr,mean,SSP3-7.0,N Deposition,Tundra,2084,0.09219498043946181,0.05263336519144437
g_m2_yr,mean,SSP3-7.0,N Deposition,Tundra,2085,0.08712729690278388,0.04974026583842935
g_m2_yr,mean,SSP3-7.0,N Deposition,Tundra,2086,0.08928125992315572,0.050969945824473055
g_m2_yr,mean,SSP3-7.0,N Deposition,Tundra,2087,0.09636565712001188,0.05501437061903351
g_m2_yr,mean,SSP3-7.0,N Deposition,Tundra,2088,0.09534524041597824,0.054431823014219824
g_m2_yr,mean,SSP3-7.0,N Deposition,Tundra,2089,0.08797820554561625,0.05022604266846144
g_m2_yr,mean,SSP3-7.0,N Deposition,Tundra,2090,0.09478469384470617,0.05411181153146944
g_m2_yr,mean,SSP3-7.0,N Deposition,Tundra,2091,0.10165095005312746,0.058031701408263366
g_m2_yr,mean,SSP3-7.0,N Deposition,Tundra,2092,0.08945393945139155,0.051068527164014534
g_m2_yr,mean,SSP3-7.0,N Deposition,Tundra,2093,0.0889994719193286,0.0508090753427906
g_m2_yr,mean,SSP3-7.0,N Deposition,Tundra,2094,0.0929940411810022,0.053089542475925254
g_m2_yr,mean,SSP3-7.0,N Deposition,Tundra,2095,0.09942958647397682,0.05676354299088421
g_m2_yr,mean,SSP3-7.0,N Deposition,Tundra,2096,0.09134829256940412,0.052149997966292945
g_m2_yr,mean,SSP3-7.0,N Deposition,Tundra,2097,0.10023651687941185,0.05722421300253665
g_m2_yr,mean,SSP3-7.0,N Deposition,Tundra,2098,0.0957956801622511,0.05468897540526446
g_m2_yr,mean,SSP3-7.0,N Deposition,Tundra,2099,0.09686021740994204,0.05529671106994529
g_m2_yr,mean,SSP3-7.0,N Deposition,Wetlands,2000,0.17410423064147532,0.004063714800604918
g_m2_yr,mean,SSP3-7.0,N Deposition,Wetlands,2001,0.16489894084901296,0.0038488568833925643
g_m2_yr,mean,SSP3-7.0,N Deposition,Wetlands,2002,0.1772725421926946,0.004137665413385433
g_m2_yr,mean,SSP3-7.0,N Deposition,Wetlands,2003,0.15821330938194716,0.003692809557925488
g_m2_yr,mean,SSP3-7.0,N Deposition,Wetlands,2004,0.17487195294300922,0.004081633977341768
g_m2_yr,mean,SSP3-7.0,N Deposition,Wetlands,2005,0.15533636240006732,0.0036256595984572675
g_m2_yr,mean,SSP3-7.0,N Deposition,Wetlands,2006,0.18112300091308217,0.004227537819320122
g_m2_yr,mean,SSP3-7.0,N Deposition,Wetlands,2007,0.17458643676888783,0.004074969829673935
g_m2_yr,mean,SSP3-7.0,N Deposition,Wetlands,2008,0.18362482415150586,0.004285932127631994
g_m2_yr,mean,SSP3-7.0,N Deposition,Wetlands,2009,0.17540667045721692,0.004094114658992193
g_m2_yr,mean,SSP3-7.0,N Deposition,Wetlands,2010,0.1794700827806708,0.004188957551315605
g_m2_yr,mean,SSP3-7.0,N Deposition,Wetlands,2011,0.16624075180984832,0.0038801756919078444
g_m2_yr,mean,SSP3-7.0,N Deposition,Wetlands,2012,0.16455378420757732,0.0038408006854060983
g_m2_yr,mean,SSP3-7.0,N Deposition,Wetlands,2013,0.17436527324493337,0.004069807717976038
g_m2_yr,mean,SSP3-7.0,N Deposition,Wetlands,2014,0.16967879850274079,0.003960422111995408
g_m2_yr,mean,SSP3-7.0,N Deposition,Wetlands,2015,0.15087446089292322,0.0035215156892218795
g_m2_yr,mean,SSP3-7.0,N Deposition,Wetlands,2016,0.14413955320302033,0.003364318222168219
g_m2_yr,mean,SSP3-7.0,N Deposition,Wetlands,2017,0.14776782978752426,0.0034490047412884754
g_m2_yr,mean,SSP3-7.0,N Deposition,Wetlands,2018,0.17821943782010444,0.004159766621159398
g_m2_yr,mean,SSP3-7.0,N Deposition,Wetlands,2019,0.1552053090122979,0.0036226007205105008
g_m2_yr,mean,SSP3-7.0,N Deposition,Wetlands,2020,0.17237863189297553,0.0040234381160674584
g_m2_yr,mean,SSP3-7.0,N Deposition,Wetlands,2080,0.18373644184797863,0.004288537362918321
g_m2_yr,mean,SSP3-7.0,N Deposition,Wetlands,2081,0.1631681584602298,0.0038084592090568497
g_m2_yr,mean,SSP3-7.0,N Deposition,Wetlands,2082,0.17297346080724496,0.004037321839936995
g_m2_yr,mean,SSP3-7.0,N Deposition,Wetlands,2083,0.15935890273885678,0.003719548510004917
g_m2_yr,mean,SSP3-7.0,N Deposition,Wetlands,2084,0.15190209815383557,0.003545501463326485
g_m2_yr,mean,SSP3-7.0,N Deposition,Wetlands,2085,0.16280496343149078,0.0037999819824647394
g_m2_yr,mean,SSP3-7.0,N Deposition,Wetlands,2086,0.14227098076186998,0.003320704431411222
g_m2_yr,mean,SSP3-7.0,N Deposition,Wetlands,2087,0.1696029680939371,0.003958652177092298
g_m2_yr,mean,SSP3-7.0,N Deposition,Wetlands,2088,0.15604166847206558,0.0036421219366392613
g_m2_yr,mean,SSP3-7.0,N Deposition,Wetlands,2089,0.16346435090217656,0.003815372548300426
g_m2_yr,mean,SSP3-7.0,N Deposition,Wetlands,2090,0.18458157568385195,0.004308263379136747
g_m2_yr,mean,SSP3-7.0,N Deposition,Wetlands,2091,0.16279630625009237,0.0037997799177817006
g_m2_yr,mean,SSP3-7.0,N Deposition,Wetlands,2092,0.17469123831266986,0.004077415971177931
g_m2_yr,mean,SSP3-7.0,N Deposition,Wetlands,2093,0.15087655712550524,0.0035215646167599274
g_m2_yr,mean,SSP3-7.0,N Deposition,Wetlands,2094,0.1752333834673318,0.004090070019163776
g_m2_yr,mean,SSP3-7.0,N Deposition,Wetlands,2095,0.16969731169236887,0.003960854222820176
g_m2_yr,mean,SSP3-7.0,N Deposition,Wetlands,2096,0.16030203984166944,0.0037415619911798335
g_m2_yr,mean,SSP3-7.0,N Deposition,Wetlands,2097,0.1831049023058869,0.004273796787259075
g_m2_yr,mean,SSP3-7.0,N Deposition,Wetlands,2098,0.18612942194897236,0.004344391196097057
g_m2_yr,mean,SSP3-7.0,N Deposition,Wetlands,2099,0.1748576912080051,0.004081301098448445
g_m2_yr,mean,SSP3-7.0,N Deposition,Barren,2000,0.04742787149039232,0.0026064844672950152
g_m2_yr,mean,SSP3-7.0,N Deposition,Barren,2001,0.045578341815509654,0.002504840218504313
g_m2_yr,mean,SSP3-7.0,N Deposition,Barren,2002,0.04632582434191117,0.0025459194728207264
g_m2_yr,mean,SSP3-7.0,N Deposition,Barren,2003,0.04385758285169012,0.0024102727970659963
g_m2_yr,mean,SSP3-7.0,N Deposition,Barren,2004,0.045105524460100764,0.0024788556854857817
g_m2_yr,mean,SSP3-7.0,N Deposition,Barren,2005,0.04498247082747447,0.0024720930505201864
g_m2_yr,mean,SSP3-7.0,N Deposition,Barren,2006,0.0442720927201207,0.0024330529366685854
g_m2_yr,mean,SSP3-7.0,N Deposition,Barren,2007,0.049051769702429054,0.0026957287309132827
g_m2_yr,mean,SSP3-7.0,N Deposition,Barren,2008,0.04568511726982051,0.002510708256735926
g_m2_yr,mean,SSP3-7.0,N Deposition,Barren,2009,0.04777800433945824,0.002625726651350543
g_m2_yr,mean,SSP3-7.0,N Deposition,Barren,2010,0.0470147978487753,0.0025837832581348725
g_m2_yr,mean,SSP3-7.0,N Deposition,Barren,2011,0.04795294292088902,0.002635340717529379
g_m2_yr,mean,SSP3-7.0,N Deposition,Barren,2012,0.04823877775710807,0.0026510492879839413
g_m2_yr,mean,SSP3-7.0,N Deposition,Barren,2013,0.048677590301054736,0.0026751650250792253
g_m2_yr,mean,SSP3-7.0,N Deposition,Barren,2014,0.0469595440621437,0.002580746686345146
g_m2_yr,mean,SSP3-7.0,N Deposition,Barren,2015,0.04106783437832708,0.0022569571234972645
g_m2_yr,mean,SSP3-7.0,N Deposition,Barren,2016,0.042991716767718714,0.002362687560206142
g_m2_yr,mean,SSP3-7.0,N Deposition,Barren,2017,0.04557037989357042,0.0025044026566822817
g_m2_yr,mean,SSP3-7.0,N Deposition,Barren,2018,0.0427938805692441,0.002351815114064484
g_m2_yr,mean,SSP3-7.0,N Deposition,Barren,2019,0.04374426486854894,0.0024040452023281105
g_m2_yr,mean,SSP3-7.0,N Deposition,Barren,2020,0.04499513195646573,0.002472788865765887
g_m2_yr,mean,SSP3-7.0,N Deposition,Barren,2080,0.044526427187207784,0.0024470303473583008
g_m2_yr,mean,SSP3-7.0,N Deposition,Barren,2081,0.04549486971613758,0.002500252858295456
g_m2_yr,mean,SSP3-7.0,N Deposition,Barren,2082,0.0473811741761808,0.002603918131924443
g_m2_yr,mean,SSP3-7.0,N Deposition,Barren,2083,0.04259789107041413,0.002341044156642186
g_m2_yr,mean,SSP3-7.0,N Deposition,Barren,2084,0.048590477813767574,0.002670377600767607
g_m2_yr,mean,SSP3-7.0,N Deposition,Barren,2085,0.04413657322590529,0.002425605217730583
g_m2_yr,mean,SSP3-7.0,N Deposition,Barren,2086,0.04663384909452339,0.002562847530268735
g_m2_yr,mean,SSP3-7.0,N Deposition,Barren,2087,0.04767668537233107,0.002620158484242036
g_m2_yr,mean,SSP3-7.0,N Deposition,Barren,2088,0.04670100805349874,0.002566538372339192
g_m2_yr,mean,SSP3-7.0,N Deposition,Barren,2089,0.043073226319567226,0.002367167065065903
g_m2_yr,mean,SSP3-7.0,N Deposition,Barren,2090,0.04598237639234869,0.0025270446695093386
g_m2_yr,mean,SSP3-7.0,N Deposition,Barren,2091,0.04971715023637809,0.0027322959217249126
g_m2_yr,mean,SSP3-7.0,N Deposition,Barren,2092,0.04330716427761585,0.002380023548707341
g_m2_yr,mean,SSP3-7.0,N Deposition,Barren,2093,0.04504518906864147,0.002475539844910927
g_m2_yr,mean,SSP3-7.0,N Deposition,Barren,2094,0.04703448213552157,0.0025848650437187842
g_m2_yr,mean,SSP3-7.0,N Deposition,Barren,2095,0.05018218054598102,0.0027578525035556398
g_m2_yr,mean,SSP3-7.0,N Deposition,Barren,2096,0.04399383994055807,0.002417761051852321
g_m2_yr,mean,SSP3-7.0,N Deposition,Barren,2097,0.04792128700566957,0.0026336010094479357
g_m2_yr,mean,SSP3-7.0,N Deposition,Barren,2098,0.04638102181880018,0.0025489529500066937
g_m2_yr,mean,SSP3-7.0,N Deposition,Barren,2099,0.047953976173713136,0.00263539750180732
g_m2_yr,mean,SSP3-7.0,N Deposition,Pan-Arctic,2000,0.13168209960964028,0.13168209960964028
g_m2_yr,mean,SSP3-7.0,N Deposition,Pan-Arctic,2001,0.1249113840800657,0.1249113840800657
g_m2_yr,mean,SSP3-7.0,N Deposition,Pan-Arctic,2002,0.13284700705816904,0.13284700705816904
g_m2_yr,mean,SSP3-7.0,N Deposition,Pan-Arctic,2003,0.12434791812215777,0.12434791812215777
g_m2_yr,mean,SSP3-7.0,N Deposition,Pan-Arctic,2004,0.12638927174735726,0.12638927174735726
g_m2_yr,mean,SSP3-7.0,N Deposition,Pan-Arctic,2005,0.12873685702012586,0.12873685702012586
g_m2_yr,mean,SSP3-7.0,N Deposition,Pan-Arctic,2006,0.12730233199218655,0.12730233199218655
g_m2_yr,mean,SSP3-7.0,N Deposition,Pan-Arctic,2007,0.12966222424654322,0.12966222424654322
g_m2_yr,mean,SSP3-7.0,N Deposition,Pan-Arctic,2008,0.13772401007892948,0.13772401007892948
g_m2_yr,mean,SSP3-7.0,N Deposition,Pan-Arctic,2009,0.13473667939032372,0.13473667939032372
g_m2_yr,mean,SSP3-7.0,N Deposition,Pan-Arctic,2010,0.13663764195302674,0.13663764195302674
g_m2_yr,mean,SSP3-7.0,N Deposition,Pan-Arctic,2011,0.12854463837677094,0.12854463837677094
g_m2_yr,mean,SSP3-7.0,N Deposition,Pan-Arctic,2012,0.13522293817668057,0.13522293817668057
g_m2_yr,mean,SSP3-7.0,N Deposition,Pan-Arctic,2013,0.13500198418451503,0.13500198418451503
g_m2_yr,mean,SSP3-7.0,N Deposition,Pan-Arctic,2014,0.13184161667136904,0.13184161667136904
g_m2_yr,mean,SSP3-7.0,N Deposition,Pan-Arctic,2015,0.10961391738086991,0.10961391738086991
g_m2_yr,mean,SSP3-7.0,N Deposition,Pan-Arctic,2016,0.11547995348578548,0.11547995348578548
g_m2_yr,mean,SSP3-7.0,N Deposition,Pan-Arctic,2017,0.12026895755886308,0.12026895755886308
g_m2_yr,mean,SSP3-7.0,N Deposition,Pan-Arctic,2018,0.12093610438146463,0.12093610438146463
g_m2_yr,mean,SSP3-7.0,N Deposition,Pan-Arctic,2019,0.12375517559052657,0.12375517559052657
g_m2_yr,mean,SSP3-7.0,N Deposition,Pan-Arctic,2020,0.11850858787927268,0.11850858787927268
g_m2_yr,mean,SSP3-7.0,N Deposition,Pan-Arctic,2080,0.1396774994450345,0.1396774994450345
g_m2_yr,mean,SSP3-7.0,N Deposition,Pan-Arctic,2081,0.1394933449528442,0.1394933449528442
g_m2_yr,mean,SSP3-7.0,N Deposition,Pan-Arctic,2082,0.14024099700209622,0.14024099700209622
g_m2_yr,mean,SSP3-7.0,N Deposition,Pan-Arctic,2083,0.12907983791295682,0.12907983791295682
g_m2_yr,mean,SSP3-7.0,N Deposition,Pan-Arctic,2084,0.13729183474968884,0.13729183474968884
g_m2_yr,mean,SSP3-7.0,N Deposition,Pan-Arctic,2085,0.1333617908605057,0.1333617908605057
g_m2_yr,mean,SSP3-7.0,N Deposition,Pan-Arctic,2086,0.13149971677531844,0.13149971677531844
g_m2_yr,mean,SSP3-7.0,N Deposition,Pan-Arctic,2087,0.14517948129646152,0.14517948129646152
g_m2_yr,mean,SSP3-7.0,N Deposition,Pan-Arctic,2088,0.14008989838502936,0.14008989838502936
g_m2_yr,mean,SSP3-7.0,N Deposition,Pan-Arctic,2089,0.13328697358095,0.13328697358095
g_m2_yr,mean,SSP3-7.0,N Deposition,Pan-Arctic,2090,0.14285890620930064,0.14285890620930064
g_m2_yr,mean,SSP3-7.0,N Deposition,Pan-Arctic,2091,0.15056782982093667,0.15056782982093667
g_m2_yr,mean,SSP3-7.0,N Deposition,Pan-Arctic,2092,0.14248732351029506,0.14248732351029506
g_m2_yr,mean,SSP3-7.0,N Deposition,Pan-Arctic,2093,0.13386248648210322,0.13386248648210322
g_m2_yr,mean,SSP3-7.0,N Deposition,Pan-Arctic,2094,0.14305330527560078,0.14305330527560078
g_m2_yr,mean,SSP3-7.0,N Deposition,Pan-Arctic,2095,0.1470327905275071,0.1470327905275071
g_m2_yr,mean,SSP3-7.0,N Deposition,Pan-Arctic,2096,0.13698964702466432,0.13698964702466432
g_m2_yr,mean,SSP3-7.0,N Deposition,Pan-Arctic,2097,0.14977493778636253,0.14977493778636253
g_m2_yr,mean,SSP3-7.0,N Deposition,Pan-Arctic,2098,0.14606329422060121,0.14606329422060121
g_m2_yr,mean,SSP3-7.0,N Deposition,Pan-Arctic,2099,0.1479532875907692,0.1479532875907692
g_m2_yr,mean,SSP3-7.0,N Fixation,Taiga,2000,0.2991957221519939,0.10496103550859526
g_m2_yr,mean,SSP3-7.0,N Fixation,Taiga,2001,0.3046041286947795,0.10685836193792786
g_m2_yr,mean,SSP3-7.0,N Fixation,Taiga,2002,0.2380390332095023,0.08350661980535189
g_m2_yr,mean,SSP3-7.0,N Fixation,Taiga,2003,0.30107224952077016,0.10561934123024898
g_m2_yr,mean,SSP3-7.0,N Fixation,Taiga,2004,0.2543619357967333,0.08923286731229764
g_m2_yr,mean,SSP3-7.0,N Fixation,Taiga,2005,0.3387652234332957,0.11884243661677764
g_m2_yr,mean,SSP3-7.0,N Fixation,Taiga,2006,0.3026992158637331,0.1061900982947777
g_m2_yr,mean,SSP3-7.0,N Fixation,Taiga,2007,0.3416409286860305,0.11985126454711557
g_m2_yr,mean,SSP3-7.0,N Fixation,Taiga,2008,0.31115781004708987,0.1091574629283572
g_m2_yr,mean,SSP3-7.0,N Fixation,Taiga,2009,0.41276129584705545,0.14480104434102736
g_m2_yr,mean,SSP3-7.0,N Fixation,Taiga,2010,0.4056017686269949,0.14228940618870187
g_m2_yr,mean,SSP3-7.0,N Fixation,Taiga,2011,0.3699690767509392,0.12978907961194172
g_m2_yr,mean,SSP3-7.0,N Fixation,Taiga,2012,0.26223143038644575,0.09199356955471107
g_m2_yr,mean,SSP3-7.0,N Fixation,Taiga,2013,0.4424971747389263,0.15523270632402658
g_m2_yr,mean,SSP3-7.0,N Fixation,Taiga,2014,0.38031705018111306,0.1334192585424236
g_m2_yr,mean,SSP3-7.0,N Fixation,Taiga,2015,0.3237869446549266,0.11358789741612899
g_m2_yr,mean,SSP3-7.0,N Fixation,Taiga,2016,0.21886355290444032,0.07677965775282788
g_m2_yr,mean,SSP3-7.0,N Fixation,Taiga,2017,0.2505526337877026,0.08789652372905044
g_m2_yr,mean,SSP3-7.0,N Fixation,Taiga,2018,0.2946212994699605,0.10335627947095272
g_m2_yr,mean,SSP3-7.0,N Fixation,Taiga,2019,0.3687621926385717,0.12936569185338073
g_m2_yr,mean,SSP3-7.0,N Fixation,Taiga,2020,0.2882905254040294,0.10113537672290632
g_m2_yr,mean,SSP3-7.0,N Fixation,Taiga,2080,0.6953708270356335,0.2439434679853158
g_m2_yr,mean,SSP3-7.0,N Fixation,Taiga,2081,0.6738948754511874,0.23640947618682748
g_m2_yr,mean,SSP3-7.0,N Fixation,Taiga,2082,0.7690364630751958,0.2697861551216774
g_m2_yr,mean,SSP3-7.0,N Fixation,Taiga,2083,0.675063847830639,0.23681956410702124
g_m2_yr,mean,SSP3-7.0,N Fixation,Taiga,2084,0.6696535371767723,0.2349215696953079
g_m2_yr,mean,SSP3-7.0,N Fixation,Taiga,2085,0.6986392616334448,0.24509006953901089
g_m2_yr,mean,SSP3-7.0,N Fixation,Taiga,2086,0.7689928727010045,0.26977086315566795
g_m2_yr,mean,SSP3-7.0,N Fixation,Taiga,2087,0.8111764831970669,0.2845693215270369
g_m2_yr,mean,SSP3-7.0,N Fixation,Taiga,2088,1.0476974812000601,0.3675433984669104
g_m2_yr,mean,SSP3-7.0,N Fixation,Taiga,2089,0.9023712871341711,0.3165614268465748
g_m2_yr,mean,SSP3-7.0,N Fixation,Taiga,2090,0.7526729747637522,0.26404566971183124
g_m2_yr,mean,SSP3-7.0,N Fixation,Taiga,2091,0.8510725930846134,0.2985653004014751
g_m2_yr,mean,SSP3-7.0,N Fixation,Taiga,2092,0.8037025072601043,0.281947371426723
g_m2_yr,mean,SSP3-7.0,N Fixation,Taiga,2093,0.8972234106013433,0.3147554971104487
g_m2_yr,mean,SSP3-7.0,N Fixation,Taiga,2094,0.9076779320392785,0.31842305421313694
g_m2_yr,mean,SSP3-7.0,N Fixation,Taiga,2095,0.846040011228396,0.29679981726183985
g_m2_yr,mean,SSP3-7.0,N Fixation,Taiga,2096,1.042196073008253,0.3656134460718216
g_m2_yr,mean,SSP3-7.0,N Fixation,Taiga,2097,0.9461285722642702,0.33191194698525134
g_m2_yr,mean,SSP3-7.0,N Fixation,Taiga,2098,0.9676992311520993,0.33947916311115256
g_m2_yr,mean,SSP3-7.0,N Fixation,Taiga,2099,1.0793382737569708,0.37864332438563353
g_m2_yr,mean,SSP3-7.0,N Fixation,Tundra,2000,0.1301783455616999,0.07431775970131102
g_m2_yr,mean,SSP3-7.0,N Fixation,Tundra,2001,0.13157435241905643,0.07511472867275361
g_m2_yr,mean,SSP3-7.0,N Fixation,Tundra,2002,0.08717755077480516,0.04976895536562239
g_m2_yr,mean,SSP3-7.0,N Fixation,Tundra,2003,0.14368169307107734,0.08202671107133414
g_m2_yr,mean,SSP3-7.0,N Fixation,Tundra,2004,0.10222354643741743,0.058358592031353455
g_m2_yr,mean,SSP3-7.0,N Fixation,Tundra,2005,0.1403147695594307,0.08010456179687855
g_m2_yr,mean,SSP3-7.0,N Fixation,Tundra,2006,0.1197420978152294,0.06835979066384205
g_m2_yr,mean,SSP3-7.0,N Fixation,Tundra,2007,0.17516217109351656,0.09999866017591984
g_m2_yr,mean,SSP3-7.0,N Fixation,Tundra,2008,0.12759803370733425,0.07284468063028915
g_m2_yr,mean,SSP3-7.0,N Fixation,Tundra,2009,0.1824506068148698,0.104159568906176
g_m2_yr,mean,SSP3-7.0,N Fixation,Tundra,2010,0.1929771372795469,0.11016907961386599
g_m2_yr,mean,SSP3-7.0,N Fixation,Tundra,2011,0.13967327651647904,0.07973833863118661
g_m2_yr,mean,SSP3-7.0,N Fixation,Tundra,2012,0.09615191347287509,0.05489234610768293
g_m2_yr,mean,SSP3-7.0,N Fixation,Tundra,2013,0.1596388043895685,0.0911364962616262
g_m2_yr,mean,SSP3-7.0,N Fixation,Tundra,2014,0.19543129959170003,0.11157014093628205
g_m2_yr,mean,SSP3-7.0,N Fixation,Tundra,2015,0.12696736326096475,0.07248463599704567
g_m2_yr,mean,SSP3-7.0,N Fixation,Tundra,2016,0.07517116869374364,0.04291460939485152
g_m2_yr,mean,SSP3-7.0,N Fixation,Tundra,2017,0.09786887201003892,0.05587254378519587
g_m2_yr,mean,SSP3-7.0,N Fixation,Tundra,2018,0.12512214254798137,0.07143121448556715
g_m2_yr,mean,SSP3-7.0,N Fixation,Tundra,2019,0.15389290642953932,0.08785620980523312
g_m2_yr,mean,SSP3-7.0,N Fixation,Tundra,2020,0.09943520703946304,0.05676675172604972
g_m2_yr,mean,SSP3-7.0,N Fixation,Tundra,2080,0.2783751850946818,0.15892213119937876
g_m2_yr,mean,SSP3-7.0,N Fixation,Tundra,2081,0.2863343422078489,0.16346594932219385
g_m2_yr,mean,SSP3-7.0,N Fixation,Tundra,2082,0.33129119287127895,0.18913145006362828
g_m2_yr,mean,SSP3-7.0,N Fixation,Tundra,2083,0.2629589065586648,0.15012110304999912
g_m2_yr,mean,SSP3-7.0,N Fixation,Tundra,2084,0.24668987520081115,0.14083324524377897
g_m2_yr,mean,SSP3-7.0,N Fixation,Tundra,2085,0.26743288773847246,0.15267526255167713
g_m2_yr,mean,SSP3-7.0,N Fixation,Tundra,2086,0.2945728676404721,0.16816925654854534
g_m2_yr,mean,SSP3-7.0,N Fixation,Tundra,2087,0.3085899984221437,0.1761715226139132
g_m2_yr,mean,SSP3-7.0,N Fixation,Tundra,2088,0.4277332144216628,0.24418941651545276
g_m2_yr,mean,SSP3-7.0,N Fixation,Tundra,2089,0.3617859194600102,0.20654064168455238
g_m2_yr,mean,SSP3-7.0,N Fixation,Tundra,2090,0.30422849040763517,0.17368157312839022
g_m2_yr,mean,SSP3-7.0,N Fixation,Tundra,2091,0.3305143125382871,0.18868793539415818
g_m2_yr,mean,SSP3-7.0,N Fixation,Tundra,2092,0.37963686468389657,0.21673160126285854
g_m2_yr,mean,SSP3-7.0,N Fixation,Tundra,2093,0.4575015249478898,0.26118390310887457
g_m2_yr,mean,SSP3-7.0,N Fixation,Tundra,2094,0.4016017616067483,0.22927118243769282
g_m2_yr,mean,SSP3-7.0,N Fixation,Tundra,2095,0.3757497916479195,0.21451250285150048
g_m2_yr,mean,SSP3-7.0,N Fixation,Tundra,2096,0.4051789706230472,0.2313133819980541
g_m2_yr,mean,SSP3-7.0,N Fixation,Tundra,2097,0.39859725999401935,0.2275559368804264
g_m2_yr,mean,SSP3-7.0,N Fixation,Tundra,2098,0.44194139424133927,0.25230075092422555
g_m2_yr,mean,SSP3-7.0,N Fixation,Tundra,2099,0.4288246417953947,0.24481250353459139
g_m2_yr,mean,SSP3-7.0,N Fixation,Wetlands,2000,0.13139596307511434,0.0030668738945673836
g_m2_yr,mean,SSP3-7.0,N Fixation,Wetlands,2001,0.18328816504910642,0.0042780742681639145
g_m2_yr,mean,SSP3-7.0,N Fixation,Wetlands,2002,0.20212842047930657,0.004717819038045704
g_m2_yr,mean,SSP3-7.0,N Fixation,Wetlands,2003,0.1609434418401403,0.0037565327634851375
g_m2_yr,mean,SSP3-7.0,N Fixation,Wetlands,2004,0.1065599936710975,0.002487184957184197
g_m2_yr,mean,SSP3-7.0,N Fixation,Wetlands,2005,0.207368294565324,0.004840121372677098
g_m2_yr,mean,SSP3-7.0,N Fixation,Wetlands,2006,0.1727896289366775,0.004033031075200862
g_m2_yr,mean,SSP3-7.0,N Fixation,Wetlands,2007,0.14851785620197977,0.0034665108836150448
g_m2_yr,mean,SSP3-7.0,N Fixation,Wetlands,2008,0.1842147841623556,0.004299702207882325
g_m2_yr,mean,SSP3-7.0,N Fixation,Wetlands,2009,0.39213484243759844,0.009152702132368145
g_m2_yr,mean,SSP3-7.0,N Fixation,Wetlands,2010,0.30451189079162305,0.0071075210120443814
g_m2_yr,mean,SSP3-7.0,N Fixation,Wetlands,2011,0.25364992186169427,0.0059203669999509986
g_m2_yr,mean,SSP3-7.0,N Fixation,Wetlands,2012,0.21494674556880206,0.005017007732043695
g_m2_yr,mean,SSP3-7.0,N Fixation,Wetlands,2013,0.44337878881842363,0.010348771765954386
g_m2_yr,mean,SSP3-7.0,N Fixation,Wetlands,2014,0.18360281284468216,0.0042854183682994925
g_m2_yr,mean,SSP3-7.0,N Fixation,Wetlands,2015,0.2921215603714468,0.006818322013678049
g_m2_yr,mean,SSP3-7.0,N Fixation,Wetlands,2016,0.1342179136569713,0.003132740199503319
g_m2_yr,mean,SSP3-7.0,N Fixation,Wetlands,2017,0.11843409085135469,0.002764334709820577
g_m2_yr,mean,SSP3-7.0,N Fixation,Wetlands,2018,0.12675859225976288,0.0029586344086640027
g_m2_yr,mean,SSP3-7.0,N Fixation,Wetlands,2019,0.18545146098135964,0.0043285671118219685
g_m2_yr,mean,SSP3-7.0,N Fixation,Wetlands,2020,0.21252001475569562,0.004960366133582989
g_m2_yr,mean,SSP3-7.0,N Fixation,Wetlands,2080,0.39637149783494974,0.009251588639490034
g_m2_yr,mean,SSP3-7.0,N Fixation,Wetlands,2081,0.5197344586575979,0.012130966629871945
g_m2_yr,mean,SSP3-7.0,N Fixation,Wetlands,2082,0.5316736272636848,0.012409635195206135
g_m2_yr,mean,SSP3-7.0,N Fixation,Wetlands,2083,0.5812630234636611,0.013567086467633166
g_m2_yr,mean,SSP3-7.0,N Fixation,Wetlands,2084,0.809673918154325,0.018898356879351385
g_m2_yr,mean,SSP3-7.0,N Fixation,Wetlands,2085,0.7460821769037401,0.01741408105696549
g_m2_yr,mean,SSP3-7.0,N Fixation,Wetlands,2086,0.8333906450876983,0.019451921912814134
g_m2_yr,mean,SSP3-7.0,N Fixation,Wetlands,2087,0.8968087384823065,0.020932144672504052
g_m2_yr,mean,SSP3-7.0,N Fixation,Wetlands,2088,1.0150568368662756,0.023692138187744054
g_m2_yr,mean,SSP3-7.0,N Fixation,Wetlands,2089,0.9136806246545054,0.021325946323960034
g_m2_yr,mean,SSP3-7.0,N Fixation,Wetlands,2090,0.7762685712057749,0.018118652662434863
g_m2_yr,mean,SSP3-7.0,N Fixation,Wetlands,2091,1.1051334394368713,0.02579458924080386
g_m2_yr,mean,SSP3-7.0,N Fixation,Wetlands,2092,0.7185964741164315,0.016772545484795388
g_m2_yr,mean,SSP3-7.0,N Fixation,Wetlands,2093,0.9292502123476793,0.021689351415926792
g_m2_yr,mean,SSP3-7.0,N Fixation,Wetlands,2094,0.9171619226083394,0.02140720225879968
g_m2_yr,mean,SSP3-7.0,N Fixation,Wetlands,2095,0.848300563081485,0.019799929851529455
g_m2_yr,mean,SSP3-7.0,N Fixation,Wetlands,2096,1.0699882060771277,0.024974274855286104
g_m2_yr,mean,SSP3-7.0,N Fixation,Wetlands,2097,1.0368559439792566,0.02420094463023317
g_m2_yr,mean,SSP3-7.0,N Fixation,Wetlands,2098,0.9163825574901099,0.021389011330558847
g_m2_yr,mean,SSP3-7.0,N Fixation,Wetlands,2099,1.263989426969319,0.029502399357317684
g_m2_yr,mean,SSP3-7.0,N Fixation,Barren,2000,0.05215544662105954,0.0028662969100387405
g_m2_yr,mean,SSP3-7.0,N Fixation,Barren,2001,0.0634003513613282,0.0034842809902996424
g_m2_yr,mean,SSP3-7.0,N Fixation,Barren,2002,0.04067944515865973,0.002235612491395593
g_m2_yr,mean,SSP3-7.0,N Fixation,Barren,2003,0.04832972966763429,0.0026560477147445738
g_m2_yr,mean,SSP3-7.0,N Fixation,Barren,2004,0.04487403873649303,0.002466133968823748
g_m2_yr,mean,SSP3-7.0,N Fixation,Barren,2005,0.061872249272321614,0.0034003013759025765
g_m2_yr,mean,SSP3-7.0,N Fixation,Barren,2006,0.04345289791626307,0.00238803260442837
g_m2_yr,mean,SSP3-7.0,N Fixation,Barren,2007,0.059577149799080874,0.0032741700328776046
g_m2_yr,mean,SSP3-7.0,N Fixation,Barren,2008,0.04688780329680564,0.0025768040428182613
g_m2_yr,mean,SSP3-7.0,N Fixation,Barren,2009,0.055877572445797594,0.0030708530674758852
g_m2_yr,mean,SSP3-7.0,N Fixation,Barren,2010,0.06162315793876379,0.0033866121110999636
g_m2_yr,mean,SSP3-7.0,N Fixation,Barren,2011,0.05363644849643385,0.002947688046998785
g_m2_yr,mean,SSP3-7.0,N Fixation,Barren,2012,0.03221252589104408,0.0017702976277219895
g_m2_yr,mean,SSP3-7.0,N Fixation,Barren,2013,0.05427800117710693,0.0029829457350328058
g_m2_yr,mean,SSP3-7.0,N Fixation,Barren,2014,0.07781853082008601,0.00427665812266868
g_m2_yr,mean,SSP3-7.0,N Fixation,Barren,2015,0.048169102731999126,0.0026472201709479464
g_m2_yr,mean,SSP3-7.0,N Fixation,Barren,2016,0.03961642649464393,0.0021771923778814714
g_m2_yr,mean,SSP3-7.0,N Fixation,Barren,2017,0.04286032052922897,0.0023554664422448628
g_m2_yr,mean,SSP3-7.0,N Fixation,Barren,2018,0.05548945240481149,0.0030495232285755436
g_m2_yr,mean,SSP3-7.0,N Fixation,Barren,2019,0.07323163981437139,0.004024577230487122
g_m2_yr,mean,SSP3-7.0,N Fixation,Barren,2020,0.04795283175869689,0.0026353346084100355
g_m2_yr,mean,SSP3-7.0,N Fixation,Barren,2080,0.12677322782159822,0.006967052047713868
g_m2_yr,mean,SSP3-7.0,N Fixation,Barren,2081,0.11040975113202951,0.006067767587289687
g_m2_yr,mean,SSP3-7.0,N Fixation,Barren,2082,0.11299480773418406,0.006209834048820839
g_m2_yr,mean,SSP3-7.0,N Fixation,Barren,2083,0.11311963736079456,0.006216694286748329
g_m2_yr,mean,SSP3-7.0,N Fixation,Barren,2084,0.10815271951181032,0.005943728331986258
g_m2_yr,mean,SSP3-7.0,N Fixation,Barren,2085,0.1080316303953759,0.005937073660561487
g_m2_yr,mean,SSP3-7.0,N Fixation,Barren,2086,0.1321466742425327,0.007262359515493547
g_m2_yr,mean,SSP3-7.0,N Fixation,Barren,2087,0.13422260718401896,0.007376446165328256
g_m2_yr,mean,SSP3-7.0,N Fixation,Barren,2088,0.18752836990707605,0.010305960777492703
g_m2_yr,mean,SSP3-7.0,N Fixation,Barren,2089,0.16748581518957792,0.00920448592917167
g_m2_yr,mean,SSP3-7.0,N Fixation,Barren,2090,0.13395727026532128,0.00736186409500858
g_m2_yr,mean,SSP3-7.0,N Fixation,Barren,2091,0.1280258842876436,0.007035894049663405
g_m2_yr,mean,SSP3-7.0,N Fixation,Barren,2092,0.14476231039160703,0.007955674619762328
g_m2_yr,mean,SSP3-7.0,N Fixation,Barren,2093,0.1650414127919648,0.009070149373872368
g_m2_yr,mean,SSP3-7.0,N Fixation,Barren,2094,0.17488267164075094,0.009610993555192775
g_m2_yr,mean,SSP3-7.0,N Fixation,Barren,2095,0.16693483506429516,0.009174205819750595
g_m2_yr,mean,SSP3-7.0,N Fixation,Barren,2096,0.15920510343572322,0.008749404436236828
g_m2_yr,mean,SSP3-7.0,N Fixation,Barren,2097,0.1508993929475877,0.008292949092640818
g_m2_yr,mean,SSP3-7.0,N Fixation,Barren,2098,0.1691728909072742,0.009297202226891604
g_m2_yr,mean,SSP3-7.0,N Fixation,Barren,2099,0.16103171642347563,0.008849789257033615
g_m2_yr,mean,SSP3-7.0,N Fixation,Pan-Arctic,2000,0.1852119660145124,0.1852119660145124
g_m2_yr,mean,SSP3-7.0,N Fixation,Pan-Arctic,2001,0.18973544586914504,0.18973544586914504
g_m2_yr,mean,SSP3-7.0,N Fixation,Pan-Arctic,2002,0.14022900670041558,0.14022900670041558
g_m2_yr,mean,SSP3-7.0,N Fixation,Pan-Arctic,2003,0.19405863277981283,0.19405863277981283
g_m2_yr,mean,SSP3-7.0,N Fixation,Pan-Arctic,2004,0.15254477826965904,0.15254477826965904
g_m2_yr,mean,SSP3-7.0,N Fixation,Pan-Arctic,2005,0.20718742116223587,0.20718742116223587
g_m2_yr,mean,SSP3-7.0,N Fixation,Pan-Arctic,2006,0.180970952638249,0.180970952638249
g_m2_yr,mean,SSP3-7.0,N Fixation,Pan-Arctic,2007,0.22659060563952807,0.22659060563952807
g_m2_yr,mean,SSP3-7.0,N Fixation,Pan-Arctic,2008,0.18887864980934693,0.18887864980934693
g_m2_yr,mean,SSP3-7.0,N Fixation,Pan-Arctic,2009,0.2611841684470474,0.2611841684470474
g_m2_yr,mean,SSP3-7.0,N Fixation,Pan-Arctic,2010,0.2629526189257122,0.2629526189257122
g_m2_yr,mean,SSP3-7.0,N Fixation,Pan-Arctic,2011,0.2183954732900781,0.2183954732900781
g_m2_yr,mean,SSP3-7.0,N Fixation,Pan-Arctic,2012,0.15367322102215966,0.15367322102215966
g_m2_yr,mean,SSP3-7.0,N Fixation,Pan-Arctic,2013,0.25970092008664,0.25970092008664
g_m2_yr,mean,SSP3-7.0,N Fixation,Pan-Arctic,2014,0.25355147596967387,0.25355147596967387
g_m2_yr,mean,SSP3-7.0,N Fixation,Pan-Arctic,2015,0.19553807559780065,0.19553807559780065
g_m2_yr,mean,SSP3-7.0,N Fixation,Pan-Arctic,2016,0.12500419972506419,0.12500419972506419
g_m2_yr,mean,SSP3-7.0,N Fixation,Pan-Arctic,2017,0.14888886866631174,0.14888886866631174
g_m2_yr,mean,SSP3-7.0,N Fixation,Pan-Arctic,2018,0.1807956515937594,0.1807956515937594
g_m2_yr,mean,SSP3-7.0,N Fixation,Pan-Arctic,2019,0.22557504600092293,0.22557504600092293
g_m2_yr,mean,SSP3-7.0,N Fixation,Pan-Arctic,2020,0.16549782919094905,0.16549782919094905
g_m2_yr,mean,SSP3-7.0,N Fixation,Pan-Arctic,2080,0.41908423987189847,0.41908423987189847
g_m2_yr,mean,SSP3-7.0,N Fixation,Pan-Arctic,2081,0.41807415972618295,0.41807415972618295
g_m2_yr,mean,SSP3-7.0,N Fixation,Pan-Arctic,2082,0.47753707442933263,0.47753707442933263
g_m2_yr,mean,SSP3-7.0,N Fixation,Pan-Arctic,2083,0.40672444791140183,0.40672444791140183
g_m2_yr,mean,SSP3-7.0,N Fixation,Pan-Arctic,2084,0.4005969001504245,0.4005969001504245
g_m2_yr,mean,SSP3-7.0,N Fixation,Pan-Arctic,2085,0.42111648680821495,0.42111648680821495
g_m2_yr,mean,SSP3-7.0,N Fixation,Pan-Arctic,2086,0.464654401132521,0.464654401132521
g_m2_yr,mean,SSP3-7.0,N Fixation,Pan-Arctic,2087,0.4890494349787824,0.4890494349787824
g_m2_yr,mean,SSP3-7.0,N Fixation,Pan-Arctic,2088,0.6457309139476,0.6457309139476
g_m2_yr,mean,SSP3-7.0,N Fixation,Pan-Arctic,2089,0.5536325007842589,0.5536325007842589
g_m2_yr,mean,SSP3-7.0,N Fixation,Pan-Arctic,2090,0.46320775959766486,0.46320775959766486
g_m2_yr,mean,SSP3-7.0,N Fixation,Pan-Arctic,2091,0.5200837190861005,0.5200837190861005
g_m2_yr,mean,SSP3-7.0,N Fixation,Pan-Arctic,2092,0.5234071927941393,0.5234071927941393
g_m2_yr,mean,SSP3-7.0,N Fixation,Pan-Arctic,2093,0.6066989010091224,0.6066989010091224
g_m2_yr,mean,SSP3-7.0,N Fixation,Pan-Arctic,2094,0.5787124324648223,0.5787124324648223
g_m2_yr,mean,SSP3-7.0,N Fixation,Pan-Arctic,2095,0.5402864557846203,0.5402864557846203
g_m2_yr,mean,SSP3-7.0,N Fixation,Pan-Arctic,2096,0.6306505073613987,0.6306505073613987
g_m2_yr,mean,SSP3-7.0,N Fixation,Pan-Arctic,2097,0.5919617775885517,0.5919617775885517
g_m2_yr,mean,SSP3-7.0,N Fixation,Pan-Arctic,2098,0.6224661275928286,0.6224661275928286
g_m2_yr,mean,SSP3-7.0,N Fixation,Pan-Arctic,2099,0.6618080165345762,0.6618080165345762
g_m2_yr,mean,SSP5-8.5,N Deposition,Taiga,2000,0.20974672063036814,0.07358137620935488
g_m2_yr,mean,SSP5-8.5,N Deposition,Taiga,2001,0.20080661679906278,0.07044509287970395
g_m2_yr,mean,SSP5-8.5,N Deposition,Taiga,2002,0.21809291815802964,0.07650931090294519
g_m2_yr,mean,SSP5-8.5,N Deposition,Taiga,2003,0.20776228971575544,0.07288521677834803
g_m2_yr,mean,SSP5-8.5,N Deposition,Taiga,2004,0.20612864476598036,0.0723121167876514
g_m2_yr,mean,SSP5-8.5,N Deposition,Taiga,2005,0.2161807061951184,0.07583848664685129
g_m2_yr,mean,SSP5-8.5,N Deposition,Taiga,2006,0.20957394488466533,0.07352076464362359
g_m2_yr,mean,SSP5-8.5,N Deposition,Taiga,2007,0.20614392097013262,0.0723174758422359
g_m2_yr,mean,SSP5-8.5,N Deposition,Taiga,2008,0.22140963509291503,0.07767285041303756
g_m2_yr,mean,SSP5-8.5,N Deposition,Taiga,2009,0.21720445703673996,0.07619762930994327
g_m2_yr,mean,SSP5-8.5,N Deposition,Taiga,2010,0.21808583132341297,0.07650682476612983
g_m2_yr,mean,SSP5-8.5,N Deposition,Taiga,2011,0.20718048099494657,0.07268111210277045
g_m2_yr,mean,SSP5-8.5,N Deposition,Taiga,2012,0.21976151799055524,0.0770946734375819
g_m2_yr,mean,SSP5-8.5,N Deposition,Taiga,2013,0.2138311480743082,0.07501423671582258
g_m2_yr,mean,SSP5-8.5,N Deposition,Taiga,2014,0.21014537918152615,0.07372122986114822
g_m2_yr,mean,SSP5-8.5,N Deposition,Taiga,2015,0.19228029385526124,0.06745396827797094
g_m2_yr,mean,SSP5-8.5,N Deposition,Taiga,2016,0.19358124473558064,0.0679103556573158
g_m2_yr,mean,SSP5-8.5,N Deposition,Taiga,2017,0.19698029681384374,0.0691027792097518
g_m2_yr,mean,SSP5-8.5,N Deposition,Taiga,2018,0.20109384336867547,0.07054585500944059
g_m2_yr,mean,SSP5-8.5,N Deposition,Taiga,2019,0.19128405850543068,0.06710447834149597
g_m2_yr,mean,SSP5-8.5,N Deposition,Taiga,2020,0.19360552403349846,0.06791887309276758
g_m2_yr,mean,SSP5-8.5,N Deposition,Taiga,2080,0.18543802281807154,0.06505362696249897
g_m2_yr,mean,SSP5-8.5,N Deposition,Taiga,2081,0.18533955256269896,0.06501908255158173
g_m2_yr,mean,SSP5-8.5,N Deposition,Taiga,2082,0.19595007111081825,0.06874136509654402
g_m2_yr,mean,SSP5-8.5,N Deposition,Taiga,2083,0.183265545404527,0.06429149882341806
g_m2_yr,mean,SSP5-8.5,N Deposition,Taiga,2084,0.19047941515315006,0.0668222009116483
g_m2_yr,mean,SSP5-8.5,N Deposition,Taiga,2085,0.18870807213006893,0.06620079497507188
g_m2_yr,mean,SSP5-8.5,N Deposition,Taiga,2086,0.1816863182563212,0.06373748917519602
g_m2_yr,mean,SSP5-8.5,N Deposition,Taiga,2087,0.1865256647906815,0.06543518331259197
g_m2_yr,mean,SSP5-8.5,N Deposition,Taiga,2088,0.18607473202285923,0.06527699131066442
g_m2_yr,mean,SSP5-8.5,N Deposition,Taiga,2089,0.19016858277464577,0.06671315761355984
g_m2_yr,mean,SSP5-8.5,N Deposition,Taiga,2090,0.19385699494404626,0.06800709175773224
g_m2_yr,mean,SSP5-8.5,N Deposition,Taiga,2091,0.1836345376635325,0.06442094522499528
g_m2_yr,mean,SSP5-8.5,N Deposition,Taiga,2092,0.1990380678783473,0.06982466714389879
g_m2_yr,mean,SSP5-8.5,N Deposition,Taiga,2093,0.1847891744128375,0.0648260040539506
g_m2_yr,mean,SSP5-8.5,N Deposition,Taiga,2094,0.18238072944206887,0.06398109599083024
g_m2_yr,mean,SSP5-8.5,N Deposition,Taiga,2095,0.18284126114730812,0.06414265540190328
g_m2_yr,mean,SSP5-8.5,N Deposition,Taiga,2096,0.1734121201343186,0.0608348126374363
g_m2_yr,mean,SSP5-8.5,N Deposition,Taiga,2097,0.1878022393670457,0.06588301922573737
g_m2_yr,mean,SSP5-8.5,N Deposition,Taiga,2098,0.18249182330546246,0.06402006889744993
g_m2_yr,mean,SSP5-8.5,N Deposition,Taiga,2099,0.17442382084679522,0.06118972798730346
g_m2_yr,mean,SSP5-8.5,N Deposition,Tundra,2000,0.09008802969617653,0.05143052413238545
g_m2_yr,mean,SSP5-8.5,N Deposition,Tundra,2001,0.08427619354501714,0.04811259409846486
g_m2_yr,mean,SSP5-8.5,N Deposition,Tundra,2002,0.08697638466654767,0.04965411126901769
g_m2_yr,mean,SSP5-8.5,N Deposition,Tundra,2003,0.07945395796382253,0.04535961898881827
g_m2_yr,mean,SSP5-8.5,N Deposition,Tundra,2004,0.08323233773215502,0.04751666529687831
g_m2_yr,mean,SSP5-8.5,N Deposition,Tundra,2005,0.08197807645306472,0.04680061772429712
g_m2_yr,mean,SSP5-8.5,N Deposition,Tundra,2006,0.08253923152052027,0.04712097659257424
g_m2_yr,mean,SSP5-8.5,N Deposition,Tundra,2007,0.08858779063672839,0.05057404984372011
g_m2_yr,mean,SSP5-8.5,N Deposition,Tundra,2008,0.09328302200732436,0.05325451928152398
g_m2_yr,mean,SSP5-8.5,N Deposition,Tundra,2009,0.09076886726822095,0.05181920877003772
g_m2_yr,mean,SSP5-8.5,N Deposition,Tundra,2010,0.0934644172952413,0.053358076377446446
g_m2_yr,mean,SSP5-8.5,N Deposition,Tundra,2011,0.08644020361687474,0.049348009864563266
g_m2_yr,mean,SSP5-8.5,N Deposition,Tundra,2012,0.09044867703162346,0.051636414765708634
g_m2_yr,mean,SSP5-8.5,N Deposition,Tundra,2013,0.0932624497126152,0.05324277472563718
g_m2_yr,mean,SSP5-8.5,N Deposition,Tundra,2014,0.09034848861347414,0.05157921801188027
g_m2_yr,mean,SSP5-8.5,N Deposition,Tundra,2015,0.07787012994777352,0.04445542444404166
g_m2_yr,mean,SSP5-8.5,N Deposition,Tundra,2016,0.08396813591619527,0.04793672650132992
g_m2_yr,mean,SSP5-8.5,N Deposition,Tundra,2017,0.08563789962464805,0.048889981034619
g_m2_yr,mean,SSP5-8.5,N Deposition,Tundra,2018,0.08703015967361626,0.04968481098359784
g_m2_yr,mean,SSP5-8.5,N Deposition,Tundra,2019,0.07857046778014261,0.04485524162186156
g_m2_yr,mean,SSP5-8.5,N Deposition,Tundra,2020,0.07945938524704822,0.04536271738071178
g_m2_yr,mean,SSP5-8.5,N Deposition,Tundra,2080,0.0891573962829341,0.0508992330787395
g_m2_yr,mean,SSP5-8.5,N Deposition,Tundra,2081,0.08326389240700287,0.04753467960434763
g_m2_yr,mean,SSP5-8.5,N Deposition,Tundra,2082,0.08551688942880185,0.048820897297093366
g_m2_yr,mean,SSP5-8.5,N Deposition,Tundra,2083,0.0829214493439142,0.047339181642192765
g_m2_yr,mean,SSP5-8.5,N Deposition,Tundra,2084,0.08499356717048642,0.04852213687213928
g_m2_yr,mean,SSP5-8.5,N Deposition,Tundra,2085,0.08821646221524025,0.05036206146516645
g_m2_yr,mean,SSP5-8.5,N Deposition,Tundra,2086,0.08420538194177772,0.04807216832956371
g_m2_yr,mean,SSP5-8.5,N Deposition,Tundra,2087,0.08025087962163764,0.04581457508778178
g_m2_yr,mean,SSP5-8.5,N Deposition,Tundra,2088,0.08152095432369799,0.0465396504150427
g_m2_yr,mean,SSP5-8.5,N Deposition,Tundra,2089,0.08255261203692148,0.047128615420662684
g_m2_yr,mean,SSP5-8.5,N Deposition,Tundra,2090,0.08709753709195092,0.04972327620424175
g_m2_yr,mean,SSP5-8.5,N Deposition,Tundra,2091,0.08144153306840783,0.046494309465744545
g_m2_yr,mean,SSP5-8.5,N Deposition,Tundra,2092,0.0892089193565069,0.05092864718278526
g_m2_yr,mean,SSP5-8.5,N Deposition,Tundra,2093,0.07623994559873423,0.04352476544543486
g_m2_yr,mean,SSP5-8.5,N Deposition,Tundra,2094,0.0806923721103504,0.04606661956218737
g_m2_yr,mean,SSP5-8.5,N Deposition,Tundra,2095,0.07936960669721305,0.04531146353611732
g_m2_yr,mean,SSP5-8.5,N Deposition,Tundra,2096,0.07848463390196976,0.04480623975826622
g_m2_yr,mean,SSP5-8.5,N Deposition,Tundra,2097,0.08242730943521133,0.04705708118350778
g_m2_yr,mean,SSP5-8.5,N Deposition,Tundra,2098,0.08022067445654193,0.04579733120446435
g_m2_yr,mean,SSP5-8.5,N Deposition,Tundra,2099,0.07644143105489638,0.043639791855163444
g_m2_yr,mean,SSP5-8.5,N Deposition,Wetlands,2000,0.17410423064147532,0.004063714800604918
g_m2_yr,mean,SSP5-8.5,N Deposition,Wetlands,2001,0.16489894084901296,0.0038488568833925643
g_m2_yr,mean,SSP5-8.5,N Deposition,Wetlands,2002,0.1772725421926946,0.004137665413385433
g_m2_yr,mean,SSP5-8.5,N Deposition,Wetlands,2003,0.15821330938194716,0.003692809557925488
g_m2_yr,mean,SSP5-8.5,N Deposition,Wetlands,2004,0.17487195294300922,0.004081633977341768
g_m2_yr,mean,SSP5-8.5,N Deposition,Wetlands,2005,0.15533636240006732,0.0036256595984572675
g_m2_yr,mean,SSP5-8.5,N Deposition,Wetlands,2006,0.18112300091308217,0.004227537819320122
g_m2_yr,mean,SSP5-8.5,N Deposition,Wetlands,2007,0.17458643676888783,0.004074969829673935
g_m2_yr,mean,SSP5-8.5,N Deposition,Wetlands,2008,0.18362482415150586,0.004285932127631994
g_m2_yr,mean,SSP5-8.5,N Deposition,Wetlands,2009,0.17540667045721692,0.004094114658992193
g_m2_yr,mean,SSP5-8.5,N Deposition,Wetlands,2010,0.1794700827806708,0.004188957551315605
g_m2_yr,mean,SSP5-8.5,N Deposition,Wetlands,2011,0.16624075180984832,0.0038801756919078444
g_m2_yr,mean,SSP5-8.5,N Deposition,Wetlands,2012,0.16455378420757732,0.0038408006854060983
g_m2_yr,mean,SSP5-8.5,N Deposition,Wetlands,2013,0.17436527324493337,0.004069807717976038
g_m2_yr,mean,SSP5-8.5,N Deposition,Wetlands,2014,0.16967879850274079,0.003960422111995408
g_m2_yr,mean,SSP5-8.5,N Deposition,Wetlands,2015,0.16140605978393535,0.0037673305906160393
g_m2_yr,mean,SSP5-8.5,N Deposition,Wetlands,2016,0.16141626020861516,0.0037675686756791713
g_m2_yr,mean,SSP5-8.5,N Deposition,Wetlands,2017,0.16162592062554876,0.003772462296794838
g_m2_yr,mean,SSP5-8.5,N Deposition,Wetlands,2018,0.16771318570880223,0.0039145433313732695
g_m2_yr,mean,SSP5-8.5,N Deposition,Wetlands,2019,0.16255994625204503,0.003794263109724843
g_m2_yr,mean,SSP5-8.5,N Deposition,Wetlands,2020,0.15696813472182758,0.0036637463084167148
g_m2_yr,mean,SSP5-8.5,N Deposition,Wetlands,2080,0.1598464126069944,0.0037309273321006957
g_m2_yr,mean,SSP5-8.5,N Deposition,Wetlands,2081,0.14661134741824025,0.0034220116320263817
g_m2_yr,mean,SSP5-8.5,N Deposition,Wetlands,2082,0.13896937776129653,0.003243642702757537
g_m2_yr,mean,SSP5-8.5,N Deposition,Wetlands,2083,0.1495349418773132,0.0034902503763149482
g_m2_yr,mean,SSP5-8.5,N Deposition,Wetlands,2084,0.14095727287145204,0.00329004156826141
g_m2_yr,mean,SSP5-8.5,N Deposition,Wetlands,2085,0.1528170194151507,0.003566856366979864
g_m2_yr,mean,SSP5-8.5,N Deposition,Wetlands,2086,0.14274405168748605,0.00333174623846599
g_m2_yr,mean,SSP5-8.5,N Deposition,Wetlands,2087,0.14469378541524797,0.003377254390551395
g_m2_yr,mean,SSP5-8.5,N Deposition,Wetlands,2088,0.16106162032014706,0.0037592911320586467
g_m2_yr,mean,SSP5-8.5,N Deposition,Wetlands,2089,0.1470502878767892,0.003432256810052313
g_m2_yr,mean,SSP5-8.5,N Deposition,Wetlands,2090,0.15867243180837878,0.003703525797230562
g_m2_yr,mean,SSP5-8.5,N Deposition,Wetlands,2091,0.12123858925529322,0.002829793668688881
g_m2_yr,mean,SSP5-8.5,N Deposition,Wetlands,2092,0.18851607631602502,0.0044000973822108935
g_m2_yr,mean,SSP5-8.5,N Deposition,Wetlands,2093,0.14514981903542282,0.0033878985349529984
g_m2_yr,mean,SSP5-8.5,N Deposition,Wetlands,2094,0.15029200950328125,0.0035079208654545287
g_m2_yr,mean,SSP5-8.5,N Deposition,Wetlands,2095,0.1342127346815594,0.003132619318586435
g_m2_yr,mean,SSP5-8.5,N Deposition,Wetlands,2096,0.12654767977670822,0.0029537115634472974
g_m2_yr,mean,SSP5-8.5,N Deposition,Wetlands,2097,0.15273191079245932,0.0035648698720600353
g_m2_yr,mean,SSP5-8.5,N Deposition,Wetlands,2098,0.1447439458118299,0.003378425169373042
g_m2_yr,mean,SSP5-8.5,N Deposition,Wetlands,2099,0.15533399731171996,0.003625604395637172
g_m2_yr,mean,SSP5-8.5,N Deposition,Barren,2000,0.04742787149039232,0.0026064844672950152
g_m2_yr,mean,SSP5-8.5,N Deposition,Barren,2001,0.045578341815509654,0.002504840218504313
g_m2_yr,mean,SSP5-8.5,N Deposition,Barren,2002,0.04632582434191117,0.0025459194728207264
g_m2_yr,mean,SSP5-8.5,N Deposition,Barren,2003,0.04385758285169012,0.0024102727970659963
g_m2_yr,mean,SSP5-8.5,N Deposition,Barren,2004,0.045105524460100764,0.0024788556854857817
g_m2_yr,mean,SSP5-8.5,N Deposition,Barren,2005,0.04498247082747447,0.0024720930505201864
g_m2_yr,mean,SSP5-8.5,N Deposition,Barren,2006,0.0442720927201207,0.0024330529366685854
g_m2_yr,mean,SSP5-8.5,N Deposition,Barren,2007,0.049051769702429054,0.0026957287309132827
g_m2_yr,mean,SSP5-8.5,N Deposition,Barren,2008,0.04568511726982051,0.002510708256735926
g_m2_yr,mean,SSP5-8.5,N Deposition,Barren,2009,0.04777800433945824,0.002625726651350543
g_m2_yr,mean,SSP5-8.5,N Deposition,Barren,2010,0.0470147978487753,0.0025837832581348725
g_m2_yr,mean,SSP5-8.5,N Deposition,Barren,2011,0.04795294292088902,0.002635340717529379
g_m2_yr,mean,SSP5-8.5,N Deposition,Barren,2012,0.04823877775710807,0.0026510492879839413
g_m2_yr,mean,SSP5-8.5,N Deposition,Barren,2013,0.048677590301054736,0.0026751650250792253
g_m2_yr,mean,SSP5-8.5,N Deposition,Barren,2014,0.0469595440621437,0.002580746686345146
g_m2_yr,mean,SSP5-8.5,N Deposition,Barren,2015,0.04205165467700703,0.002311024747587
g_m2_yr,mean,SSP5-8.5,N Deposition,Barren,2016,0.042830432629495124,0.002353823898652492
g_m2_yr,mean,SSP5-8.5,N Deposition,Barren,2017,0.043789911766033224,0.002406553810147399
g_m2_yr,mean,SSP5-8.5,N Deposition,Barren,2018,0.04368692238289533,0.002400893842305502
g_m2_yr,mean,SSP5-8.5,N Deposition,Barren,2019,0.041660854709676926,0.0022895476284868596
g_m2_yr,mean,SSP5-8.5,N Deposition,Barren,2020,0.04179932398971764,0.0022971574582405893
g_m2_yr,mean,SSP5-8.5,N Deposition,Barren,2080,0.05057598509612501,0.002779494744939134
g_m2_yr,mean,SSP5-8.5,N Deposition,Barren,2081,0.04849015238571973,0.0026648640353963584
g_m2_yr,mean,SSP5-8.5,N Deposition,Barren,2082,0.049510599752310876,0.0027209445662557444
g_m2_yr,mean,SSP5-8.5,N Deposition,Barren,2083,0.047777587942353865,0.0026257037674944756
g_m2_yr,mean,SSP5-8.5,N Deposition,Barren,2084,0.048156962602410314,0.0026465529881668135
g_m2_yr,mean,SSP5-8.5,N Deposition,Barren,2085,0.050111058428868656,0.002753943858961035
g_m2_yr,mean,SSP5-8.5,N Deposition,Barren,2086,0.049263161739115935,0.00270734616266427
g_m2_yr,mean,SSP5-8.5,N Deposition,Barren,2087,0.04556205329331151,0.002503945053303546
g_m2_yr,mean,SSP5-8.5,N Deposition,Barren,2088,0.045005501901731186,0.002473358764865546
g_m2_yr,mean,SSP5-8.5,N Deposition,Barren,2089,0.046288669125148084,0.002543877540675583
g_m2_yr,mean,SSP5-8.5,N Deposition,Barren,2090,0.04899466277465798,0.0026925903164001963
g_m2_yr,mean,SSP5-8.5,N Deposition,Barren,2091,0.04951425796937602,0.0027211456101916974
g_m2_yr,mean,SSP5-8.5,N Deposition,Barren,2092,0.047564501571220455,0.002613993220529196
g_m2_yr,mean,SSP5-8.5,N Deposition,Barren,2093,0.04437677592770501,0.002438805991696796
g_m2_yr,mean,SSP5-8.5,N Deposition,Barren,2094,0.04728886006646682,0.0025988448430434444
g_m2_yr,mean,SSP5-8.5,N Deposition,Barren,2095,0.04622326445893996,0.002540283108937388
g_m2_yr,mean,SSP5-8.5,N Deposition,Barren,2096,0.04618995825387704,0.0025384527061924826
g_m2_yr,mean,SSP5-8.5,N Deposition,Barren,2097,0.046588410938531284,0.0025603503942157302
g_m2_yr,mean,SSP5-8.5,N Deposition,Barren,2098,0.04492218067294681,0.0024687796960227368
g_m2_yr,mean,SSP5-8.5,N Deposition,Barren,2099,0.04419932901533754,0.002429054075654159
g_m2_yr,mean,SSP5-8.5,N Deposition,Pan-Arctic,2000,0.13168209960964028,0.13168209960964028
g_m2_yr,mean,SSP5-8.5,N Deposition,Pan-Arctic,2001,0.1249113840800657,0.1249113840800657
g_m2_yr,mean,SSP5-8.5,N Deposition,Pan-Arctic,2002,0.13284700705816904,0.13284700705816904
g_m2_yr,mean,SSP5-8.5,N Deposition,Pan-Arctic,2003,0.12434791812215777,0.12434791812215777
g_m2_yr,mean,SSP5-8.5,N Deposition,Pan-Arctic,2004,0.12638927174735726,0.12638927174735726
g_m2_yr,mean,SSP5-8.5,N Deposition,Pan-Arctic,2005,0.12873685702012586,0.12873685702012586
g_m2_yr,mean,SSP5-8.5,N Deposition,Pan-Arctic,2006,0.12730233199218655,0.12730233199218655
g_m2_yr,mean,SSP5-8.5,N Deposition,Pan-Arctic,2007,0.12966222424654322,0.12966222424654322
g_m2_yr,mean,SSP5-8.5,N Deposition,Pan-Arctic,2008,0.13772401007892948,0.13772401007892948
g_m2_yr,mean,SSP5-8.5,N Deposition,Pan-Arctic,2009,0.13473667939032372,0.13473667939032372
g_m2_yr,mean,SSP5-8.5,N Deposition,Pan-Arctic,2010,0.13663764195302674,0.13663764195302674
g_m2_yr,mean,SSP5-8.5,N Deposition,Pan-Arctic,2011,0.12854463837677094,0.12854463837677094
g_m2_yr,mean,SSP5-8.5,N Deposition,Pan-Arctic,2012,0.13522293817668057,0.13522293817668057
g_m2_yr,mean,SSP5-8.5,N Deposition,Pan-Arctic,2013,0.13500198418451503,0.13500198418451503
g_m2_yr,mean,SSP5-8.5,N Deposition,Pan-Arctic,2014,0.13184161667136904,0.13184161667136904
g_m2_yr,mean,SSP5-8.5,N Deposition,Pan-Arctic,2015,0.11798774806021564,0.11798774806021564
g_m2_yr,mean,SSP5-8.5,N Deposition,Pan-Arctic,2016,0.1219684747329774,0.1219684747329774
g_m2_yr,mean,SSP5-8.5,N Deposition,Pan-Arctic,2017,0.12417177635131305,0.12417177635131305
g_m2_yr,mean,SSP5-8.5,N Deposition,Pan-Arctic,2018,0.12654610316671722,0.12654610316671722
g_m2_yr,mean,SSP5-8.5,N Deposition,Pan-Arctic,2019,0.11804353070156923,0.11804353070156923
g_m2_yr,mean,SSP5-8.5,N Deposition,Pan-Arctic,2020,0.11924249424013665,0.11924249424013665
g_m2_yr,mean,SSP5-8.5,N Deposition,Pan-Arctic,2080,0.12246328211827831,0.12246328211827831
g_m2_yr,mean,SSP5-8.5,N Deposition,Pan-Arctic,2081,0.11864063782335212,0.11864063782335212
g_m2_yr,mean,SSP5-8.5,N Deposition,Pan-Arctic,2082,0.12352684966265068,0.12352684966265068
g_m2_yr,mean,SSP5-8.5,N Deposition,Pan-Arctic,2083,0.11774663460942024,0.11774663460942024
g_m2_yr,mean,SSP5-8.5,N Deposition,Pan-Arctic,2084,0.12128093234021581,0.12128093234021581
g_m2_yr,mean,SSP5-8.5,N Deposition,Pan-Arctic,2085,0.12288365666617922,0.12288365666617922
g_m2_yr,mean,SSP5-8.5,N Deposition,Pan-Arctic,2086,0.11784874990588998,0.11784874990588998
g_m2_yr,mean,SSP5-8.5,N Deposition,Pan-Arctic,2087,0.1171309578442287,0.1171309578442287
g_m2_yr,mean,SSP5-8.5,N Deposition,Pan-Arctic,2088,0.11804929162263132,0.11804929162263132
g_m2_yr,mean,SSP5-8.5,N Deposition,Pan-Arctic,2089,0.11981790738495042,0.11981790738495042
g_m2_yr,mean,SSP5-8.5,N Deposition,Pan-Arctic,2090,0.12412648407560474,0.12412648407560474
g_m2_yr,mean,SSP5-8.5,N Deposition,Pan-Arctic,2091,0.1164661939696204,0.1164661939696204
g_m2_yr,mean,SSP5-8.5,N Deposition,Pan-Arctic,2092,0.12776740492942415,0.12776740492942415
g_m2_yr,mean,SSP5-8.5,N Deposition,Pan-Arctic,2093,0.11417747402603527,0.11417747402603527
g_m2_yr,mean,SSP5-8.5,N Deposition,Pan-Arctic,2094,0.11615448126151558,0.11615448126151558
g_m2_yr,mean,SSP5-8.5,N Deposition,Pan-Arctic,2095,0.11512702136554442,0.11512702136554442
g_m2_yr,mean,SSP5-8.5,N Deposition,Pan-Arctic,2096,0.1111332166653423,0.1111332166653423
g_m2_yr,mean,SSP5-8.5,N Deposition,Pan-Arctic,2097,0.1190653206755209,0.1190653206755209
g_m2_yr,mean,SSP5-8.5,N Deposition,Pan-Arctic,2098,0.11566460496731006,0.11566460496731006
g_m2_yr,mean,SSP5-8.5,N Deposition,Pan-Arctic,2099,0.11088417831375823,0.11088417831375823
g_m2_yr,mean,SSP5-8.5,N Fixation,Taiga,2000,0.2991957221519939,0.10496103550859526
g_m2_yr,mean,SSP5-8.5,N Fixation,Taiga,2001,0.3046041286947795,0.10685836193792786
g_m2_yr,mean,SSP5-8.5,N Fixation,Taiga,2002,0.2380390332095023,0.08350661980535189
g_m2_yr,mean,SSP5-8.5,N Fixation,Taiga,2003,0.30107224952077016,0.10561934123024898
g_m2_yr,mean,SSP5-8.5,N Fixation,Taiga,2004,0.2543619357967333,0.08923286731229764
g_m2_yr,mean,SSP5-8.5,N Fixation,Taiga,2005,0.3387652234332957,0.11884243661677764
g_m2_yr,mean,SSP5-8.5,N Fixation,Taiga,2006,0.3026992158637331,0.1061900982947777
g_m2_yr,mean,SSP5-8.5,N Fixation,Taiga,2007,0.3416409286860305,0.11985126454711557
g_m2_yr,mean,SSP5-8.5,N Fixation,Taiga,2008,0.31115781004708987,0.1091574629283572
g_m2_yr,mean,SSP5-8.5,N Fixation,Taiga,2009,0.41276129584705545,0.14480104434102736
g_m2_yr,mean,SSP5-8.5,N Fixation,Taiga,2010,0.4056017686269949,0.14228940618870187
g_m2_yr,mean,SSP5-8.5,N Fixation,Taiga,2011,0.3699690767509392,0.12978907961194172
g_m2_yr,mean,SSP5-8.5,N Fixation,Taiga,2012,0.26223143038644575,0.09199356955471107
g_m2_yr,mean,SSP5-8.5,N Fixation,Taiga,2013,0.4424971747389263,0.15523270632402658
g_m2_yr,mean,SSP5-8.5,N Fixation,Taiga,2014,0.38031705018111306,0.1334192585424236
g_m2_yr,mean,SSP5-8.5,N Fixation,Taiga,2015,0.4734352658573849,0.16608611711845978
g_m2_yr,mean,SSP5-8.5,N Fixation,Taiga,2016,0.4761400459596141,0.16703498269150696
g_m2_yr,mean,SSP5-8.5,N Fixation,Taiga,2017,0.35204299692668206,0.12350042051136831
g_m2_yr,mean,SSP5-8.5,N Fixation,Taiga,2018,0.3180608603774146,0.11157912626507682
g_m2_yr,mean,SSP5-8.5,N Fixation,Taiga,2019,0.33856545412623384,0.11877235542316555
g_m2_yr,mean,SSP5-8.5,N Fixation,Taiga,2020,0.3966897895464876,0.13916298932019533
g_m2_yr,mean,SSP5-8.5,N Fixation,Taiga,2080,1.0559087472669635,0.3704239977716723
g_m2_yr,mean,SSP5-8.5,N Fixation,Taiga,2081,0.9616118282984762,0.33734363756794417
g_m2_yr,mean,SSP5-8.5,N Fixation,Taiga,2082,1.0837232523591942,0.3801816214289936
g_m2_yr,mean,SSP5-8.5,N Fixation,Taiga,2083,1.0449406570361273,0.36657627528453246
g_m2_yr,mean,SSP5-8.5,N Fixation,Taiga,2084,1.1476177751112207,0.40259649829669586
g_m2_yr,mean,SSP5-8.5,N Fixation,Taiga,2085,1.0312689251619842,0.36178008660782096
g_m2_yr,mean,SSP5-8.5,N Fixation,Taiga,2086,1.0434461198243026,0.36605197576503745
g_m2_yr,mean,SSP5-8.5,N Fixation,Taiga,2087,1.2551201998226977,0.4403094901010015
g_m2_yr,mean,SSP5-8.5,N Fixation,Taiga,2088,1.0205447881333856,0.35801794549376464
g_m2_yr,mean,SSP5-8.5,N Fixation,Taiga,2089,1.111043339265785,0.389765797938188
g_m2_yr,mean,SSP5-8.5,N Fixation,Taiga,2090,1.0714393609978055,0.37587230193708104
g_m2_yr,mean,SSP5-8.5,N Fixation,Taiga,2091,1.0407280056637906,0.36509843246279405
g_m2_yr,mean,SSP5-8.5,N Fixation,Taiga,2092,1.0153551562725944,0.3561973675453262
g_m2_yr,mean,SSP5-8.5,N Fixation,Taiga,2093,0.984314349565692,0.3453079230320671
g_m2_yr,mean,SSP5-8.5,N Fixation,Taiga,2094,0.936359912364536,0.3284849973910773
g_m2_yr,mean,SSP5-8.5,N Fixation,Taiga,2095,1.1753648807130734,0.4123304774972986
g_m2_yr,mean,SSP5-8.5,N Fixation,Taiga,2096,1.1149970556758286,0.3911528036263732
g_m2_yr,mean,SSP5-8.5,N Fixation,Taiga,2097,1.2346643181250414,0.43313334964757416
g_m2_yr,mean,SSP5-8.5,N Fixation,Taiga,2098,1.0571919739533213,0.3708741673156204
g_m2_yr,mean,SSP5-8.5,N Fixation,Taiga,2099,1.2523003764948288,0.4393202661431333
g_m2_yr,mean,SSP5-8.5,N Fixation,Tundra,2000,0.1301783455616999,0.07431775970131102
g_m2_yr,mean,SSP5-8.5,N Fixation,Tundra,2001,0.13157435241905643,0.07511472867275361
g_m2_yr,mean,SSP5-8.5,N Fixation,Tundra,2002,0.08717755077480516,0.04976895536562239
g_m2_yr,mean,SSP5-8.5,N Fixation,Tundra,2003,0.14368169307107734,0.08202671107133414
g_m2_yr,mean,SSP5-8.5,N Fixation,Tundra,2004,0.10222354643741743,0.058358592031353455
g_m2_yr,mean,SSP5-8.5,N Fixation,Tundra,2005,0.1403147695594307,0.08010456179687855
g_m2_yr,mean,SSP5-8.5,N Fixation,Tundra,2006,0.1197420978152294,0.06835979066384205
g_m2_yr,mean,SSP5-8.5,N Fixation,Tundra,2007,0.17516217109351656,0.09999866017591984
g_m2_yr,mean,SSP5-8.5,N Fixation,Tundra,2008,0.12759803370733425,0.07284468063028915
g_m2_yr,mean,SSP5-8.5,N Fixation,Tundra,2009,0.1824506068148698,0.104159568906176
g_m2_yr,mean,SSP5-8.5,N Fixation,Tundra,2010,0.1929771372795469,0.11016907961386599
g_m2_yr,mean,SSP5-8.5,N Fixation,Tundra,2011,0.13967327651647904,0.07973833863118661
g_m2_yr,mean,SSP5-8.5,N Fixation,Tundra,2012,0.09615191347287509,0.05489234610768293
g_m2_yr,mean,SSP5-8.5,N Fixation,Tundra,2013,0.1596388043895685,0.0911364962616262
g_m2_yr,mean,SSP5-8.5,N Fixation,Tundra,2014,0.19543129959170003,0.11157014093628205
g_m2_yr,mean,SSP5-8.5,N Fixation,Tundra,2015,0.22422294735985054,0.12800705869710918
g_m2_yr,mean,SSP5-8.5,N Fixation,Tundra,2016,0.18173131167488854,0.1037489291554802
g_m2_yr,mean,SSP5-8.5,N Fixation,Tundra,2017,0.17916543514500122,0.10228409109390706
g_m2_yr,mean,SSP5-8.5,N Fixation,Tundra,2018,0.19904651568552698,0.11363403842837301
g_m2_yr,mean,SSP5-8.5,N Fixation,Tundra,2019,0.21769903144305489,0.12428260811107697
g_m2_yr,mean,SSP5-8.5,N Fixation,Tundra,2020,0.17887062059781966,0.1021157838644723
g_m2_yr,mean,SSP5-8.5,N Fixation,Tundra,2080,0.46348158740977813,0.26459787217664715
g_m2_yr,mean,SSP5-8.5,N Fixation,Tundra,2081,0.5483663212737281,0.3130578769984229
g_m2_yr,mean,SSP5-8.5,N Fixation,Tundra,2082,0.5519994189897309,0.31513198296331485
g_m2_yr,mean,SSP5-8.5,N Fixation,Tundra,2083,0.4410599648358877,0.2517975500388143
g_m2_yr,mean,SSP5-8.5,N Fixation,Tundra,2084,0.5994229534296421,0.3422056934294055
g_m2_yr,mean,SSP5-8.5,N Fixation,Tundra,2085,0.5256164147780387,0.3000701402371457
g_m2_yr,mean,SSP5-8.5,N Fixation,Tundra,2086,0.47465294114182377,0.2709755072480885
g_m2_yr,mean,SSP5-8.5,N Fixation,Tundra,2087,0.6084910840393113,0.34738261551027555
g_m2_yr,mean,SSP5-8.5,N Fixation,Tundra,2088,0.5364830912053317,0.306273837510996
g_m2_yr,mean,SSP5-8.5,N Fixation,Tundra,2089,0.503290073406256,0.28732421336337727
g_m2_yr,mean,SSP5-8.5,N Fixation,Tundra,2090,0.5563592605612538,0.3176209810900782
g_m2_yr,mean,SSP5-8.5,N Fixation,Tundra,2091,0.5208612423463227,0.29735545093460675
g_m2_yr,mean,SSP5-8.5,N Fixation,Tundra,2092,0.463048300731176,0.26435051233255635
g_m2_yr,mean,SSP5-8.5,N Fixation,Tundra,2093,0.5596176837634198,0.31948118841948364
g_m2_yr,mean,SSP5-8.5,N Fixation,Tundra,2094,0.4799711625616063,0.27401163664279216
g_m2_yr,mean,SSP5-8.5,N Fixation,Tundra,2095,0.5238783683199809,0.2990779036369468
g_m2_yr,mean,SSP5-8.5,N Fixation,Tundra,2096,0.5143758335894221,0.293652983773264
g_m2_yr,mean,SSP5-8.5,N Fixation,Tundra,2097,0.5906312393990352,0.33718657532746577
g_m2_yr,mean,SSP5-8.5,N Fixation,Tundra,2098,0.48823609743915325,0.2787300208066575
g_m2_yr,mean,SSP5-8.5,N Fixation,Tundra,2099,0.5777670059917444,0.3298424890051252
g_m2_yr,mean,SSP5-8.5,N Fixation,Wetlands,2000,0.13139596307511434,0.0030668738945673836
g_m2_yr,mean,SSP5-8.5,N Fixation,Wetlands,2001,0.18328816504910642,0.0042780742681639145
g_m2_yr,mean,SSP5-8.5,N Fixation,Wetlands,2002,0.20212842047930657,0.004717819038045704
g_m2_yr,mean,SSP5-8.5,N Fixation,Wetlands,2003,0.1609434418401403,0.0037565327634851375
g_m2_yr,mean,SSP5-8.5,N Fixation,Wetlands,2004,0.1065599936710975,0.002487184957184197
g_m2_yr,mean,SSP5-8.5,N Fixation,Wetlands,2005,0.207368294565324,0.004840121372677098
g_m2_yr,mean,SSP5-8.5,N Fixation,Wetlands,2006,0.1727896289366775,0.004033031075200862
g_m2_yr,mean,SSP5-8.5,N Fixation,Wetlands,2007,0.14851785620197977,0.0034665108836150448
g_m2_yr,mean,SSP5-8.5,N Fixation,Wetlands,2008,0.1842147841623556,0.004299702207882325
g_m2_yr,mean,SSP5-8.5,N Fixation,Wetlands,2009,0.39213484243759844,0.009152702132368145
g_m2_yr,mean,SSP5-8.5,N Fixation,Wetlands,2010,0.30451189079162305,0.0071075210120443814
g_m2_yr,mean,SSP5-8.5,N Fixation,Wetlands,2011,0.25364992186169427,0.0059203669999509986
g_m2_yr,mean,SSP5-8.5,N Fixation,Wetlands,2012,0.21494674556880206,0.005017007732043695
g_m2_yr,mean,SSP5-8.5,N Fixation,Wetlands,2013,0.44337878881842363,0.010348771765954386
g_m2_yr,mean,SSP5-8.5,N Fixation,Wetlands,2014,0.18360281284468216,0.0042854183682994925
g_m2_yr,mean,SSP5-8.5,N Fixation,Wetlands,2015,0.3122102755892881,0.007287206710248034
g_m2_yr,mean,SSP5-8.5,N Fixation,Wetlands,2016,0.4158981018859283,0.009707353267352042
g_m2_yr,mean,SSP5-8.5,N Fixation,Wetlands,2017,0.20646241445247554,0.004818977495767314
g_m2_yr,mean,SSP5-8.5,N Fixation,Wetlands,2018,0.13676179222864973,0.0031921161087766496
g_m2_yr,mean,SSP5-8.5,N Fixation,Wetlands,2019,0.17113196655881055,0.003994340073181415
g_m2_yr,mean,SSP5-8.5,N Fixation,Wetlands,2020,0.3155419167913164,0.007364969551582243
g_m2_yr,mean,SSP5-8.5,N Fixation,Wetlands,2080,0.7757990731753626,0.018107694249258965
g_m2_yr,mean,SSP5-8.5,N Fixation,Wetlands,2081,0.6522179691943507,0.0152232246446295
g_m2_yr,mean,SSP5-8.5,N Fixation,Wetlands,2082,0.9986070689880765,0.02330818907320009
g_m2_yr,mean,SSP5-8.5,N Fixation,Wetlands,2083,1.0118658980692776,0.023617659439184018
g_m2_yr,mean,SSP5-8.5,N Fixation,Wetlands,2084,0.7366016530993785,0.017192798984959973
g_m2_yr,mean,SSP5-8.5,N Fixation,Wetlands,2085,0.750966051476859,0.017528074113388973
g_m2_yr,mean,SSP5-8.5,N Fixation,Wetlands,2086,0.7506082673614366,0.017519723181307043
g_m2_yr,mean,SSP5-8.5,N Fixation,Wetlands,2087,0.9684486498848217,0.02260427042848252
g_m2_yr,mean,SSP5-8.5,N Fixation,Wetlands,2088,0.5698278537876748,0.013300181590660785
g_m2_yr,mean,SSP5-8.5,N Fixation,Wetlands,2089,1.018404835066205,0.023770282812876506
g_m2_yr,mean,SSP5-8.5,N Fixation,Wetlands,2090,0.9937770610552097,0.023195453301923807
g_m2_yr,mean,SSP5-8.5,N Fixation,Wetlands,2091,0.8494343570506934,0.019826393397627866
g_m2_yr,mean,SSP5-8.5,N Fixation,Wetlands,2092,1.070944934873218,0.024996605576110706
g_m2_yr,mean,SSP5-8.5,N Fixation,Wetlands,2093,0.5277641341558759,0.01231838488528241
g_m2_yr,mean,SSP5-8.5,N Fixation,Wetlands,2094,0.8248875180843112,0.019253452967356723
g_m2_yr,mean,SSP5-8.5,N Fixation,Wetlands,2095,1.1795919297906037,0.027532502605495415
g_m2_yr,mean,SSP5-8.5,N Fixation,Wetlands,2096,1.0925068936921096,0.025499876811160695
g_m2_yr,mean,SSP5-8.5,N Fixation,Wetlands,2097,1.081421166432567,0.02524112816516805
g_m2_yr,mean,SSP5-8.5,N Fixation,Wetlands,2098,0.9983489141404225,0.023302163558073925
g_m2_yr,mean,SSP5-8.5,N Fixation,Wetlands,2099,1.2965515383581157,0.030262421865111223
g_m2_yr,mean,SSP5-8.5,N Fixation,Barren,2000,0.05215544662105954,0.0028662969100387405
g_m2_yr,mean,SSP5-8.5,N Fixation,Barren,2001,0.0634003513613282,0.0034842809902996424
g_m2_yr,mean,SSP5-8.5,N Fixation,Barren,2002,0.04067944515865973,0.002235612491395593
g_m2_yr,mean,SSP5-8.5,N Fixation,Barren,2003,0.04832972966763429,0.0026560477147445738
g_m2_yr,mean,SSP5-8.5,N Fixation,Barren,2004,0.04487403873649303,0.002466133968823748
g_m2_yr,mean,SSP5-8.5,N Fixation,Barren,2005,0.061872249272321614,0.0034003013759025765
g_m2_yr,mean,SSP5-8.5,N Fixation,Barren,2006,0.04345289791626307,0.00238803260442837
g_m2_yr,mean,SSP5-8.5,N Fixation,Barren,2007,0.059577149799080874,0.0032741700328776046
g_m2_yr,mean,SSP5-8.5,N Fixation,Barren,2008,0.04688780329680564,0.0025768040428182613
g_m2_yr,mean,SSP5-8.5,N Fixation,Barren,2009,0.055877572445797594,0.0030708530674758852
g_m2_yr,mean,SSP5-8.5,N Fixation,Barren,2010,0.06162315793876379,0.0033866121110999636
g_m2_yr,mean,SSP5-8.5,N Fixation,Barren,2011,0.05363644849643385,0.002947688046998785
g_m2_yr,mean,SSP5-8.5,N Fixation,Barren,2012,0.03221252589104408,0.0017702976277219895
g_m2_yr,mean,SSP5-8.5,N Fixation,Barren,2013,0.05427800117710693,0.0029829457350328058
g_m2_yr,mean,SSP5-8.5,N Fixation,Barren,2014,0.07781853082008601,0.00427665812266868
g_m2_yr,mean,SSP5-8.5,N Fixation,Barren,2015,0.09355500241577344,0.005141484384005275
g_m2_yr,mean,SSP5-8.5,N Fixation,Barren,2016,0.07068682912755603,0.003884722556031948
g_m2_yr,mean,SSP5-8.5,N Fixation,Barren,2017,0.07059404101912778,0.0038796232176942177
g_m2_yr,mean,SSP5-8.5,N Fixation,Barren,2018,0.08140176570743142,0.004473581277409608
g_m2_yr,mean,SSP5-8.5,N Fixation,Barren,2019,0.08729162219580194,0.0047972689945496114
g_m2_yr,mean,SSP5-8.5,N Fixation,Barren,2020,0.06999244497736813,0.003846561419026944
g_m2_yr,mean,SSP5-8.5,N Fixation,Barren,2080,0.19506975759866124,0.010720411379264883
g_m2_yr,mean,SSP5-8.5,N Fixation,Barren,2081,0.2061070626972485,0.011326986445702165
g_m2_yr,mean,SSP5-8.5,N Fixation,Barren,2082,0.22337455018740088,0.012275952454885407
g_m2_yr,mean,SSP5-8.5,N Fixation,Barren,2083,0.18887610498086319,0.010380027996312897
g_m2_yr,mean,SSP5-8.5,N Fixation,Barren,2084,0.24789069073957787,0.013623281304762539
g_m2_yr,mean,SSP5-8.5,N Fixation,Barren,2085,0.19995468267437738,0.010988871272860006
g_m2_yr,mean,SSP5-8.5,N Fixation,Barren,2086,0.19851725603097314,0.010909874891593601
g_m2_yr,mean,SSP5-8.5,N Fixation,Barren,2087,0.23389236253707094,0.012853977857625485
g_m2_yr,mean,SSP5-8.5,N Fixation,Barren,2088,0.22032758507868636,0.012108500975856602
g_m2_yr,mean,SSP5-8.5,N Fixation,Barren,2089,0.21542548653123803,0.011839097283058332
g_m2_yr,mean,SSP5-8.5,N Fixation,Barren,2090,0.21911732907954726,0.01204198916826166
g_m2_yr,mean,SSP5-8.5,N Fixation,Barren,2091,0.22013844279661982,0.012098106319617073
g_m2_yr,mean,SSP5-8.5,N Fixation,Barren,2092,0.167023367225336,0.009179071264801315
g_m2_yr,mean,SSP5-8.5,N Fixation,Barren,2093,0.23220974590567126,0.012761506617058764
g_m2_yr,mean,SSP5-8.5,N Fixation,Barren,2094,0.19551989438112344,0.010745149460371547
g_m2_yr,mean,SSP5-8.5,N Fixation,Barren,2095,0.2034239546025361,0.01117953138703781
g_m2_yr,mean,SSP5-8.5,N Fixation,Barren,2096,0.18092836124073833,0.00994324536285921
g_m2_yr,mean,SSP5-8.5,N Fixation,Barren,2097,0.2212829455642041,0.012161004539434694
g_m2_yr,mean,SSP5-8.5,N Fixation,Barren,2098,0.19326198678918333,0.0106210620644577
g_m2_yr,mean,SSP5-8.5,N Fixation,Barren,2099,0.2103141663221172,0.011558195435393853
g_m2_yr,mean,SSP5-8.5,N Fixation,Pan-Arctic,2000,0.1852119660145124,0.1852119660145124
g_m2_yr,mean,SSP5-8.5,N Fixation,Pan-Arctic,2001,0.18973544586914504,0.18973544586914504
g_m2_yr,mean,SSP5-8.5,N Fixation,Pan-Arctic,2002,0.14022900670041558,0.14022900670041558
g_m2_yr,mean,SSP5-8.5,N Fixation,Pan-Arctic,2003,0.19405863277981283,0.19405863277981283
g_m2_yr,mean,SSP5-8.5,N Fixation,Pan-Arctic,2004,0.15254477826965904,0.15254477826965904
g_m2_yr,mean,SSP5-8.5,N Fixation,Pan-Arctic,2005,0.20718742116223587,0.20718742116223587
g_m2_yr,mean,SSP5-8.5,N Fixation,Pan-Arctic,2006,0.180970952638249,0.180970952638249
g_m2_yr,mean,SSP5-8.5,N Fixation,Pan-Arctic,2007,0.22659060563952807,0.22659060563952807
g_m2_yr,mean,SSP5-8.5,N Fixation,Pan-Arctic,2008,0.18887864980934693,0.18887864980934693
g_m2_yr,mean,SSP5-8.5,N Fixation,Pan-Arctic,2009,0.2611841684470474,0.2611841684470474
g_m2_yr,mean,SSP5-8.5,N Fixation,Pan-Arctic,2010,0.2629526189257122,0.2629526189257122
g_m2_yr,mean,SSP5-8.5,N Fixation,Pan-Arctic,2011,0.2183954732900781,0.2183954732900781
g_m2_yr,mean,SSP5-8.5,N Fixation,Pan-Arctic,2012,0.15367322102215966,0.15367322102215966
g_m2_yr,mean,SSP5-8.5,N Fixation,Pan-Arctic,2013,0.25970092008664,0.25970092008664
g_m2_yr,mean,SSP5-8.5,N Fixation,Pan-Arctic,2014,0.25355147596967387,0.25355147596967387
g_m2_yr,mean,SSP5-8.5,N Fixation,Pan-Arctic,2015,0.30652186690982225,0.30652186690982225
g_m2_yr,mean,SSP5-8.5,N Fixation,Pan-Arctic,2016,0.28437598767037114,0.28437598767037114
g_m2_yr,mean,SSP5-8.5,N Fixation,Pan-Arctic,2017,0.2344831123187369,0.2344831123187369
g_m2_yr,mean,SSP5-8.5,N Fixation,Pan-Arctic,2018,0.2328788620796361,0.2328788620796361
g_m2_yr,mean,SSP5-8.5,N Fixation,Pan-Arctic,2019,0.2518465726019735,0.2518465726019735
g_m2_yr,mean,SSP5-8.5,N Fixation,Pan-Arctic,2020,0.25249030415527685,0.25249030415527685
g_m2_yr,mean,SSP5-8.5,N Fixation,Pan-Arctic,2080,0.6638499755768433,0.6638499755768433
g_m2_yr,mean,SSP5-8.5,N Fixation,Pan-Arctic,2081,0.6769517256566988,0.6769517256566988
g_m2_yr,mean,SSP5-8.5,N Fixation,Pan-Arctic,2082,0.7308977459203939,0.7308977459203939
g_m2_yr,mean,SSP5-8.5,N Fixation,Pan-Arctic,2083,0.6523715127588436,0.6523715127588436
g_m2_yr,mean,SSP5-8.5,N Fixation,Pan-Arctic,2084,0.7756182720158239,0.7756182720158239
g_m2_yr,mean,SSP5-8.5,N Fixation,Pan-Arctic,2085,0.6903671722312157,0.6903671722312157
g_m2_yr,mean,SSP5-8.5,N Fixation,Pan-Arctic,2086,0.6654570810860266,0.6654570810860266
g_m2_yr,mean,SSP5-8.5,N Fixation,Pan-Arctic,2087,0.8231503538973851,0.8231503538973851
g_m2_yr,mean,SSP5-8.5,N Fixation,Pan-Arctic,2088,0.689700465571278,0.689700465571278
g_m2_yr,mean,SSP5-8.5,N Fixation,Pan-Arctic,2089,0.7126993913975,0.7126993913975
g_m2_yr,mean,SSP5-8.5,N Fixation,Pan-Arctic,2090,0.7287307254973447,0.7287307254973447
g_m2_yr,mean,SSP5-8.5,N Fixation,Pan-Arctic,2091,0.6943783831146457,0.6943783831146457
g_m2_yr,mean,SSP5-8.5,N Fixation,Pan-Arctic,2092,0.6547235567187946,0.6547235567187946
g_m2_yr,mean,SSP5-8.5,N Fixation,Pan-Arctic,2093,0.6898690029538919,0.6898690029538919
g_m2_yr,mean,SSP5-8.5,N Fixation,Pan-Arctic,2094,0.6324952364615977,0.6324952364615977
g_m2_yr,mean,SSP5-8.5,N Fixation,Pan-Arctic,2095,0.7501204151267787,0.7501204151267787
g_m2_yr,mean,SSP5-8.5,N Fixation,Pan-Arctic,2096,0.7202489095736572,0.7202489095736572
g_m2_yr,mean,SSP5-8.5,N Fixation,Pan-Arctic,2097,0.8077220576796426,0.8077220576796426
g_m2_yr,mean,SSP5-8.5,N Fixation,Pan-Arctic,2098,0.6835274137448095,0.6835274137448095
g_m2_yr,mean,SSP5-8.5,N Fixation,Pan-Arctic,2099,0.8109833724487635,0.8109833724487635
Tg_yr,mean,SSP1-2.6,Total inorg. due to permafrost thaw,Taiga,2000,1.7262846523225577,1.7262846523225577
Tg_yr,mean,SSP1-2.6,Total inorg. due to permafrost thaw,Taiga,2001,2.3927269535390043,2.3927269535390043
Tg_yr,mean,SSP1-2.6,Total inorg. due to permafrost thaw,Taiga,2002,1.3568486983837293,1.3568486983837293
Tg_yr,mean,SSP1-2.6,Total inorg. due to permafrost thaw,Taiga,2003,0.6828304763232883,0.6828304763232883
Tg_yr,mean,SSP1-2.6,Total inorg. due to permafrost thaw,Taiga,2004,2.5143821838684426,2.5143821838684426
Tg_yr,mean,SSP1-2.6,Total inorg. due to permafrost thaw,Taiga,2005,1.9617581822031802,1.9617581822031802
Tg_yr,mean,SSP1-2.6,Total inorg. due to permafrost thaw,Taiga,2006,2.544745081818724,2.544745081818724
Tg_yr,mean,SSP1-2.6,Total inorg. due to permafrost thaw,Taiga,2007,1.550333714284783,1.550333714284783
Tg_yr,mean,SSP1-2.6,Total inorg. due to permafrost thaw,Taiga,2008,3.18433477552182,3.18433477552182
Tg_yr,mean,SSP1-2.6,Total inorg. due to permafrost thaw,Taiga,2009,-0.29787300663773386,-0.29787300663773386
Tg_yr,mean,SSP1-2.6,Total inorg. due to permafrost thaw,Taiga,2010,3.327373767842413,3.327373767842413
Tg_yr,mean,SSP1-2.6,Total inorg. due to permafrost thaw,Taiga,2011,0.5944462398913323,0.5944462398913323
Tg_yr,mean,SSP1-2.6,Total inorg. due to permafrost thaw,Taiga,2012,0.44135831320582075,0.44135831320582075
Tg_yr,mean,SSP1-2.6,Total inorg. due to permafrost thaw,Taiga,2013,1.812128944107325,1.812128944107325
Tg_yr,mean,SSP1-2.6,Total inorg. due to permafrost thaw,Taiga,2014,5.337493604874572,5.337493604874572
Tg_yr,mean,SSP1-2.6,Total inorg. due to permafrost thaw,Taiga,2015,1.5822388070267854,1.5822388070267854
Tg_yr,mean,SSP1-2.6,Total inorg. due to permafrost thaw,Taiga,2016,1.7262447055901475,1.7262447055901475
Tg_yr,mean,SSP1-2.6,Total inorg. due to permafrost thaw,Taiga,2017,4.626217128616835,4.626217128616835
Tg_yr,mean,SSP1-2.6,Total inorg. due to permafrost thaw,Taiga,2018,1.2976785673464628,1.2976785673464628
Tg_yr,mean,SSP1-2.6,Total inorg. due to permafrost thaw,Taiga,2019,4.277552934289629,4.277552934289629
Tg_yr,mean,SSP1-2.6,Total inorg. due to permafrost thaw,Taiga,2020,2.4437667611476535,2.4437667611476535
Tg_yr,mean,SSP1-2.6,Total inorg. due to permafrost thaw,Taiga,2080,4.04596045930971,4.04596045930971
Tg_yr,mean,SSP1-2.6,Total inorg. due to permafrost thaw,Taiga,2081,3.583096501105911,3.583096501105911
Tg_yr,mean,SSP1-2.6,Total inorg. due to permafrost thaw,Taiga,2082,4.802484217150922,4.802484217150922
Tg_yr,mean,SSP1-2.6,Total inorg. due to permafrost thaw,Taiga,2083,3.395365019791704,3.395365019791704
Tg_yr,mean,SSP1-2.6,Total inorg. due to permafrost thaw,Taiga,2084,4.583482680198594,4.583482680198594
Tg_yr,mean,SSP1-2.6,Total inorg. due to permafrost thaw,Taiga,2085,4.812538238417721,4.812538238417721
Tg_yr,mean,SSP1-2.6,Total inorg. due to permafrost thaw,Taiga,2086,4.511182755879751,4.511182755879751
Tg_yr,mean,SSP1-2.6,Total inorg. due to permafrost thaw,Taiga,2087,4.041351851926786,4.041351851926786
Tg_yr,mean,SSP1-2.6,Total inorg. due to permafrost thaw,Taiga,2088,4.258852177706889,4.258852177706889
Tg_yr,mean,SSP1-2.6,Total inorg. due to permafrost thaw,Taiga,2089,4.16850370606821,4.16850370606821
Tg_yr,mean,SSP1-2.6,Total inorg. due to permafrost thaw,Taiga,2090,4.5436728320106905,4.5436728320106905
Tg_yr,mean,SSP1-2.6,Total inorg. due to permafrost thaw,Taiga,2091,3.933635723535201,3.933635723535201
Tg_yr,mean,SSP1-2.6,Total inorg. due to permafrost thaw,Taiga,2092,4.499064433438172,4.499064433438172
Tg_yr,mean,SSP1-2.6,Total inorg. due to permafrost thaw,Taiga,2093,3.6490685199144712,3.6490685199144712
Tg_yr,mean,SSP1-2.6,Total inorg. due to permafrost thaw,Taiga,2094,4.501765464243655,4.501765464243655
Tg_yr,mean,SSP1-2.6,Total inorg. due to permafrost thaw,Taiga,2095,3.6552833432877976,3.6552833432877976
Tg_yr,mean,SSP1-2.6,Total inorg. due to permafrost thaw,Taiga,2096,4.01323900769558,4.01323900769558
Tg_yr,mean,SSP1-2.6,Total inorg. due to permafrost thaw,Taiga,2097,3.9009053273164747,3.9009053273164747
Tg_yr,mean,SSP1-2.6,Total inorg. due to permafrost thaw,Taiga,2098,5.695962345479657,5.695962345479657
Tg_yr,mean,SSP1-2.6,Total inorg. due to permafrost thaw,Taiga,2099,3.6480917548007357,3.6480917548007357
Tg_yr,mean,SSP1-2.6,Total inorg. due to permafrost thaw,Tundra,2000,-1.6620643135094761,-1.6620643135094761
Tg_yr,mean,SSP1-2.6,Total inorg. due to permafrost thaw,Tundra,2001,3.2053079745028707,3.2053079745028707
Tg_yr,mean,SSP1-2.6,Total inorg. due to permafrost thaw,Tundra,2002,-0.561681862604147,-0.561681862604147
Tg_yr,mean,SSP1-2.6,Total inorg. due to permafrost thaw,Tundra,2003,-3.4081298333709755,-3.4081298333709755
Tg_yr,mean,SSP1-2.6,Total inorg. due to permafrost thaw,Tundra,2004,5.25815834351483,5.25815834351483
Tg_yr,mean,SSP1-2.6,Total inorg. due to permafrost thaw,Tundra,2005,2.8266895222188855,2.8266895222188855
Tg_yr,mean,SSP1-2.6,Total inorg. due to permafrost thaw,Tundra,2006,1.2908241898412007,1.2908241898412007
Tg_yr,mean,SSP1-2.6,Total inorg. due to permafrost thaw,Tundra,2007,3.011402181296328,3.011402181296328
Tg_yr,mean,SSP1-2.6,Total inorg. due to permafrost thaw,Tundra,2008,4.04790274478426,4.04790274478426
Tg_yr,mean,SSP1-2.6,Total inorg. due to permafrost thaw,Tundra,2009,0.5107515571960902,0.5107515571960902
Tg_yr,mean,SSP1-2.6,Total inorg. due to permafrost thaw,Tundra,2010,-2.038838741086399,-2.038838741086399
Tg_yr,mean,SSP1-2.6,Total inorg. due to permafrost thaw,Tundra,2011,1.369950479953839,1.369950479953839
Tg_yr,mean,SSP1-2.6,Total inorg. due to permafrost thaw,Tundra,2012,4.529826906968245,4.529826906968245
Tg_yr,mean,SSP1-2.6,Total inorg. due to permafrost thaw,Tundra,2013,-0.04543410587990261,-0.04543410587990261
Tg_yr,mean,SSP1-2.6,Total inorg. due to permafrost thaw,Tundra,2014,8.091159476161371,8.091159476161371
Tg_yr,mean,SSP1-2.6,Total inorg. due to permafrost thaw,Tundra,2015,-0.56318754719399855,-0.56318754719399855
Tg_yr,mean,SSP1-2.6,Total inorg. due to permafrost thaw,Tundra,2016,1.3477868593039162,1.3477868593039162
Tg_yr,mean,SSP1-2.6,Total inorg. due to permafrost thaw,Tundra,2017,4.343108484785593,4.343108484785593
Tg_yr,mean,SSP1-2.6,Total inorg. due to permafrost thaw,Tundra,2018,4.246109066212387,4.246109066212387
Tg_yr,mean,SSP1-2.6,Total inorg. due to permafrost thaw,Tundra,2019,1.0265709329185215,1.0265709329185215
Tg_yr,mean,SSP1-2.6,Total inorg. due to permafrost thaw,Tundra,2020,5.201283312514746,5.201283312514746
Tg_yr,mean,SSP1-2.6,Total inorg. due to permafrost thaw,Tundra,2080,3.802987401334509,3.802987401334509
Tg_yr,mean,SSP1-2.6,Total inorg. due to permafrost thaw,Tundra,2081,0.9561681890638529,0.9561681890638529
Tg_yr,mean,SSP1-2.6,Total inorg. due to permafrost thaw,Tundra,2082,5.226508762785006,5.226508762785006
Tg_yr,mean,SSP1-2.6,Total inorg. due to permafrost thaw,Tundra,2083,4.147138053966166,4.147138053966166
Tg_yr,mean,SSP1-2.6,Total inorg. due to permafrost thaw,Tundra,2084,3.911974460690901,3.911974460690901
Tg_yr,mean,SSP1-2.6,Total inorg. due to permafrost thaw,Tundra,2085,2.608355651562076,2.608355651562076
Tg_yr,mean,SSP1-2.6,Total inorg. due to permafrost thaw,Tundra,2086,5.03611862421423,5.03611862421423
Tg_yr,mean,SSP1-2.6,Total inorg. due to permafrost thaw,Tundra,2087,4.053303295550426,4.053303295550426
Tg_yr,mean,SSP1-2.6,Total inorg. due to permafrost thaw,Tundra,2088,1.9661060164469286,1.9661060164469286
Tg_yr,mean,SSP1-2.6,Total inorg. due to permafrost thaw,Tundra,2089,5.936260701624336,5.936260701624336
Tg_yr,mean,SSP1-2.6,Total inorg. due to permafrost thaw,Tundra,2090,1.8126633253275046,1.8126633253275046
Tg_yr,mean,SSP1-2.6,Total inorg. due to permafrost thaw,Tundra,2091,2.507065559860879,2.507065559860879
Tg_yr,mean,SSP1-2.6,Total inorg. due to permafrost thaw,Tundra,2092,7.618267700144395,7.618267700144395
Tg_yr,mean,SSP1-2.6,Total inorg. due to permafrost thaw,Tundra,2093,-1.2162830270212401,-1.2162830270212401
Tg_yr,mean,SSP1-2.6,Total inorg. due to permafrost thaw,Tundra,2094,2.289917946087397,2.289917946087397
Tg_yr,mean,SSP1-2.6,Total inorg. due to permafrost thaw,Tundra,2095,5.950929884082866,5.950929884082866
Tg_yr,mean,SSP1-2.6,Total inorg. due to permafrost thaw,Tundra,2096,2.6242190380653505,2.6242190380653505
Tg_yr,mean,SSP1-2.6,Total inorg. due to permafrost thaw,Tundra,2097,2.408976317625825,2.408976317625825
Tg_yr,mean,SSP1-2.6,Total inorg. due to permafrost thaw,Tundra,2098,5.8901469304961696,5.8901469304961696
Tg_yr,mean,SSP1-2.6,Total inorg. due to permafrost thaw,Tundra,2099,3.266506900280558,3.266506900280558
Tg_yr,mean,SSP1-2.6,Total inorg. due to permafrost thaw,Wetlands,2000,0.18430918823134304,0.18430918823134304
Tg_yr,mean,SSP1-2.6,Total inorg. due to permafrost thaw,Wetlands,2001,0.08997287696423548,0.08997287696423548
Tg_yr,mean,SSP1-2.6,Total inorg. due to permafrost thaw,Wetlands,2002,0.23217301516560537,0.23217301516560537
Tg_yr,mean,SSP1-2.6,Total inorg. due to permafrost thaw,Wetlands,2003,-0.5697850854332561,-0.5697850854332561
Tg_yr,mean,SSP1-2.6,Total inorg. due to permafrost thaw,Wetlands,2004,0.6202010302915584,0.6202010302915584
Tg_yr,mean,SSP1-2.6,Total inorg. due to permafrost thaw,Wetlands,2005,0.47276331570644425,0.47276331570644425
Tg_yr,mean,SSP1-2.6,Total inorg. due to permafrost thaw,Wetlands,2006,0.5019026517498202,0.5019026517498202
Tg_yr,mean,SSP1-2.6,Total inorg. due to permafrost thaw,Wetlands,2007,0.04300237231488699,0.04300237231488699
Tg_yr,mean,SSP1-2.6,Total inorg. due to permafrost thaw,Wetlands,2008,0.4139711751392809,0.4139711751392809
Tg_yr,mean,SSP1-2.6,Total inorg. due to permafrost thaw,Wetlands,2009,0.0031893301087741756,0.0031893301087741756
Tg_yr,mean,SSP1-2.6,Total inorg. due to permafrost thaw,Wetlands,2010,0.6588999762788399,0.6588999762788399
Tg_yr,mean,SSP1-2.6,Total inorg. due to permafrost thaw,Wetlands,2011,-0.16415268223846574,-0.16415268223846574
Tg_yr,mean,SSP1-2.6,Total inorg. due to permafrost thaw,Wetlands,2012,0.8082996400289226,0.8082996400289226
Tg_yr,mean,SSP1-2.6,Total inorg. due to permafrost thaw,Wetlands,2013,-0.08723179409846428,-0.08723179409846428
Tg_yr,mean,SSP1-2.6,Total inorg. due to permafrost thaw,Wetlands,2014,0.7071156413800332,0.7071156413800332
Tg_yr,mean,SSP1-2.6,Total inorg. due to permafrost thaw,Wetlands,2015,1.1115055609649185,1.1115055609649185
Tg_yr,mean,SSP1-2.6,Total inorg. due to permafrost thaw,Wetlands,2016,-0.42426864556917004,-0.42426864556917004
Tg_yr,mean,SSP1-2.6,Total inorg. due to permafrost thaw,Wetlands,2017,0.8761924010310738,0.8761924010310738
Tg_yr,mean,SSP1-2.6,Total inorg. due to permafrost thaw,Wetlands,2018,0.7445693231963145,0.7445693231963145
Tg_yr,mean,SSP1-2.6,Total inorg. due to permafrost thaw,Wetlands,2019,-0.21581866221867355,-0.21581866221867355
Tg_yr,mean,SSP1-2.6,Total inorg. due to permafrost thaw,Wetlands,2020,0.6621927730639566,0.6621927730639566
Tg_yr,mean,SSP1-2.6,Total inorg. due to permafrost thaw,Wetlands,2080,0.7306852789611077,0.7306852789611077
Tg_yr,mean,SSP1-2.6,Total inorg. due to permafrost thaw,Wetlands,2081,0.6940582455946079,0.6940582455946079
Tg_yr,mean,SSP1-2.6,Total inorg. due to permafrost thaw,Wetlands,2082,1.1213304544933844,1.1213304544933844
Tg_yr,mean,SSP1-2.6,Total inorg. due to permafrost thaw,Wetlands,2083,0.667168702692552,0.667168702692552
Tg_yr,mean,SSP1-2.6,Total inorg. due to permafrost thaw,Wetlands,2084,0.8565886313431478,0.8565886313431478
Tg_yr,mean,SSP1-2.6,Total inorg. due to permafrost thaw,Wetlands,2085,0.9859089874824468,0.9859089874824468
Tg_yr,mean,SSP1-2.6,Total inorg. due to permafrost thaw,Wetlands,2086,2.0318974274610353,2.0318974274610353
Tg_yr,mean,SSP1-2.6,Total inorg. due to permafrost thaw,Wetlands,2087,1.089755797579878,1.089755797579878
Tg_yr,mean,SSP1-2.6,Total inorg. due to permafrost thaw,Wetlands,2088,0.08462742018888468,0.08462742018888468
Tg_yr,mean,SSP1-2.6,Total inorg. due to permafrost thaw,Wetlands,2089,0.817087724406265,0.817087724406265
Tg_yr,mean,SSP1-2.6,Total inorg. due to permafrost thaw,Wetlands,2090,1.0402911214959962,1.0402911214959962
Tg_yr,mean,SSP1-2.6,Total inorg. due to permafrost thaw,Wetlands,2091,1.3138238474409067,1.3138238474409067
Tg_yr,mean,SSP1-2.6,Total inorg. due to permafrost thaw,Wetlands,2092,1.9157918923357404,1.9157918923357404
Tg_yr,mean,SSP1-2.6,Total inorg. due to permafrost thaw,Wetlands,2093,1.043305027431697,1.043305027431697
Tg_yr,mean,SSP1-2.6,Total inorg. due to permafrost thaw,Wetlands,2094,1.2500027071475313,1.2500027071475313
Tg_yr,mean,SSP1-2.6,Total inorg. due to permafrost thaw,Wetlands,2095,0.08055741678117675,0.08055741678117675
Tg_yr,mean,SSP1-2.6,Total inorg. due to permafrost thaw,Wetlands,2096,1.4675069009384607,1.4675069009384607
Tg_yr,mean,SSP1-2.6,Total inorg. due to permafrost thaw,Wetlands,2097,1.1181985286059544,1.1181985286059544
Tg_yr,mean,SSP1-2.6,Total inorg. due to permafrost thaw,Wetlands,2098,1.1252761540653449,1.1252761540653449
Tg_yr,mean,SSP1-2.6,Total inorg. due to permafrost thaw,Wetlands,2099,1.0471562223832125,1.0471562223832125
Tg_yr,mean,SSP1-2.6,Total inorg. due to permafrost thaw,Barren,2000,-0.4592369232800582,-0.4592369232800582
Tg_yr,mean,SSP1-2.6,Total inorg. due to permafrost thaw,Barren,2001,0.7216697968819638,0.7216697968819638
Tg_yr,mean,SSP1-2.6,Total inorg. due to permafrost thaw,Barren,2002,0.14392202240793683,0.14392202240793683
Tg_yr,mean,SSP1-2.6,Total inorg. due to permafrost thaw,Barren,2003,-0.5848832347507085,-0.5848832347507085
Tg_yr,mean,SSP1-2.6,Total inorg. due to permafrost thaw,Barren,2004,0.2926145558836876,0.2926145558836876
Tg_yr,mean,SSP1-2.6,Total inorg. due to permafrost thaw,Barren,2005,-0.12384503614556355,-0.12384503614556355
Tg_yr,mean,SSP1-2.6,Total inorg. due to permafrost thaw,Barren,2006,0.4262820425684662,0.4262820425684662
Tg_yr,mean,SSP1-2.6,Total inorg. due to permafrost thaw,Barren,2007,-0.3394317186569987,-0.3394317186569987
Tg_yr,mean,SSP1-2.6,Total inorg. due to permafrost thaw,Barren,2008,0.07892915402681908,0.07892915402681908
Tg_yr,mean,SSP1-2.6,Total inorg. due to permafrost thaw,Barren,2009,0.5666420448978112,0.5666420448978112
Tg_yr,mean,SSP1-2.6,Total inorg. due to permafrost thaw,Barren,2010,-0.46477610840735367,-0.46477610840735367
Tg_yr,mean,SSP1-2.6,Total inorg. due to permafrost thaw,Barren,2011,0.16212010783376857,0.16212010783376857
Tg_yr,mean,SSP1-2.6,Total inorg. due to permafrost thaw,Barren,2012,0.08576818803990761,0.08576818803990761
Tg_yr,mean,SSP1-2.6,Total inorg. due to permafrost thaw,Barren,2013,-0.26096721573925047,-0.26096721573925047
Tg_yr,mean,SSP1-2.6,Total inorg. due to permafrost thaw,Barren,2014,0.8354282908009709,0.8354282908009709
Tg_yr,mean,SSP1-2.6,Total inorg. due to permafrost thaw,Barren,2015,-0.6928316023403005,-0.6928316023403005
Tg_yr,mean,SSP1-2.6,Total inorg. due to permafrost thaw,Barren,2016,0.6028297419206953,0.6028297419206953
Tg_yr,mean,SSP1-2.6,Total inorg. due to permafrost thaw,Barren,2017,0.15240336851573896,0.15240336851573896
Tg_yr,mean,SSP1-2.6,Total inorg. due to permafrost thaw,Barren,2018,-0.14142889179357876,-0.14142889179357876
Tg_yr,mean,SSP1-2.6,Total inorg. due to permafrost thaw,Barren,2019,-0.024338285798562308,-0.024338285798562308
Tg_yr,mean,SSP1-2.6,Total inorg. due to permafrost thaw,Barren,2020,1.2052881587398516,1.2052881587398516
Tg_yr,mean,SSP1-2.6,Total inorg. due to permafrost thaw,Barren,2080,0.3230626233227338,0.3230626233227338
Tg_yr,mean,SSP1-2.6,Total inorg. due to permafrost thaw,Barren,2081,-0.5829056141890471,-0.5829056141890471
Tg_yr,mean,SSP1-2.6,Total inorg. due to permafrost thaw,Barren,2082,1.2413949079691455,1.2413949079691455
Tg_yr,mean,SSP1-2.6,Total inorg. due to permafrost thaw,Barren,2083,-0.644347809352291,-0.644347809352291
Tg_yr,mean,SSP1-2.6,Total inorg. due to permafrost thaw,Barren,2084,-0.2656571023726626,-0.2656571023726626
Tg_yr,mean,SSP1-2.6,Total inorg. due to permafrost thaw,Barren,2085,0.5087585511227546,0.5087585511227546
Tg_yr,mean,SSP1-2.6,Total inorg. due to permafrost thaw,Barren,2086,0.3555898300385094,0.3555898300385094
Tg_yr,mean,SSP1-2.6,Total inorg. due to permafrost thaw,Barren,2087,-0.17440611624386212,-0.17440611624386212
Tg_yr,mean,SSP1-2.6,Total inorg. due to permafrost thaw,Barren,2088,-0.08823814442200269,-0.08823814442200269
Tg_yr,mean,SSP1-2.6,Total inorg. due to permafrost thaw,Barren,2089,0.3013125770114239,0.3013125770114239
Tg_yr,mean,SSP1-2.6,Total inorg. due to permafrost thaw,Barren,2090,-0.03957147724174466,-0.03957147724174466
Tg_yr,mean,SSP1-2.6,Total inorg. due to permafrost thaw,Barren,2091,-0.35756376760879954,-0.35756376760879954
Tg_yr,mean,SSP1-2.6,Total inorg. due to permafrost thaw,Barren,2092,1.0032863742441607,1.0032863742441607
Tg_yr,mean,SSP1-2.6,Total inorg. due to permafrost thaw,Barren,2093,-0.7209200306679381,-0.7209200306679381
Tg_yr,mean,SSP1-2.6,Total inorg. due to permafrost thaw,Barren,2094,0.30658752671526707,0.30658752671526707
Tg_yr,mean,SSP1-2.6,Total inorg. due to permafrost thaw,Barren,2095,-0.037834537144375915,-0.037834537144375915
Tg_yr,mean,SSP1-2.6,Total inorg. due to permafrost thaw,Barren,2096,0.15920518482952156,0.15920518482952156
Tg_yr,mean,SSP1-2.6,Total inorg. due to permafrost thaw,Barren,2097,-0.012022467414317825,-0.012022467414317825
Tg_yr,mean,SSP1-2.6,Total inorg. due to permafrost thaw,Barren,2098,0.2547415139460544,0.2547415139460544
Tg_yr,mean,SSP1-2.6,Total inorg. due to permafrost thaw,Barren,2099,0.19356430987740242,0.19356430987740242
Tg_yr,mean,SSP1-2.6,Total inorg. due to permafrost thaw,Pan-Arctic,2000,-0.21070739623563364,-0.21070739623563364
Tg_yr,mean,SSP1-2.6,Total inorg. due to permafrost thaw,Pan-Arctic,2001,6.409677601888074,6.409677601888074
Tg_yr,mean,SSP1-2.6,Total inorg. due to permafrost thaw,Pan-Arctic,2002,1.1712618733531246,1.1712618733531246
Tg_yr,mean,SSP1-2.6,Total inorg. due to permafrost thaw,Pan-Arctic,2003,-3.879967677231652,-3.879967677231652
Tg_yr,mean,SSP1-2.6,Total inorg. due to permafrost thaw,Pan-Arctic,2004,8.685356113558518,8.685356113558518
Tg_yr,mean,SSP1-2.6,Total inorg. due to permafrost thaw,Pan-Arctic,2005,5.137365983982947,5.137365983982947
Tg_yr,mean,SSP1-2.6,Total inorg. due to permafrost thaw,Pan-Arctic,2006,4.763753965978211,4.763753965978211
Tg_yr,mean,SSP1-2.6,Total inorg. due to permafrost thaw,Pan-Arctic,2007,4.265306549239,4.265306549239
Tg_yr,mean,SSP1-2.6,Total inorg. due to permafrost thaw,Pan-Arctic,2008,7.725137849472179,7.725137849472179
Tg_yr,mean,SSP1-2.6,Total inorg. due to permafrost thaw,Pan-Arctic,2009,0.7827099255649418,0.7827099255649418
Tg_yr,mean,SSP1-2.6,Total inorg. due to permafrost thaw,Pan-Arctic,2010,1.4826588946275003,1.4826588946275003
Tg_yr,mean,SSP1-2.6,Total inorg. due to permafrost thaw,Pan-Arctic,2011,1.9623641454404739,1.9623641454404739
Tg_yr,mean,SSP1-2.6,Total inorg. due to permafrost thaw,Pan-Arctic,2012,5.865253048242897,5.865253048242897
Tg_yr,mean,SSP1-2.6,Total inorg. due to permafrost thaw,Pan-Arctic,2013,1.4184958283897076,1.4184958283897076
Tg_yr,mean,SSP1-2.6,Total inorg. due to permafrost thaw,Pan-Arctic,2014,14.971197013216948,14.971197013216948
Tg_yr,mean,SSP1-2.6,Total inorg. due to permafrost thaw,Pan-Arctic,2015,1.4377252184574048,1.4377252184574048
Tg_yr,mean,SSP1-2.6,Total inorg. due to permafrost thaw,Pan-Arctic,2016,3.252592661245589,3.252592661245589
Tg_yr,mean,SSP1-2.6,Total inorg. due to permafrost thaw,Pan-Arctic,2017,9.99792138294924,9.99792138294924
Tg_yr,mean,SSP1-2.6,Total inorg. due to permafrost thaw,Pan-Arctic,2018,6.146928064961586,6.146928064961586
Tg_yr,mean,SSP1-2.6,Total inorg. due to permafrost thaw,Pan-Arctic,2019,5.063966919190914,5.063966919190914
Tg_yr,mean,SSP1-2.6,Total inorg. due to permafrost thaw,Pan-Arctic,2020,9.512531005466206,9.512531005466206
Tg_yr,mean,SSP1-2.6,Total inorg. due to permafrost thaw,Pan-Arctic,2080,8.90269576292806,8.90269576292806
Tg_yr,mean,SSP1-2.6,Total inorg. due to permafrost thaw,Pan-Arctic,2081,4.650417321575325,4.650417321575325
Tg_yr,mean,SSP1-2.6,Total inorg. due to permafrost thaw,Pan-Arctic,2082,12.391718342398457,12.391718342398457
Tg_yr,mean,SSP1-2.6,Total inorg. due to permafrost thaw,Pan-Arctic,2083,7.56532396709813,7.56532396709813
Tg_yr,mean,SSP1-2.6,Total inorg. due to permafrost thaw,Pan-Arctic,2084,9.08638866985998,9.08638866985998
Tg_yr,mean,SSP1-2.6,Total inorg. due to permafrost thaw,Pan-Arctic,2085,8.915561428584999,8.915561428584999
Tg_yr,mean,SSP1-2.6,Total inorg. due to permafrost thaw,Pan-Arctic,2086,11.934788637593526,11.934788637593526
Tg_yr,mean,SSP1-2.6,Total inorg. due to permafrost thaw,Pan-Arctic,2087,9.010004828813226,9.010004828813226
Tg_yr,mean,SSP1-2.6,Total inorg. due to permafrost thaw,Pan-Arctic,2088,6.2213474699207,6.2213474699207
Tg_yr,mean,SSP1-2.6,Total inorg. due to permafrost thaw,Pan-Arctic,2089,11.223164709110234,11.223164709110234
Tg_yr,mean,SSP1-2.6,Total inorg. due to permafrost thaw,Pan-Arctic,2090,7.3570558015924465,7.3570558015924465
Tg_yr,mean,SSP1-2.6,Total inorg. due to permafrost thaw,Pan-Arctic,2091,7.396961363228186,7.396961363228186
Tg_yr,mean,SSP1-2.6,Total inorg. due to permafrost thaw,Pan-Arctic,2092,15.036410400162469,15.036410400162469
Tg_yr,mean,SSP1-2.6,Total inorg. due to permafrost thaw,Pan-Arctic,2093,2.75517048965699,2.75517048965699
Tg_yr,mean,SSP1-2.6,Total inorg. due to permafrost thaw,Pan-Arctic,2094,8.348273644193851,8.348273644193851
Tg_yr,mean,SSP1-2.6,Total inorg. due to permafrost thaw,Pan-Arctic,2095,9.648936107007465,9.648936107007465
Tg_yr,mean,SSP1-2.6,Total inorg. due to permafrost thaw,Pan-Arctic,2096,8.264170131528912,8.264170131528912
Tg_yr,mean,SSP1-2.6,Total inorg. due to permafrost thaw,Pan-Arctic,2097,7.4160577061339366,7.4160577061339366
Tg_yr,mean,SSP1-2.6,Total inorg. due to permafrost thaw,Pan-Arctic,2098,12.966126943987227,12.966126943987227
Tg_yr,mean,SSP1-2.6,Total inorg. due to permafrost thaw,Pan-Arctic,2099,8.155319187341908,8.155319187341908
Tg_yr,plus,SSP1-2.6,Total inorg. due to permafrost thaw,Taiga,2000,1.8176642394192979,1.8176642394192979
Tg_yr,plus,SSP1-2.6,Total inorg. due to permafrost thaw,Taiga,2001,4.514338529944566,4.514338529944566
Tg_yr,plus,SSP1-2.6,Total inorg. due to permafrost thaw,Taiga,2002,0.013476572759278877,0.013476572759278877
Tg_yr,plus,SSP1-2.6,Total inorg. due to permafrost thaw,Taiga,2003,1.0102749983199202,1.0102749983199202
Tg_yr,plus,SSP1-2.6,Total inorg. due to permafrost thaw,Taiga,2004,3.186000991825183,3.186000991825183
Tg_yr,plus,SSP1-2.6,Total inorg. due to permafrost thaw,Taiga,2005,2.204680870640922,2.204680870640922
Tg_yr,plus,SSP1-2.6,Total inorg. due to permafrost thaw,Taiga,2006,3.1189797600897697,3.1189797600897697
Tg_yr,plus,SSP1-2.6,Total inorg. due to permafrost thaw,Taiga,2007,2.901889101409957,2.901889101409957
Tg_yr,plus,SSP1-2.6,Total inorg. due to permafrost thaw,Taiga,2008,3.099678860890245,3.099678860890245
Tg_yr,plus,SSP1-2.6,Total inorg. due to permafrost thaw,Taiga,2009,0.7769276366668059,0.7769276366668059
Tg_yr,plus,SSP1-2.6,Total inorg. due to permafrost thaw,Taiga,2010,3.4508246982002317,3.4508246982002317
Tg_yr,plus,SSP1-2.6,Total inorg. due to permafrost thaw,Taiga,2011,0.7653239199063738,0.7653239199063738
Tg_yr,plus,SSP1-2.6,Total inorg. due to permafrost thaw,Taiga,2012,1.4788126600796727,1.4788126600796727
Tg_yr,plus,SSP1-2.6,Total inorg. due to permafrost thaw,Taiga,2013,1.2280876431205696,1.2280876431205696
Tg_yr,plus,SSP1-2.6,Total inorg. due to permafrost thaw,Taiga,2014,6.9154261372427275,6.9154261372427275
Tg_yr,plus,SSP1-2.6,Total inorg. due to permafrost thaw,Taiga,2015,2.3087294323430605,2.3087294323430605
Tg_yr,plus,SSP1-2.6,Total inorg. due to permafrost thaw,Taiga,2016,1.7574743038617795,1.7574743038617795
Tg_yr,plus,SSP1-2.6,Total inorg. due to permafrost thaw,Taiga,2017,6.082725617070933,6.082725617070933
Tg_yr,plus,SSP1-2.6,Total inorg. due to permafrost thaw,Taiga,2018,1.697395338637576,1.697395338637576
Tg_yr,plus,SSP1-2.6,Total inorg. due to permafrost thaw,Taiga,2019,4.725958700745161,4.725958700745161
Tg_yr,plus,SSP1-2.6,Total inorg. due to permafrost thaw,Taiga,2020,2.679493198227349,2.679493198227349
Tg_yr,plus,SSP1-2.6,Total inorg. due to permafrost thaw,Taiga,2080,5.160123154180394,5.160123154180394
Tg_yr,plus,SSP1-2.6,Total inorg. due to permafrost thaw,Taiga,2081,4.0457415445367975,4.0457415445367975
Tg_yr,plus,SSP1-2.6,Total inorg. due to permafrost thaw,Taiga,2082,5.643684702572939,5.643684702572939
Tg_yr,plus,SSP1-2.6,Total inorg. due to permafrost thaw,Taiga,2083,4.485829616570179,4.485829616570179
Tg_yr,plus,SSP1-2.6,Total inorg. due to permafrost thaw,Taiga,2084,5.424797944827723,5.424797944827723
Tg_yr,plus,SSP1-2.6,Total inorg. due to permafrost thaw,Taiga,2085,5.892678037765471,5.892678037765471
Tg_yr,plus,SSP1-2.6,Total inorg. due to permafrost thaw,Taiga,2086,5.294473688557068,5.294473688557068
Tg_yr,plus,SSP1-2.6,Total inorg. due to permafrost thaw,Taiga,2087,5.215547682945276,5.215547682945276
Tg_yr,plus,SSP1-2.6,Total inorg. due to permafrost thaw,Taiga,2088,4.870419643012547,4.870419643012547
Tg_yr,plus,SSP1-2.6,Total inorg. due to permafrost thaw,Taiga,2089,5.414207094122125,5.414207094122125
Tg_yr,plus,SSP1-2.6,Total inorg. due to permafrost thaw,Taiga,2090,5.47015812586446,5.47015812586446
Tg_yr,plus,SSP1-2.6,Total inorg. due to permafrost thaw,Taiga,2091,4.825234629108698,4.825234629108698
Tg_yr,plus,SSP1-2.6,Total inorg. due to permafrost thaw,Taiga,2092,5.204671160797907,5.204671160797907
Tg_yr,plus,SSP1-2.6,Total inorg. due to permafrost thaw,Taiga,2093,4.268796189121855,4.268796189121855
Tg_yr,plus,SSP1-2.6,Total inorg. due to permafrost thaw,Taiga,2094,5.749395315879763,5.749395315879763
Tg_yr,plus,SSP1-2.6,Total inorg. due to permafrost thaw,Taiga,2095,3.9869245355047425,3.9869245355047425
Tg_yr,plus,SSP1-2.6,Total inorg. due to permafrost thaw,Taiga,2096,5.068104690162181,5.068104690162181
Tg_yr,plus,SSP1-2.6,Total inorg. due to permafrost thaw,Taiga,2097,4.137474514802263,4.137474514802263
Tg_yr,plus,SSP1-2.6,Total inorg. due to permafrost thaw,Taiga,2098,6.27656759222725,6.27656759222725
Tg_yr,plus,SSP1-2.6,Total inorg. due to permafrost thaw,Taiga,2099,4.188444784401035,4.188444784401035
Tg_yr,plus,SSP1-2.6,Total inorg. due to permafrost thaw,Tundra,2000,-1.66417648860637,-1.66417648860637
Tg_yr,plus,SSP1-2.6,Total inorg. due to permafrost thaw,Tundra,2001,3.3917784498148267,3.3917784498148267
Tg_yr,plus,SSP1-2.6,Total inorg. due to permafrost thaw,Tundra,2002,-1.5973132194162254,-1.5973132194162254
Tg_yr,plus,SSP1-2.6,Total inorg. due to permafrost thaw,Tundra,2003,-4.005287167706084,-4.005287167706084
Tg_yr,plus,SSP1-2.6,Total inorg. due to permafrost thaw,Tundra,2004,7.658758443832383,7.658758443832383
Tg_yr,plus,SSP1-2.6,Total inorg. due to permafrost thaw,Tundra,2005,2.413193491514117,2.413193491514117
Tg_yr,plus,SSP1-2.6,Total inorg. due to permafrost thaw,Tundra,2006,3.1013474309838425,3.1013474309838425
Tg_yr,plus,SSP1-2.6,Total inorg. due to permafrost thaw,Tundra,2007,6.0427103979297305,6.0427103979297305
Tg_yr,plus,SSP1-2.6,Total inorg. due to permafrost thaw,Tundra,2008,5.3401850836436076,5.3401850836436076
Tg_yr,plus,SSP1-2.6,Total inorg. due to permafrost thaw,Tundra,2009,-0.5550141159939761,-0.5550141159939761
Tg_yr,plus,SSP1-2.6,Total inorg. due to permafrost thaw,Tundra,2010,-4.92514051466164,-4.92514051466164
Tg_yr,plus,SSP1-2.6,Total inorg. due to permafrost thaw,Tundra,2011,2.9381036051915572,2.9381036051915572
Tg_yr,plus,SSP1-2.6,Total inorg. due to permafrost thaw,Tundra,2012,6.1585180673039535,6.1585180673039535
Tg_yr,plus,SSP1-2.6,Total inorg. due to permafrost thaw,Tundra,2013,-0.8736387998648865,-0.8736387998648865
Tg_yr,plus,SSP1-2.6,Total inorg. due to permafrost thaw,Tundra,2014,12.355890922397476,12.355890922397476
Tg_yr,plus,SSP1-2.6,Total inorg. due to permafrost thaw,Tundra,2015,-2.422033828066456,-2.422033828066456
Tg_yr,plus,SSP1-2.6,Total inorg. due to permafrost thaw,Tundra,2016,1.3671077951011232,1.3671077951011232
Tg_yr,plus,SSP1-2.6,Total inorg. due to permafrost thaw,Tundra,2017,7.1893060208874555,7.1893060208874555
Tg_yr,plus,SSP1-2.6,Total inorg. due to permafrost thaw,Tundra,2018,6.376672773621854,6.376672773621854
Tg_yr,plus,SSP1-2.6,Total inorg. due to permafrost thaw,Tundra,2019,0.31848525256084115,0.31848525256084115
Tg_yr,plus,SSP1-2.6,Total inorg. due to permafrost thaw,Tundra,2020,6.794684676920463,6.794684676920463
Tg_yr,plus,SSP1-2.6,Total inorg. due to permafrost thaw,Tundra,2080,4.085923241820927,4.085923241820927
Tg_yr,plus,SSP1-2.6,Total inorg. due to permafrost thaw,Tundra,2081,1.6015940609915014,1.6015940609915014
Tg_yr,plus,SSP1-2.6,Total inorg. due to permafrost thaw,Tundra,2082,5.551714944481821,5.551714944481821
Tg_yr,plus,SSP1-2.6,Total inorg. due to permafrost thaw,Tundra,2083,5.364340496554703,5.364340496554703
Tg_yr,plus,SSP1-2.6,Total inorg. due to permafrost thaw,Tundra,2084,4.782068790946195,4.782068790946195
Tg_yr,plus,SSP1-2.6,Total inorg. due to permafrost thaw,Tundra,2085,5.658088252256915,5.658088252256915
Tg_yr,plus,SSP1-2.6,Total inorg. due to permafrost thaw,Tundra,2086,4.8818781900786234,4.8818781900786234
Tg_yr,plus,SSP1-2.6,Total inorg. due to permafrost thaw,Tundra,2087,5.9582171111394695,5.9582171111394695
Tg_yr,plus,SSP1-2.6,Total inorg. due to permafrost thaw,Tundra,2088,3.4778421357188662,3.4778421357188662
Tg_yr,plus,SSP1-2.6,Total inorg. due to permafrost thaw,Tundra,2089,7.604694707978797,7.604694707978797
Tg_yr,plus,SSP1-2.6,Total inorg. due to permafrost thaw,Tundra,2090,-0.07373955602691319,-0.07373955602691319
Tg_yr,plus,SSP1-2.6,Total inorg. due to permafrost thaw,Tundra,2091,4.213972969185663,4.213972969185663
Tg_yr,plus,SSP1-2.6,Total inorg. due to permafrost thaw,Tundra,2092,9.712034684069625,9.712034684069625
Tg_yr,plus,SSP1-2.6,Total inorg. due to permafrost thaw,Tundra,2093,-1.7448343840681972,-1.7448343840681972
Tg_yr,plus,SSP1-2.6,Total inorg. due to permafrost thaw,Tundra,2094,4.129648837902932,4.129648837902932
Tg_yr,plus,SSP1-2.6,Total inorg. due to permafrost thaw,Tundra,2095,6.71971239332313,6.71971239332313
Tg_yr,plus,SSP1-2.6,Total inorg. due to permafrost thaw,Tundra,2096,5.137898095524139,5.137898095524139
Tg_yr,plus,SSP1-2.6,Total inorg. due to permafrost thaw,Tundra,2097,2.9625372948345845,2.9625372948345845
Tg_yr,plus,SSP1-2.6,Total inorg. due to permafrost thaw,Tundra,2098,6.212553167860259,6.212553167860259
Tg_yr,plus,SSP1-2.6,Total inorg. due to permafrost thaw,Tundra,2099,5.321874483024477,5.321874483024477
Tg_yr,plus,SSP1-2.6,Total inorg. due to permafrost thaw,Wetlands,2000,-0.19577198565067877,-0.19577198565067877
Tg_yr,plus,SSP1-2.6,Total inorg. due to permafrost thaw,Wetlands,2001,0.4030190699330078,0.4030190699330078
Tg_yr,plus,SSP1-2.6,Total inorg. due to permafrost thaw,Wetlands,2002,-0.13942221472407443,-0.13942221472407443
Tg_yr,plus,SSP1-2.6,Total inorg. due to permafrost thaw,Wetlands,2003,-0.4937837747368795,-0.4937837747368795
Tg_yr,plus,SSP1-2.6,Total inorg. due to permafrost thaw,Wetlands,2004,0.7721925291966765,0.7721925291966765
Tg_yr,plus,SSP1-2.6,Total inorg. due to permafrost thaw,Wetlands,2005,0.5614599503857332,0.5614599503857332
Tg_yr,plus,SSP1-2.6,Total inorg. due to permafrost thaw,Wetlands,2006,0.9828559399792465,0.9828559399792465
Tg_yr,plus,SSP1-2.6,Total inorg. due to permafrost thaw,Wetlands,2007,0.33546317142135984,0.33546317142135984
Tg_yr,plus,SSP1-2.6,Total inorg. due to permafrost thaw,Wetlands,2008,0.3419207372053544,0.3419207372053544
Tg_yr,plus,SSP1-2.6,Total inorg. due to permafrost thaw,Wetlands,2009,0.05142787985001867,0.05142787985001867
Tg_yr,plus,SSP1-2.6,Total inorg. due to permafrost thaw,Wetlands,2010,0.7030568906919339,0.7030568906919339
Tg_yr,plus,SSP1-2.6,Total inorg. due to permafrost thaw,Wetlands,2011,-0.036108732875726544,-0.036108732875726544
Tg_yr,plus,SSP1-2.6,Total inorg. due to permafrost thaw,Wetlands,2012,1.3164274883310298,1.3164274883310298
Tg_yr,plus,SSP1-2.6,Total inorg. due to permafrost thaw,Wetlands,2013,-0.5712347802408514,-0.5712347802408514
Tg_yr,plus,SSP1-2.6,Total inorg. due to permafrost thaw,Wetlands,2014,1.14502612508253,1.14502612508253
Tg_yr,plus,SSP1-2.6,Total inorg. due to permafrost thaw,Wetlands,2015,1.787513527147167,1.787513527147167
Tg_yr,plus,SSP1-2.6,Total inorg. due to permafrost thaw,Wetlands,2016,-1.3236202210162702,-1.3236202210162702
Tg_yr,plus,SSP1-2.6,Total inorg. due to permafrost thaw,Wetlands,2017,1.7170385611229604,1.7170385611229604
Tg_yr,plus,SSP1-2.6,Total inorg. due to permafrost thaw,Wetlands,2018,0.7851901283756768,0.7851901283756768
Tg_yr,plus,SSP1-2.6,Total inorg. due to permafrost thaw,Wetlands,2019,-0.7363592075865247,-0.7363592075865247
Tg_yr,plus,SSP1-2.6,Total inorg. due to permafrost thaw,Wetlands,2020,0.6293929415368994,0.6293929415368994
Tg_yr,plus,SSP1-2.6,Total inorg. due to permafrost thaw,Wetlands,2080,0.8770244434034601,0.8770244434034601
Tg_yr,plus,SSP1-2.6,Total inorg. due to permafrost thaw,Wetlands,2081,0.5556117996187516,0.5556117996187516
Tg_yr,plus,SSP1-2.6,Total inorg. due to permafrost thaw,Wetlands,2082,1.2222931844387432,1.2222931844387432
Tg_yr,plus,SSP1-2.6,Total inorg. due to permafrost thaw,Wetlands,2083,0.7895925595491086,0.7895925595491086
Tg_yr,plus,SSP1-2.6,Total inorg. due to permafrost thaw,Wetlands,2084,0.9898813262226017,0.9898813262226017
Tg_yr,plus,SSP1-2.6,Total inorg. due to permafrost thaw,Wetlands,2085,1.2364500737253328,1.2364500737253328
Tg_yr,plus,SSP1-2.6,Total inorg. due to permafrost thaw,Wetlands,2086,2.7218056647505238,2.7218056647505238
Tg_yr,plus,SSP1-2.6,Total inorg. due to permafrost thaw,Wetlands,2087,1.318089823107816,1.318089823107816
Tg_yr,plus,SSP1-2.6,Total inorg. due to permafrost thaw,Wetlands,2088,-0.41444503419681766,-0.41444503419681766
Tg_yr,plus,SSP1-2.6,Total inorg. due to permafrost thaw,Wetlands,2089,0.9489794486072823,0.9489794486072823
Tg_yr,plus,SSP1-2.6,Total inorg. due to permafrost thaw,Wetlands,2090,1.104412039559722,1.104412039559722
Tg_yr,plus,SSP1-2.6,Total inorg. due to permafrost thaw,Wetlands,2091,1.6078503351743976,1.6078503351743976
Tg_yr,plus,SSP1-2.6,Total inorg. due to permafrost thaw,Wetlands,2092,2.406261727421964,2.406261727421964
Tg_yr,plus,SSP1-2.6,Total inorg. due to permafrost thaw,Wetlands,2093,1.0915776593751028,1.0915776593751028
Tg_yr,plus,SSP1-2.6,Total inorg. due to permafrost thaw,Wetlands,2094,1.3220822308834013,1.3220822308834013
Tg_yr,plus,SSP1-2.6,Total inorg. due to permafrost thaw,Wetlands,2095,-0.1720979039944658,-0.1720979039944658
Tg_yr,plus,SSP1-2.6,Total inorg. due to permafrost thaw,Wetlands,2096,1.914462709582431,1.914462709582431
Tg_yr,plus,SSP1-2.6,Total inorg. due to permafrost thaw,Wetlands,2097,1.4147672318041413,1.4147672318041413
Tg_yr,plus,SSP1-2.6,Total inorg. due to permafrost thaw,Wetlands,2098,1.264809707911232,1.264809707911232
Tg_yr,plus,SSP1-2.6,Total inorg. due to permafrost thaw,Wetlands,2099,1.2711799526296654,1.2711799526296654
Tg_yr,plus,SSP1-2.6,Total inorg. due to permafrost thaw,Barren,2000,-0.5307590902207768,-0.5307590902207768
Tg_yr,plus,SSP1-2.6,Total inorg. due to permafrost thaw,Barren,2001,0.9057295922781112,0.9057295922781112
Tg_yr,plus,SSP1-2.6,Total inorg. due to permafrost thaw,Barren,2002,0.47517766601389916,0.47517766601389916
Tg_yr,plus,SSP1-2.6,Total inorg. due to permafrost thaw,Barren,2003,-0.9666353921288369,-0.9666353921288369
Tg_yr,plus,SSP1-2.6,Total inorg. due to permafrost thaw,Barren,2004,0.35879771224715296,0.35879771224715296
Tg_yr,plus,SSP1-2.6,Total inorg. due to permafrost thaw,Barren,2005,-0.34503400499257736,-0.34503400499257736
Tg_yr,plus,SSP1-2.6,Total inorg. due to permafrost thaw,Barren,2006,0.8190114868229137,0.8190114868229137
Tg_yr,plus,SSP1-2.6,Total inorg. due to permafrost thaw,Barren,2007,-0.4088215796757631,-0.4088215796757631
Tg_yr,plus,SSP1-2.6,Total inorg. due to permafrost thaw,Barren,2008,0.10253859351560515,0.10253859351560515
Tg_yr,plus,SSP1-2.6,Total inorg. due to permafrost thaw,Barren,2009,0.5412746424531011,0.5412746424531011
Tg_yr,plus,SSP1-2.6,Total inorg. due to permafrost thaw,Barren,2010,-0.8361602393819682,-0.8361602393819682
Tg_yr,plus,SSP1-2.6,Total inorg. due to permafrost thaw,Barren,2011,0.44819722476222235,0.44819722476222235
Tg_yr,plus,SSP1-2.6,Total inorg. due to permafrost thaw,Barren,2012,-0.0329913037342114,-0.0329913037342114
Tg_yr,plus,SSP1-2.6,Total inorg. due to permafrost thaw,Barren,2013,-0.054898990824831614,-0.054898990824831614
Tg_yr,plus,SSP1-2.6,Total inorg. due to permafrost thaw,Barren,2014,1.0440408953131872,1.0440408953131872
Tg_yr,plus,SSP1-2.6,Total inorg. due to permafrost thaw,Barren,2015,-0.9021306794643033,-0.9021306794643033
Tg_yr,plus,SSP1-2.6,Total inorg. due to permafrost thaw,Barren,2016,0.3896868426961897,0.3896868426961897
Tg_yr,plus,SSP1-2.6,Total inorg. due to permafrost thaw,Barren,2017,0.47996684389007777,0.47996684389007777
Tg_yr,plus,SSP1-2.6,Total inorg. due to permafrost thaw,Barren,2018,-0.1691620494533505,-0.1691620494533505
Tg_yr,plus,SSP1-2.6,Total inorg. due to permafrost thaw,Barren,2019,-0.5458623944486151,-0.5458623944486151
Tg_yr,plus,SSP1-2.6,Total inorg. due to permafrost thaw,Barren,2020,1.9411011041948512,1.9411011041948512
Tg_yr,plus,SSP1-2.6,Total inorg. due to permafrost thaw,Barren,2080,0.3579504175927175,0.3579504175927175
Tg_yr,plus,SSP1-2.6,Total inorg. due to permafrost thaw,Barren,2081,-0.635600003855302,-0.635600003855302
Tg_yr,plus,SSP1-2.6,Total inorg. due to permafrost thaw,Barren,2082,1.7476941328905966,1.7476941328905966
Tg_yr,plus,SSP1-2.6,Total inorg. due to permafrost thaw,Barren,2083,-1.1354725434195134,-1.1354725434195134
Tg_yr,plus,SSP1-2.6,Total inorg. due to permafrost thaw,Barren,2084,-0.3094767112306303,-0.3094767112306303
Tg_yr,plus,SSP1-2.6,Total inorg. due to permafrost thaw,Barren,2085,0.8067271044677286,0.8067271044677286
Tg_yr,plus,SSP1-2.6,Total inorg. due to permafrost thaw,Barren,2086,0.23715387869948248,0.23715387869948248
Tg_yr,plus,SSP1-2.6,Total inorg. due to permafrost thaw,Barren,2087,-0.1260932831210222,-0.1260932831210222
Tg_yr,plus,SSP1-2.6,Total inorg. due to permafrost thaw,Barren,2088,0.13341230804496884,0.13341230804496884
Tg_yr,plus,SSP1-2.6,Total inorg. due to permafrost thaw,Barren,2089,0.5152400802942686,0.5152400802942686
Tg_yr,plus,SSP1-2.6,Total inorg. due to permafrost thaw,Barren,2090,-0.25484266763268915,-0.25484266763268915
Tg_yr,plus,SSP1-2.6,Total inorg. due to permafrost thaw,Barren,2091,-0.6179419385059144,-0.6179419385059144
Tg_yr,plus,SSP1-2.6,Total inorg. due to permafrost thaw,Barren,2092,1.1230566773401502,1.1230566773401502
Tg_yr,plus,SSP1-2.6,Total inorg. due to permafrost thaw,Barren,2093,-1.057814050804021,-1.057814050804021
Tg_yr,plus,SSP1-2.6,Total inorg. due to permafrost thaw,Barren,2094,0.2496885807103438,0.2496885807103438
Tg_yr,plus,SSP1-2.6,Total inorg. due to permafrost thaw,Barren,2095,0.17398799201473117,0.17398799201473117
Tg_yr,plus,SSP1-2.6,Total inorg. due to permafrost thaw,Barren,2096,0.17121772383760678,0.17121772383760678
Tg_yr,plus,SSP1-2.6,Total inorg. due to permafrost thaw,Barren,2097,-0.1163845120883567,-0.1163845120883567
Tg_yr,plus,SSP1-2.6,Total inorg. due to permafrost thaw,Barren,2098,0.2873321169878929,0.2873321169878929
Tg_yr,plus,SSP1-2.6,Total inorg. due to permafrost thaw,Barren,2099,0.39316670563583317,0.39316670563583317
Tg_yr,plus,SSP1-2.6,Total inorg. due to permafrost thaw,Pan-Arctic,2000,-0.5730433250585276,-0.5730433250585276
Tg_yr,plus,SSP1-2.6,Total inorg. due to permafrost thaw,Pan-Arctic,2001,9.214865641970512,9.214865641970512
Tg_yr,plus,SSP1-2.6,Total inorg. due to permafrost thaw,Pan-Arctic,2002,-1.2480811953671218,-1.2480811953671218
Tg_yr,plus,SSP1-2.6,Total inorg. due to permafrost thaw,Pan-Arctic,2003,-4.45543133625188,-4.45543133625188
Tg_yr,plus,SSP1-2.6,Total inorg. due to permafrost thaw,Pan-Arctic,2004,11.975749677101394,11.975749677101394
Tg_yr,plus,SSP1-2.6,Total inorg. due to permafrost thaw,Pan-Arctic,2005,4.834300307548196,4.834300307548196
Tg_yr,plus,SSP1-2.6,Total inorg. due to permafrost thaw,Pan-Arctic,2006,8.02219461787577,8.02219461787577
Tg_yr,plus,SSP1-2.6,Total inorg. due to permafrost thaw,Pan-Arctic,2007,8.871241091085285,8.871241091085285
Tg_yr,plus,SSP1-2.6,Total inorg. due to permafrost thaw,Pan-Arctic,2008,8.884323275254813,8.884323275254813
Tg_yr,plus,SSP1-2.6,Total inorg. due to permafrost thaw,Pan-Arctic,2009,0.8146160429759496,0.8146160429759496
Tg_yr,plus,SSP1-2.6,Total inorg. due to permafrost thaw,Pan-Arctic,2010,-1.607419165151443,-1.607419165151443
Tg_yr,plus,SSP1-2.6,Total inorg. due to permafrost thaw,Pan-Arctic,2011,4.115516016984427,4.115516016984427
Tg_yr,plus,SSP1-2.6,Total inorg. due to permafrost thaw,Pan-Arctic,2012,8.920766911980444,8.920766911980444
Tg_yr,plus,SSP1-2.6,Total inorg. due to permafrost thaw,Pan-Arctic,2013,-0.2716849278099999,-0.2716849278099999
Tg_yr,plus,SSP1-2.6,Total inorg. due to permafrost thaw,Pan-Arctic,2014,21.460384080035922,21.460384080035922
Tg_yr,plus,SSP1-2.6,Total inorg. due to permafrost thaw,Pan-Arctic,2015,0.7720784519594682,0.7720784519594682
Tg_yr,plus,SSP1-2.6,Total inorg. due to permafrost thaw,Pan-Arctic,2016,2.1906487206428222,2.1906487206428222
Tg_yr,plus,SSP1-2.6,Total inorg. due to permafrost thaw,Pan-Arctic,2017,15.469037042971426,15.469037042971426
Tg_yr,plus,SSP1-2.6,Total inorg. due to permafrost thaw,Pan-Arctic,2018,8.690096191181755,8.690096191181755
Tg_yr,plus,SSP1-2.6,Total inorg. due to permafrost thaw,Pan-Arctic,2019,3.762222351270862,3.762222351270862
Tg_yr,plus,SSP1-2.6,Total inorg. due to permafrost thaw,Pan-Arctic,2020,12.044671920879562,12.044671920879562
Tg_yr,plus,SSP1-2.6,Total inorg. due to permafrost thaw,Pan-Arctic,2080,10.4810212569975,10.4810212569975
Tg_yr,plus,SSP1-2.6,Total inorg. due to permafrost thaw,Pan-Arctic,2081,5.567347401291749,5.567347401291749
Tg_yr,plus,SSP1-2.6,Total inorg. due to permafrost thaw,Pan-Arctic,2082,14.1653869643841,14.1653869643841
Tg_yr,plus,SSP1-2.6,Total inorg. due to permafrost thaw,Pan-Arctic,2083,9.504290129254477,9.504290129254477
Tg_yr,plus,SSP1-2.6,Total inorg. due to permafrost thaw,Pan-Arctic,2084,10.88727135076589,10.88727135076589
Tg_yr,plus,SSP1-2.6,Total inorg. due to permafrost thaw,Pan-Arctic,2085,13.593943468215448,13.593943468215448
Tg_yr,plus,SSP1-2.6,Total inorg. due to permafrost thaw,Pan-Arctic,2086,13.135311422085698,13.135311422085698
Tg_yr,plus,SSP1-2.6,Total inorg. due to permafrost thaw,Pan-Arctic,2087,12.36576133407154,12.36576133407154
Tg_yr,plus,SSP1-2.6,Total inorg. due to permafrost thaw,Pan-Arctic,2088,8.067229052579565,8.067229052579565
Tg_yr,plus,SSP1-2.6,Total inorg. due to permafrost thaw,Pan-Arctic,2089,14.483121331002472,14.483121331002472
Tg_yr,plus,SSP1-2.6,Total inorg. due to permafrost thaw,Pan-Arctic,2090,6.245987941764579,6.245987941764579
Tg_yr,plus,SSP1-2.6,Total inorg. due to permafrost thaw,Pan-Arctic,2091,10.029115994962844,10.029115994962844
Tg_yr,plus,SSP1-2.6,Total inorg. due to permafrost thaw,Pan-Arctic,2092,18.446024249629648,18.446024249629648
Tg_yr,plus,SSP1-2.6,Total inorg. due to permafrost thaw,Pan-Arctic,2093,2.5577254136247394,2.5577254136247394
Tg_yr,plus,SSP1-2.6,Total inorg. due to permafrost thaw,Pan-Arctic,2094,11.45081496537644,11.45081496537644
Tg_yr,plus,SSP1-2.6,Total inorg. due to permafrost thaw,Pan-Arctic,2095,10.708527016848139,10.708527016848139
Tg_yr,plus,SSP1-2.6,Total inorg. due to permafrost thaw,Pan-Arctic,2096,12.291683219106357,12.291683219106357
Tg_yr,plus,SSP1-2.6,Total inorg. due to permafrost thaw,Pan-Arctic,2097,8.398394529352633,8.398394529352633
Tg_yr,plus,SSP1-2.6,Total inorg. due to permafrost thaw,Pan-Arctic,2098,14.041262584986633,14.041262584986633
Tg_yr,plus,SSP1-2.6,Total inorg. due to permafrost thaw,Pan-Arctic,2099,11.17466592569101,11.17466592569101
Tg_yr,minus,SSP1-2.6,Total inorg. due to permafrost thaw,Taiga,2000,1.5941125407325973,1.5941125407325973
Tg_yr,minus,SSP1-2.6,Total inorg. due to permafrost thaw,Taiga,2001,0.21733688206857799,0.21733688206857799
Tg_yr,minus,SSP1-2.6,Total inorg. due to permafrost thaw,Taiga,2002,2.690690875709058,2.690690875709058
Tg_yr,minus,SSP1-2.6,Total inorg. due to permafrost thaw,Taiga,2003,0.34848589579889416,0.34848589579889416
Tg_yr,minus,SSP1-2.6,Total inorg. due to permafrost thaw,Taiga,2004,1.8210547950455849,1.8210547950455849
Tg_yr,minus,SSP1-2.6,Total inorg. due to permafrost thaw,Taiga,2005,1.7149700655510935,1.7149700655510935
Tg_yr,minus,SSP1-2.6,Total inorg. due to permafrost thaw,Taiga,2006,1.9955235905671582,1.9955235905671582
Tg_yr,minus,SSP1-2.6,Total inorg. due to permafrost thaw,Taiga,2007,0.15586795835773565,0.15586795835773565
Tg_yr,minus,SSP1-2.6,Total inorg. due to permafrost thaw,Taiga,2008,3.2703810338050983,3.2703810338050983
Tg_yr,minus,SSP1-2.6,Total inorg. due to permafrost thaw,Taiga,2009,-1.3818510219533313,-1.3818510219533313
Tg_yr,minus,SSP1-2.6,Total inorg. due to permafrost thaw,Taiga,2010,3.2163684901764893,3.2163684901764893
Tg_yr,minus,SSP1-2.6,Total inorg. due to permafrost thaw,Taiga,2011,0.425098167802391,0.425098167802391
Tg_yr,minus,SSP1-2.6,Total inorg. due to permafrost thaw,Taiga,2012,-0.6168603919164181,-0.6168603919164181
Tg_yr,minus,SSP1-2.6,Total inorg. due to permafrost thaw,Taiga,2013,2.3729353273119966,2.3729353273119966
Tg_yr,minus,SSP1-2.6,Total inorg. due to permafrost thaw,Taiga,2014,3.76224470258051,3.76224470258051
Tg_yr,minus,SSP1-2.6,Total inorg. due to permafrost thaw,Taiga,2015,0.8601782968099949,0.8601782968099949
Tg_yr,minus,SSP1-2.6,Total inorg. due to permafrost thaw,Taiga,2016,1.7287464451043402,1.7287464451043402
Tg_yr,minus,SSP1-2.6,Total inorg. due to permafrost thaw,Taiga,2017,3.172832773844483,3.172832773844483
Tg_yr,minus,SSP1-2.6,Total inorg. due to permafrost thaw,Taiga,2018,0.9003196248398578,0.9003196248398578
Tg_yr,minus,SSP1-2.6,Total inorg. due to permafrost thaw,Taiga,2019,3.8382209360868162,3.8382209360868162
Tg_yr,minus,SSP1-2.6,Total inorg. due to permafrost thaw,Taiga,2020,2.2129378523348358,2.2129378523348358
Tg_yr,minus,SSP1-2.6,Total inorg. due to permafrost thaw,Taiga,2080,3.1652203185670142,3.1652203185670142
Tg_yr,minus,SSP1-2.6,Total inorg. due to permafrost thaw,Taiga,2081,3.3375067078235805,3.3375067078235805
Tg_yr,minus,SSP1-2.6,Total inorg. due to permafrost thaw,Taiga,2082,4.237583593850133,4.237583593850133
Tg_yr,minus,SSP1-2.6,Total inorg. due to permafrost thaw,Taiga,2083,2.5220420477246654,2.5220420477246654
Tg_yr,minus,SSP1-2.6,Total inorg. due to permafrost thaw,Taiga,2084,3.9937946783829363,3.9937946783829363
Tg_yr,minus,SSP1-2.6,Total inorg. due to permafrost thaw,Taiga,2085,4.009032590540643,4.009032590540643
Tg_yr,minus,SSP1-2.6,Total inorg. due to permafrost thaw,Taiga,2086,3.9986682298731187,3.9986682298731187
Tg_yr,minus,SSP1-2.6,Total inorg. due to permafrost thaw,Taiga,2087,3.1759983232932627,3.1759983232932627
Tg_yr,minus,SSP1-2.6,Total inorg. due to permafrost thaw,Taiga,2088,3.95732659630213,3.95732659630213
Tg_yr,minus,SSP1-2.6,Total inorg. due to permafrost thaw,Taiga,2089,3.2243592753374593,3.2243592753374593
Tg_yr,minus,SSP1-2.6,Total inorg. due to permafrost thaw,Taiga,2090,3.933070539831264,3.933070539831264
Tg_yr,minus,SSP1-2.6,Total inorg. due to permafrost thaw,Taiga,2091,3.3079664870723295,3.3079664870723295
Tg_yr,minus,SSP1-2.6,Total inorg. due to permafrost thaw,Taiga,2092,4.044999397533536,4.044999397533536
Tg_yr,minus,SSP1-2.6,Total inorg. due to permafrost thaw,Taiga,2093,3.309186242199254,3.309186242199254
Tg_yr,minus,SSP1-2.6,Total inorg. due to permafrost thaw,Taiga,2094,3.5525193740163123,3.5525193740163123
Tg_yr,minus,SSP1-2.6,Total inorg. due to permafrost thaw,Taiga,2095,3.572694168521425,3.572694168521425
Tg_yr,minus,SSP1-2.6,Total inorg. due to permafrost thaw,Taiga,2096,3.2033731510855366,3.2033731510855366
Tg_yr,minus,SSP1-2.6,Total inorg. due to permafrost thaw,Taiga,2097,3.887626348609851,3.887626348609851
Tg_yr,minus,SSP1-2.6,Total inorg. due to permafrost thaw,Taiga,2098,5.392832274027287,5.392832274027287
Tg_yr,minus,SSP1-2.6,Total inorg. due to permafrost thaw,Taiga,2099,3.4184161194628753,3.4184161194628753
Tg_yr,minus,SSP1-2.6,Total inorg. due to permafrost thaw,Tundra,2000,-1.730084472781029,-1.730084472781029
Tg_yr,minus,SSP1-2.6,Total inorg. due to permafrost thaw,Tundra,2001,2.9684857857722706,2.9684857857722706
Tg_yr,minus,SSP1-2.6,Total inorg. due to permafrost thaw,Tundra,2002,0.4175370714461894,0.4175370714461894
Tg_yr,minus,SSP1-2.6,Total inorg. due to permafrost thaw,Tundra,2003,-2.8441386550789503,-2.8441386550789503
Tg_yr,minus,SSP1-2.6,Total inorg. due to permafrost thaw,Tundra,2004,2.774957428332778,2.774957428332778
Tg_yr,minus,SSP1-2.6,Total inorg. due to permafrost thaw,Tundra,2005,3.1836287194156037,3.1836287194156037
Tg_yr,minus,SSP1-2.6,Total inorg. due to permafrost thaw,Tundra,2006,-0.5629827271227671,-0.5629827271227671
Tg_yr,minus,SSP1-2.6,Total inorg. due to permafrost thaw,Tundra,2007,-0.132740825176846,-0.132740825176846
Tg_yr,minus,SSP1-2.6,Total inorg. due to permafrost thaw,Tundra,2008,2.633849741405594,2.633849741405594
Tg_yr,minus,SSP1-2.6,Total inorg. due to permafrost thaw,Tundra,2009,1.4786878773487406,1.4786878773487406
Tg_yr,minus,SSP1-2.6,Total inorg. due to permafrost thaw,Tundra,2010,0.772139032105631,0.772139032105631
Tg_yr,minus,SSP1-2.6,Total inorg. due to permafrost thaw,Tundra,2011,-0.2839924733740669,-0.2839924733740669
Tg_yr,minus,SSP1-2.6,Total inorg. due to permafrost thaw,Tundra,2012,2.810513178989706,2.810513178989706
Tg_yr,minus,SSP1-2.6,Total inorg. due to permafrost thaw,Tundra,2013,0.6794556968444586,0.6794556968444586
Tg_yr,minus,SSP1-2.6,Total inorg. due to permafrost thaw,Tundra,2014,3.6953954954393593,3.6953954954393593
Tg_yr,minus,SSP1-2.6,Total inorg. due to permafrost thaw,Tundra,2015,1.1854609648878363,1.1854609648878363
Tg_yr,minus,SSP1-2.6,Total inorg. due to permafrost thaw,Tundra,2016,1.233573218072471,1.233573218072471
Tg_yr,minus,SSP1-2.6,Total inorg. due to permafrost thaw,Tundra,2017,1.372343267802204,1.372343267802204
Tg_yr,minus,SSP1-2.6,Total inorg. due to permafrost thaw,Tundra,2018,1.9440662878412034,1.9440662878412034
Tg_yr,minus,SSP1-2.6,Total inorg. due to permafrost thaw,Tundra,2019,1.5948234765191407,1.5948234765191407
Tg_yr,minus,SSP1-2.6,Total inorg. due to permafrost thaw,Tundra,2020,3.4711995819586257,3.4711995819586257
Tg_yr,minus,SSP1-2.6,Total inorg. due to permafrost thaw,Tundra,2080,3.2088988734252064,3.2088988734252064
Tg_yr,minus,SSP1-2.6,Total inorg. due to permafrost thaw,Tundra,2081,0.010065430882874921,0.010065430882874921
Tg_yr,minus,SSP1-2.6,Total inorg. due to permafrost thaw,Tundra,2082,4.680842895536474,4.680842895536474
Tg_yr,minus,SSP1-2.6,Total inorg. due to permafrost thaw,Tundra,2083,2.6542877698759226,2.6542877698759226
Tg_yr,minus,SSP1-2.6,Total inorg. due to permafrost thaw,Tundra,2084,2.797457871699308,2.797457871699308
Tg_yr,minus,SSP1-2.6,Total inorg. due to permafrost thaw,Tundra,2085,-0.7252453728171994,-0.7252453728171994
Tg_yr,minus,SSP1-2.6,Total inorg. due to permafrost thaw,Tundra,2086,4.909349190173527,4.909349190173527
Tg_yr,minus,SSP1-2.6,Total inorg. due to permafrost thaw,Tundra,2087,1.885180301844333,1.885180301844333
Tg_yr,minus,SSP1-2.6,Total inorg. due to permafrost thaw,Tundra,2088,0.16227129144995578,0.16227129144995578
Tg_yr,minus,SSP1-2.6,Total inorg. due to permafrost thaw,Tundra,2089,4.008332208104843,4.008332208104843
Tg_yr,minus,SSP1-2.6,Total inorg. due to permafrost thaw,Tundra,2090,3.4772727560674523,3.4772727560674523
Tg_yr,minus,SSP1-2.6,Total inorg. due to permafrost thaw,Tundra,2091,0.5334820750860335,0.5334820750860335
Tg_yr,minus,SSP1-2.6,Total inorg. due to permafrost thaw,Tundra,2092,5.220220725539868,5.220220725539868
Tg_yr,minus,SSP1-2.6,Total inorg. due to permafrost thaw,Tundra,2093,-0.9485998378941792,-0.9485998378941792
Tg_yr,minus,SSP1-2.6,Total inorg. due to permafrost thaw,Tundra,2094,0.20552561200650868,0.20552561200650868
Tg_yr,minus,SSP1-2.6,Total inorg. due to permafrost thaw,Tundra,2095,4.885279695441937,4.885279695441937
Tg_yr,minus,SSP1-2.6,Total inorg. due to permafrost thaw,Tundra,2096,-0.2346880549401769,-0.2346880549401769
Tg_yr,minus,SSP1-2.6,Total inorg. due to permafrost thaw,Tundra,2097,1.5282233426646394,1.5282233426646394
Tg_yr,minus,SSP1-2.6,Total inorg. due to permafrost thaw,Tundra,2098,5.272567200517596,5.272567200517596
Tg_yr,minus,SSP1-2.6,Total inorg. due to permafrost thaw,Tundra,2099,0.8838370915028818,0.8838370915028818
Tg_yr,minus,SSP1-2.6,Total inorg. due to permafrost thaw,Wetlands,2000,0.5726134394949607,0.5726134394949607
Tg_yr,minus,SSP1-2.6,Total inorg. due to permafrost thaw,Wetlands,2001,-0.22079474091823012,-0.22079474091823012
Tg_yr,minus,SSP1-2.6,Total inorg. due to permafrost thaw,Wetlands,2002,0.6085819127602321,0.6085819127602321
Tg_yr,minus,SSP1-2.6,Total inorg. due to permafrost thaw,Wetlands,2003,-0.6415456634570816,-0.6415456634570816
Tg_yr,minus,SSP1-2.6,Total inorg. due to permafrost thaw,Wetlands,2004,0.4691676202548423,0.4691676202548423
Tg_yr,minus,SSP1-2.6,Total inorg. due to permafrost thaw,Wetlands,2005,0.3887011969339923,0.3887011969339923
Tg_yr,minus,SSP1-2.6,Total inorg. due to permafrost thaw,Wetlands,2006,0.0229258387190862,0.0229258387190862
Tg_yr,minus,SSP1-2.6,Total inorg. due to permafrost thaw,Wetlands,2007,-0.2500054057256698,-0.2500054057256698
Tg_yr,minus,SSP1-2.6,Total inorg. due to permafrost thaw,Wetlands,2008,0.4861427065161514,0.4861427065161514
Tg_yr,minus,SSP1-2.6,Total inorg. due to permafrost thaw,Wetlands,2009,-0.04578606523631169,-0.04578606523631169
Tg_yr,minus,SSP1-2.6,Total inorg. due to permafrost thaw,Wetlands,2010,0.6154668769402434,0.6154668769402434
Tg_yr,minus,SSP1-2.6,Total inorg. due to permafrost thaw,Wetlands,2011,-0.2940286730127215,-0.2940286730127215
Tg_yr,minus,SSP1-2.6,Total inorg. due to permafrost thaw,Wetlands,2012,0.30520277645961447,0.30520277645961447
Tg_yr,minus,SSP1-2.6,Total inorg. due to permafrost thaw,Wetlands,2013,0.3946170591370067,0.3946170591370067
Tg_yr,minus,SSP1-2.6,Total inorg. due to permafrost thaw,Wetlands,2014,0.26876967999222595,0.26876967999222595
Tg_yr,minus,SSP1-2.6,Total inorg. due to permafrost thaw,Wetlands,2015,0.4402397895412707,0.4402397895412707
Tg_yr,minus,SSP1-2.6,Total inorg. due to permafrost thaw,Wetlands,2016,0.47767286238783013,0.47767286238783013
Tg_yr,minus,SSP1-2.6,Total inorg. due to permafrost thaw,Wetlands,2017,0.0409771321479623,0.0409771321479623
Tg_yr,minus,SSP1-2.6,Total inorg. due to permafrost thaw,Wetlands,2018,0.7061663569071336,0.7061663569071336
Tg_yr,minus,SSP1-2.6,Total inorg. due to permafrost thaw,Wetlands,2019,0.30190155236177985,0.30190155236177985
Tg_yr,minus,SSP1-2.6,Total inorg. due to permafrost thaw,Wetlands,2020,0.6945208036088543,0.6945208036088543
Tg_yr,minus,SSP1-2.6,Total inorg. due to permafrost thaw,Wetlands,2080,0.5911241789115335,0.5911241789115335
Tg_yr,minus,SSP1-2.6,Total inorg. due to permafrost thaw,Wetlands,2081,0.8321497251137745,0.8321497251137745
Tg_yr,minus,SSP1-2.6,Total inorg. due to permafrost thaw,Wetlands,2082,1.014172619091819,1.014172619091819
Tg_yr,minus,SSP1-2.6,Total inorg. due to permafrost thaw,Wetlands,2083,0.537009830162093,0.537009830162093
Tg_yr,minus,SSP1-2.6,Total inorg. due to permafrost thaw,Wetlands,2084,0.7215001842450226,0.7215001842450226
Tg_yr,minus,SSP1-2.6,Total inorg. due to permafrost thaw,Wetlands,2085,0.7364172166948605,0.7364172166948605
Tg_yr,minus,SSP1-2.6,Total inorg. due to permafrost thaw,Wetlands,2086,1.3307900559627879,1.3307900559627879
Tg_yr,minus,SSP1-2.6,Total inorg. due to permafrost thaw,Wetlands,2087,0.8657063161416454,0.8657063161416454
Tg_yr,minus,SSP1-2.6,Total inorg. due to permafrost thaw,Wetlands,2088,0.5811033358089215,0.5811033358089215
Tg_yr,minus,SSP1-2.6,Total inorg. due to permafrost thaw,Wetlands,2089,0.686315719520162,0.686315719520162
Tg_yr,minus,SSP1-2.6,Total inorg. due to permafrost thaw,Wetlands,2090,0.9748267682602754,0.9748267682602754
Tg_yr,minus,SSP1-2.6,Total inorg. due to permafrost thaw,Wetlands,2091,1.0207984037602233,1.0207984037602233
Tg_yr,minus,SSP1-2.6,Total inorg. due to permafrost thaw,Wetlands,2092,1.434159472903651,1.434159472903651
Tg_yr,minus,SSP1-2.6,Total inorg. due to permafrost thaw,Wetlands,2093,1.012004092146139,1.012004092146139
Tg_yr,minus,SSP1-2.6,Total inorg. due to permafrost thaw,Wetlands,2094,1.1876607631556506,1.1876607631556506
Tg_yr,minus,SSP1-2.6,Total inorg. due to permafrost thaw,Wetlands,2095,0.3378947475643774,0.3378947475643774
Tg_yr,minus,SSP1-2.6,Total inorg. due to permafrost thaw,Wetlands,2096,1.0241414973800524,1.0241414973800524
Tg_yr,minus,SSP1-2.6,Total inorg. due to permafrost thaw,Wetlands,2097,0.8265562748178947,0.8265562748178947
Tg_yr,minus,SSP1-2.6,Total inorg. due to permafrost thaw,Wetlands,2098,0.9924272552971991,0.9924272552971991
Tg_yr,minus,SSP1-2.6,Total inorg. due to permafrost thaw,Wetlands,2099,0.8262122858123009,0.8262122858123009
Tg_yr,minus,SSP1-2.6,Total inorg. due to permafrost thaw,Barren,2000,-0.39069686008357696,-0.39069686008357696
Tg_yr,minus,SSP1-2.6,Total inorg. due to permafrost thaw,Barren,2001,0.5373790978659533,0.5373790978659533
Tg_yr,minus,SSP1-2.6,Total inorg. due to permafrost thaw,Barren,2002,-0.19150104433168794,-0.19150104433168794
Tg_yr,minus,SSP1-2.6,Total inorg. due to permafrost thaw,Barren,2003,-0.20427596382565735,-0.20427596382565735
Tg_yr,minus,SSP1-2.6,Total inorg. due to permafrost thaw,Barren,2004,0.22413101236417066,0.22413101236417066
Tg_yr,minus,SSP1-2.6,Total inorg. due to permafrost thaw,Barren,2005,0.097378662007478,0.097378662007478
Tg_yr,minus,SSP1-2.6,Total inorg. due to permafrost thaw,Barren,2006,0.03495776466578326,0.03495776466578326
Tg_yr,minus,SSP1-2.6,Total inorg. due to permafrost thaw,Barren,2007,-0.27103482129591083,-0.27103482129591083
Tg_yr,minus,SSP1-2.6,Total inorg. due to permafrost thaw,Barren,2008,0.051394128527426905,0.051394128527426905
Tg_yr,minus,SSP1-2.6,Total inorg. due to permafrost thaw,Barren,2009,0.589744296197887,0.589744296197887
Tg_yr,minus,SSP1-2.6,Total inorg. due to permafrost thaw,Barren,2010,-0.09245072994000961,-0.09245072994000961
Tg_yr,minus,SSP1-2.6,Total inorg. due to permafrost thaw,Barren,2011,-0.12503237900158626,-0.12503237900158626
Tg_yr,minus,SSP1-2.6,Total inorg. due to permafrost thaw,Barren,2012,0.2048019397978586,0.2048019397978586
Tg_yr,minus,SSP1-2.6,Total inorg. due to permafrost thaw,Barren,2013,-0.4674652397986929,-0.4674652397986929
Tg_yr,minus,SSP1-2.6,Total inorg. due to permafrost thaw,Barren,2014,0.6246659868139277,0.6246659868139277
Tg_yr,minus,SSP1-2.6,Total inorg. due to permafrost thaw,Barren,2015,-0.4858665072316642,-0.4858665072316642
Tg_yr,minus,SSP1-2.6,Total inorg. due to permafrost thaw,Barren,2016,0.8156162166344728,0.8156162166344728
Tg_yr,minus,SSP1-2.6,Total inorg. due to permafrost thaw,Barren,2017,-0.17578436535416705,-0.17578436535416705
Tg_yr,minus,SSP1-2.6,Total inorg. due to permafrost thaw,Barren,2018,-0.11558282431067936,-0.11558282431067936
Tg_yr,minus,SSP1-2.6,Total inorg. due to permafrost thaw,Barren,2019,0.49844833694166957,0.49844833694166957
Tg_yr,minus,SSP1-2.6,Total inorg. due to permafrost thaw,Barren,2020,0.4653389090942664,0.4653389090942664
Tg_yr,minus,SSP1-2.6,Total inorg. due to permafrost thaw,Barren,2080,0.2878897046650695,0.2878897046650695
Tg_yr,minus,SSP1-2.6,Total inorg. due to permafrost thaw,Barren,2081,-0.5332580724847945,-0.5332580724847945
Tg_yr,minus,SSP1-2.6,Total inorg. due to permafrost thaw,Barren,2082,0.7332066276078085,0.7332066276078085
Tg_yr,minus,SSP1-2.6,Total inorg. due to permafrost thaw,Barren,2083,-0.1569199807953447,-0.1569199807953447
Tg_yr,minus,SSP1-2.6,Total inorg. due to permafrost thaw,Barren,2084,-0.2265742913382432,-0.2265742913382432
Tg_yr,minus,SSP1-2.6,Total inorg. due to permafrost thaw,Barren,2085,0.2065025199307398,0.2065025199307398
Tg_yr,minus,SSP1-2.6,Total inorg. due to permafrost thaw,Barren,2086,0.470384209320265,0.470384209320265
Tg_yr,minus,SSP1-2.6,Total inorg. due to permafrost thaw,Barren,2087,-0.2238625528923038,-0.2238625528923038
Tg_yr,minus,SSP1-2.6,Total inorg. due to permafrost thaw,Barren,2088,-0.3116883296451371,-0.3116883296451371
Tg_yr,minus,SSP1-2.6,Total inorg. due to permafrost thaw,Barren,2089,0.08311973792914296,0.08311973792914296
Tg_yr,minus,SSP1-2.6,Total inorg. due to permafrost thaw,Barren,2090,0.17049296116821253,0.17049296116821253
Tg_yr,minus,SSP1-2.6,Total inorg. due to permafrost thaw,Barren,2091,-0.10159856279673662,-0.10159856279673662
Tg_yr,minus,SSP1-2.6,Total inorg. due to permafrost thaw,Barren,2092,0.8793596295491727,0.8793596295491727
Tg_yr,minus,SSP1-2.6,Total inorg. due to permafrost thaw,Barren,2093,-0.38698935968537074,-0.38698935968537074
Tg_yr,minus,SSP1-2.6,Total inorg. due to permafrost thaw,Barren,2094,0.3597207657793088,0.3597207657793088
Tg_yr,minus,SSP1-2.6,Total inorg. due to permafrost thaw,Barren,2095,-0.25174969035553246,-0.25174969035553246
Tg_yr,minus,SSP1-2.6,Total inorg. due to permafrost thaw,Barren,2096,0.14620212804132376,0.14620212804132376
Tg_yr,minus,SSP1-2.6,Total inorg. due to permafrost thaw,Barren,2097,0.09091686489871467,0.09091686489871467
Tg_yr,minus,SSP1-2.6,Total inorg. due to permafrost thaw,Barren,2098,0.2183558715293223,0.2183558715293223
Tg_yr,minus,SSP1-2.6,Total inorg. due to permafrost thaw,Barren,2099,-0.008409278514143402,-0.008409278514143402
Tg_yr,minus,SSP1-2.6,Total inorg. due to permafrost thaw,Pan-Arctic,2000,0.04594464736295209,0.04594464736295209
Tg_yr,minus,SSP1-2.6,Total inorg. due to permafrost thaw,Pan-Arctic,2001,3.502407024788572,3.502407024788572
Tg_yr,minus,SSP1-2.6,Total inorg. due to permafrost thaw,Pan-Arctic,2002,3.5253088155837915,3.5253088155837915
Tg_yr,minus,SSP1-2.6,Total inorg. due to permafrost thaw,Pan-Arctic,2003,-3.341474386562795,-3.341474386562795
Tg_yr,minus,SSP1-2.6,Total inorg. due to permafrost thaw,Pan-Arctic,2004,5.289310855997376,5.289310855997376
Tg_yr,minus,SSP1-2.6,Total inorg. due to permafrost thaw,Pan-Arctic,2005,5.384678643908167,5.384678643908167
Tg_yr,minus,SSP1-2.6,Total inorg. due to permafrost thaw,Pan-Arctic,2006,1.4904244668292606,1.4904244668292606
Tg_yr,minus,SSP1-2.6,Total inorg. due to permafrost thaw,Pan-Arctic,2007,-0.49791309384069105,-0.49791309384069105
Tg_yr,minus,SSP1-2.6,Total inorg. due to permafrost thaw,Pan-Arctic,2008,6.441767610254271,6.441767610254271
Tg_yr,minus,SSP1-2.6,Total inorg. due to permafrost thaw,Pan-Arctic,2009,0.6407950863569849,0.6407950863569849
Tg_yr,minus,SSP1-2.6,Total inorg. due to permafrost thaw,Pan-Arctic,2010,4.511523669282354,4.511523669282354
Tg_yr,minus,SSP1-2.6,Total inorg. due to permafrost thaw,Pan-Arctic,2011,-0.27795535758598366,-0.27795535758598366
Tg_yr,minus,SSP1-2.6,Total inorg. due to permafrost thaw,Pan-Arctic,2012,2.7036575033307613,2.7036575033307613
Tg_yr,minus,SSP1-2.6,Total inorg. due to permafrost thaw,Pan-Arctic,2013,2.979542843494769,2.979542843494769
Tg_yr,minus,SSP1-2.6,Total inorg. due to permafrost thaw,Pan-Arctic,2014,8.351075864826024,8.351075864826024
Tg_yr,minus,SSP1-2.6,Total inorg. due to permafrost thaw,Pan-Arctic,2015,2.0000125440074377,2.0000125440074377
Tg_yr,minus,SSP1-2.6,Total inorg. due to permafrost thaw,Pan-Arctic,2016,4.255608742199113,4.255608742199113
Tg_yr,minus,SSP1-2.6,Total inorg. due to permafrost thaw,Pan-Arctic,2017,4.410368808440483,4.410368808440483
Tg_yr,minus,SSP1-2.6,Total inorg. due to permafrost thaw,Pan-Arctic,2018,3.434969445277515,3.434969445277515
Tg_yr,minus,SSP1-2.6,Total inorg. due to permafrost thaw,Pan-Arctic,2019,6.2333943019094065,6.2333943019094065
Tg_yr,minus,SSP1-2.6,Total inorg. due to permafrost thaw,Pan-Arctic,2020,6.843997146996582,6.843997146996582
Tg_yr,minus,SSP1-2.6,Total inorg. due to permafrost thaw,Pan-Arctic,2080,7.253133075568823,7.253133075568823
Tg_yr,minus,SSP1-2.6,Total inorg. due to permafrost thaw,Pan-Arctic,2081,3.6464637913354356,3.6464637913354356
Tg_yr,minus,SSP1-2.6,Total inorg. due to permafrost thaw,Pan-Arctic,2082,10.665805736086234,10.665805736086234
Tg_yr,minus,SSP1-2.6,Total inorg. due to permafrost thaw,Pan-Arctic,2083,5.556419666967337,5.556419666967337
Tg_yr,minus,SSP1-2.6,Total inorg. due to permafrost thaw,Pan-Arctic,2084,7.286178442989025,7.286178442989025
Tg_yr,minus,SSP1-2.6,Total inorg. due to permafrost thaw,Pan-Arctic,2085,4.226706954349044,4.226706954349044
Tg_yr,minus,SSP1-2.6,Total inorg. due to permafrost thaw,Pan-Arctic,2086,10.7091916853297,10.7091916853297
Tg_yr,minus,SSP1-2.6,Total inorg. due to permafrost thaw,Pan-Arctic,2087,5.7030223883869375,5.7030223883869375
Tg_yr,minus,SSP1-2.6,Total inorg. due to permafrost thaw,Pan-Arctic,2088,4.38901289391587,4.38901289391587
Tg_yr,minus,SSP1-2.6,Total inorg. due to permafrost thaw,Pan-Arctic,2089,8.002126940891607,8.002126940891607
Tg_yr,minus,SSP1-2.6,Total inorg. due to permafrost thaw,Pan-Arctic,2090,8.555663025327204,8.555663025327204
Tg_yr,minus,SSP1-2.6,Total inorg. due to permafrost thaw,Pan-Arctic,2091,4.7606484031218494,4.7606484031218494
Tg_yr,minus,SSP1-2.6,Total inorg. due to permafrost thaw,Pan-Arctic,2092,11.578739225526226,11.578739225526226
Tg_yr,minus,SSP1-2.6,Total inorg. due to permafrost thaw,Pan-Arctic,2093,2.985601136765843,2.985601136765843
Tg_yr,minus,SSP1-2.6,Total inorg. due to permafrost thaw,Pan-Arctic,2094,5.30542651495778,5.30542651495778
Tg_yr,minus,SSP1-2.6,Total inorg. due to permafrost thaw,Pan-Arctic,2095,8.544118921172206,8.544118921172206
Tg_yr,minus,SSP1-2.6,Total inorg. due to permafrost thaw,Pan-Arctic,2096,4.139028721566736,4.139028721566736
Tg_yr,minus,SSP1-2.6,Total inorg. due to permafrost thaw,Pan-Arctic,2097,6.3333228309911,6.3333228309911
Tg_yr,minus,SSP1-2.6,Total inorg. due to permafrost thaw,Pan-Arctic,2098,11.876182601371404,11.876182601371404
Tg_yr,minus,SSP1-2.6,Total inorg. due to permafrost thaw,Pan-Arctic,2099,5.120056218263915,5.120056218263915
Tg_yr,mean,SSP3-7.0,Total inorg. due to permafrost thaw,Taiga,2000,3.1113376733447646,3.1113376733447646
Tg_yr,mean,SSP3-7.0,Total inorg. due to permafrost thaw,Taiga,2001,2.3998443332039647,2.3998443332039647
Tg_yr,mean,SSP3-7.0,Total inorg. due to permafrost thaw,Taiga,2002,1.9461387580388838,1.9461387580388838
Tg_yr,mean,SSP3-7.0,Total inorg. due to permafrost thaw,Taiga,2003,0.7567935762216865,0.7567935762216865
Tg_yr,mean,SSP3-7.0,Total inorg. due to permafrost thaw,Taiga,2004,3.0873240768429704,3.0873240768429704
Tg_yr,mean,SSP3-7.0,Total inorg. due to permafrost thaw,Taiga,2005,0.45719483372552416,0.45719483372552416
Tg_yr,mean,SSP3-7.0,Total inorg. due to permafrost thaw,Taiga,2006,4.771836361294191,4.771836361294191
Tg_yr,mean,SSP3-7.0,Total inorg. due to permafrost thaw,Taiga,2007,2.073915853443375,2.073915853443375
Tg_yr,mean,SSP3-7.0,Total inorg. due to permafrost thaw,Taiga,2008,2.9937984471448944,2.9937984471448944
Tg_yr,mean,SSP3-7.0,Total inorg. due to permafrost thaw,Taiga,2009,-0.20163228870767474,-0.20163228870767474
Tg_yr,mean,SSP3-7.0,Total inorg. due to permafrost thaw,Taiga,2010,3.1910725957158634,3.1910725957158634
Tg_yr,mean,SSP3-7.0,Total inorg. due to permafrost thaw,Taiga,2011,0.04667385439508774,0.04667385439508774
Tg_yr,mean,SSP3-7.0,Total inorg. due to permafrost thaw,Taiga,2012,1.0344765268261278,1.0344765268261278
Tg_yr,mean,SSP3-7.0,Total inorg. due to permafrost thaw,Taiga,2013,2.3617449095118985,2.3617449095118985
Tg_yr,mean,SSP3-7.0,Total inorg. due to permafrost thaw,Taiga,2014,5.230179217321723,5.230179217321723
Tg_yr,mean,SSP3-7.0,Total inorg. due to permafrost thaw,Taiga,2015,-1.3791078494836047,-1.3791078494836047
Tg_yr,mean,SSP3-7.0,Total inorg. due to permafrost thaw,Taiga,2016,0.5662723442825277,0.5662723442825277
Tg_yr,mean,SSP3-7.0,Total inorg. due to permafrost thaw,Taiga,2017,2.5999706662334447,2.5999706662334447
Tg_yr,mean,SSP3-7.0,Total inorg. due to permafrost thaw,Taiga,2018,4.284365216504068,4.284365216504068
Tg_yr,mean,SSP3-7.0,Total inorg. due to permafrost thaw,Taiga,2019,0.754272298000388,0.754272298000388
Tg_yr,mean,SSP3-7.0,Total inorg. due to permafrost thaw,Taiga,2020,4.99141635359227,4.99141635359227
Tg_yr,mean,SSP3-7.0,Total inorg. due to permafrost thaw,Taiga,2080,6.746369324410677,6.746369324410677
Tg_yr,mean,SSP3-7.0,Total inorg. due to permafrost thaw,Taiga,2081,6.464398088227843,6.464398088227843
Tg_yr,mean,SSP3-7.0,Total inorg. due to permafrost thaw,Taiga,2082,7.436857986172005,7.436857986172005
Tg_yr,mean,SSP3-7.0,Total inorg. due to permafrost thaw,Taiga,2083,7.2488885408528185,7.2488885408528185
Tg_yr,mean,SSP3-7.0,Total inorg. due to permafrost thaw,Taiga,2084,6.882751015081424,6.882751015081424
Tg_yr,mean,SSP3-7.0,Total inorg. due to permafrost thaw,Taiga,2085,7.881091349991686,7.881091349991686
Tg_yr,mean,SSP3-7.0,Total inorg. due to permafrost thaw,Taiga,2086,6.907474576443952,6.907474576443952
Tg_yr,mean,SSP3-7.0,Total inorg. due to permafrost thaw,Taiga,2087,7.550121250431414,7.550121250431414
Tg_yr,mean,SSP3-7.0,Total inorg. due to permafrost thaw,Taiga,2088,7.612920488520667,7.612920488520667
Tg_yr,mean,SSP3-7.0,Total inorg. due to permafrost thaw,Taiga,2089,7.168192010266859,7.168192010266859
Tg_yr,mean,SSP3-7.0,Total inorg. due to permafrost thaw,Taiga,2090,7.987051090630046,7.987051090630046
Tg_yr,mean,SSP3-7.0,Total inorg. due to permafrost thaw,Taiga,2091,6.960506723644602,6.960506723644602
Tg_yr,mean,SSP3-7.0,Total inorg. due to permafrost thaw,Taiga,2092,7.576651408302126,7.576651408302126
Tg_yr,mean,SSP3-7.0,Total inorg. due to permafrost thaw,Taiga,2093,6.559190994986878,6.559190994986878
Tg_yr,mean,SSP3-7.0,Total inorg. due to permafrost thaw,Taiga,2094,7.6903179778365125,7.6903179778365125
Tg_yr,mean,SSP3-7.0,Total inorg. due to permafrost thaw,Taiga,2095,7.92489745494892,7.92489745494892
Tg_yr,mean,SSP3-7.0,Total inorg. due to permafrost thaw,Taiga,2096,7.571570654123862,7.571570654123862
Tg_yr,mean,SSP3-7.0,Total inorg. due to permafrost thaw,Taiga,2097,7.872120505571254,7.872120505571254
Tg_yr,mean,SSP3-7.0,Total inorg. due to permafrost thaw,Taiga,2098,8.208897252782569,8.208897252782569
Tg_yr,mean,SSP3-7.0,Total inorg. due to permafrost thaw,Taiga,2099,7.960532143407459,7.960532143407459
Tg_yr,mean,SSP3-7.0,Total inorg. due to permafrost thaw,Tundra,2000,-1.6738375339429123,-1.6738375339429123
Tg_yr,mean,SSP3-7.0,Total inorg. due to permafrost thaw,Tundra,2001,4.971213265888843,4.971213265888843
Tg_yr,mean,SSP3-7.0,Total inorg. due to permafrost thaw,Tundra,2002,-0.31187733074140445,-0.31187733074140445
Tg_yr,mean,SSP3-7.0,Total inorg. due to permafrost thaw,Tundra,2003,-0.41568616723659246,-0.41568616723659246
Tg_yr,mean,SSP3-7.0,Total inorg. due to permafrost thaw,Tundra,2004,5.790712550663631,5.790712550663631
Tg_yr,mean,SSP3-7.0,Total inorg. due to permafrost thaw,Tundra,2005,1.7066286805896753,1.7066286805896753
Tg_yr,mean,SSP3-7.0,Total inorg. due to permafrost thaw,Tundra,2006,3.3022500359833007,3.3022500359833007
Tg_yr,mean,SSP3-7.0,Total inorg. due to permafrost thaw,Tundra,2007,3.3528658549252577,3.3528658549252577
Tg_yr,mean,SSP3-7.0,Total inorg. due to permafrost thaw,Tundra,2008,2.9685236801856463,2.9685236801856463
Tg_yr,mean,SSP3-7.0,Total inorg. due to permafrost thaw,Tundra,2009,2.7867854622824835,2.7867854622824835
Tg_yr,mean,SSP3-7.0,Total inorg. due to permafrost thaw,Tundra,2010,-2.4824919702594936,-2.4824919702594936
Tg_yr,mean,SSP3-7.0,Total inorg. due to permafrost thaw,Tundra,2011,1.2898505512116532,1.2898505512116532
Tg_yr,mean,SSP3-7.0,Total inorg. due to permafrost thaw,Tundra,2012,2.802692597913025,2.802692597913025
Tg_yr,mean,SSP3-7.0,Total inorg. due to permafrost thaw,Tundra,2013,0.10252283074134297,0.10252283074134297
Tg_yr,mean,SSP3-7.0,Total inorg. due to permafrost thaw,Tundra,2014,9.121565269051402,9.121565269051402
Tg_yr,mean,SSP3-7.0,Total inorg. due to permafrost thaw,Tundra,2015,-6.1754416553611735,-6.1754416553611735
Tg_yr,mean,SSP3-7.0,Total inorg. due to permafrost thaw,Tundra,2016,-0.07851332902424128,-0.07851332902424128
Tg_yr,mean,SSP3-7.0,Total inorg. due to permafrost thaw,Tundra,2017,3.731371293302322,3.731371293302322
Tg_yr,mean,SSP3-7.0,Total inorg. due to permafrost thaw,Tundra,2018,1.8633407396045865,1.8633407396045865
Tg_yr,mean,SSP3-7.0,Total inorg. due to permafrost thaw,Tundra,2019,6.501979465538202,6.501979465538202
Tg_yr,mean,SSP3-7.0,Total inorg. due to permafrost thaw,Tundra,2020,1.4548155237027176,1.4548155237027176
Tg_yr,mean,SSP3-7.0,Total inorg. due to permafrost thaw,Tundra,2080,10.4107876491433,10.4107876491433
Tg_yr,mean,SSP3-7.0,Total inorg. due to permafrost thaw,Tundra,2081,6.10218871653285,6.10218871653285
Tg_yr,mean,SSP3-7.0,Total inorg. due to permafrost thaw,Tundra,2082,11.184365462448657,11.184365462448657
Tg_yr,mean,SSP3-7.0,Total inorg. due to permafrost thaw,Tundra,2083,9.514998799748513,9.514998799748513
Tg_yr,mean,SSP3-7.0,Total inorg. due to permafrost thaw,Tundra,2084,9.79659038174067,9.79659038174067
Tg_yr,mean,SSP3-7.0,Total inorg. due to permafrost thaw,Tundra,2085,12.439979840389508,12.439979840389508
Tg_yr,mean,SSP3-7.0,Total inorg. due to permafrost thaw,Tundra,2086,10.498850783266478,10.498850783266478
Tg_yr,mean,SSP3-7.0,Total inorg. due to permafrost thaw,Tundra,2087,10.368031390678032,10.368031390678032
Tg_yr,mean,SSP3-7.0,Total inorg. due to permafrost thaw,Tundra,2088,11.461264611995546,11.461264611995546
Tg_yr,mean,SSP3-7.0,Total inorg. due to permafrost thaw,Tundra,2089,11.03280688937791,11.03280688937791
Tg_yr,mean,SSP3-7.0,Total inorg. due to permafrost thaw,Tundra,2090,10.832943204393207,10.832943204393207
Tg_yr,mean,SSP3-7.0,Total inorg. due to permafrost thaw,Tundra,2091,12.51026406804393,12.51026406804393
Tg_yr,mean,SSP3-7.0,Total inorg. due to permafrost thaw,Tundra,2092,9.993118411761518,9.993118411761518
Tg_yr,mean,SSP3-7.0,Total inorg. due to permafrost thaw,Tundra,2093,8.504033712381123,8.504033712381123
Tg_yr,mean,SSP3-7.0,Total inorg. due to permafrost thaw,Tundra,2094,10.841074568362018,10.841074568362018
Tg_yr,mean,SSP3-7.0,Total inorg. due to permafrost thaw,Tundra,2095,11.508123944641088,11.508123944641088
Tg_yr,mean,SSP3-7.0,Total inorg. due to permafrost thaw,Tundra,2096,11.563678117802423,11.563678117802423
Tg_yr,mean,SSP3-7.0,Total inorg. due to permafrost thaw,Tundra,2097,12.883162335103627,12.883162335103627
Tg_yr,mean,SSP3-7.0,Total inorg. due to permafrost thaw,Tundra,2098,9.513455145536549,9.513455145536549
Tg_yr,mean,SSP3-7.0,Total inorg. due to permafrost thaw,Tundra,2099,13.027710083564081,13.027710083564081
Tg_yr,mean,SSP3-7.0,Total inorg. due to permafrost thaw,Wetlands,2000,0.17773959188484467,0.17773959188484467
Tg_yr,mean,SSP3-7.0,Total inorg. due to permafrost thaw,Wetlands,2001,0.1427337870778127,0.1427337870778127
Tg_yr,mean,SSP3-7.0,Total inorg. due to permafrost thaw,Wetlands,2002,0.26724222960321026,0.26724222960321026
Tg_yr,mean,SSP3-7.0,Total inorg. due to permafrost thaw,Wetlands,2003,-0.5309161039615221,-0.5309161039615221
Tg_yr,mean,SSP3-7.0,Total inorg. due to permafrost thaw,Wetlands,2004,0.6266058640377125,0.6266058640377125
Tg_yr,mean,SSP3-7.0,Total inorg. due to permafrost thaw,Wetlands,2005,0.42196003681434624,0.42196003681434624
Tg_yr,mean,SSP3-7.0,Total inorg. due to permafrost thaw,Wetlands,2006,0.6054251757063086,0.6054251757063086
Tg_yr,mean,SSP3-7.0,Total inorg. due to permafrost thaw,Wetlands,2007,0.07849965503273659,0.07849965503273659
Tg_yr,mean,SSP3-7.0,Total inorg. due to permafrost thaw,Wetlands,2008,0.39666248565492407,0.39666248565492407
Tg_yr,mean,SSP3-7.0,Total inorg. due to permafrost thaw,Wetlands,2009,0.028659128919056566,0.028659128919056566
Tg_yr,mean,SSP3-7.0,Total inorg. due to permafrost thaw,Wetlands,2010,0.6588594191287763,0.6588594191287763
Tg_yr,mean,SSP3-7.0,Total inorg. due to permafrost thaw,Wetlands,2011,-0.15937888394688804,-0.15937888394688804
Tg_yr,mean,SSP3-7.0,Total inorg. due to permafrost thaw,Wetlands,2012,0.8078322094777542,0.8078322094777542
Tg_yr,mean,SSP3-7.0,Total inorg. due to permafrost thaw,Wetlands,2013,-0.10776569327275204,-0.10776569327275204
Tg_yr,mean,SSP3-7.0,Total inorg. due to permafrost thaw,Wetlands,2014,0.7308992775297746,0.7308992775297746
Tg_yr,mean,SSP3-7.0,Total inorg. due to permafrost thaw,Wetlands,2015,1.29123187052647,1.29123187052647
Tg_yr,mean,SSP3-7.0,Total inorg. due to permafrost thaw,Wetlands,2016,-1.264108047268475,-1.264108047268475
Tg_yr,mean,SSP3-7.0,Total inorg. due to permafrost thaw,Wetlands,2017,1.8051229951308188,1.8051229951308188
Tg_yr,mean,SSP3-7.0,Total inorg. due to permafrost thaw,Wetlands,2018,-0.04661717046428293,-0.04661717046428293
Tg_yr,mean,SSP3-7.0,Total inorg. due to permafrost thaw,Wetlands,2019,-0.29095202684218596,-0.29095202684218596
Tg_yr,mean,SSP3-7.0,Total inorg. due to permafrost thaw,Wetlands,2020,2.928739715636126,2.928739715636126
Tg_yr,mean,SSP3-7.0,Total inorg. due to permafrost thaw,Wetlands,2080,1.9165146198307519,1.9165146198307519
Tg_yr,mean,SSP3-7.0,Total inorg. due to permafrost thaw,Wetlands,2081,1.6707870435183259,1.6707870435183259
Tg_yr,mean,SSP3-7.0,Total inorg. due to permafrost thaw,Wetlands,2082,1.9728683387890675,1.9728683387890675
Tg_yr,mean,SSP3-7.0,Total inorg. due to permafrost thaw,Wetlands,2083,1.8249507469136934,1.8249507469136934
Tg_yr,mean,SSP3-7.0,Total inorg. due to permafrost thaw,Wetlands,2084,1.9736484844507247,1.9736484844507247
Tg_yr,mean,SSP3-7.0,Total inorg. due to permafrost thaw,Wetlands,2085,1.994003224828439,1.994003224828439
Tg_yr,mean,SSP3-7.0,Total inorg. due to permafrost thaw,Wetlands,2086,1.8568001532680267,1.8568001532680267
Tg_yr,mean,SSP3-7.0,Total inorg. due to permafrost thaw,Wetlands,2087,2.1278754798893758,2.1278754798893758
Tg_yr,mean,SSP3-7.0,Total inorg. due to permafrost thaw,Wetlands,2088,1.7961910381188866,1.7961910381188866
Tg_yr,mean,SSP3-7.0,Total inorg. due to permafrost thaw,Wetlands,2089,2.0232990040848176,2.0232990040848176
Tg_yr,mean,SSP3-7.0,Total inorg. due to permafrost thaw,Wetlands,2090,1.9131337748724564,1.9131337748724564
Tg_yr,mean,SSP3-7.0,Total inorg. due to permafrost thaw,Wetlands,2091,1.908037638149937,1.908037638149937
Tg_yr,mean,SSP3-7.0,Total inorg. due to permafrost thaw,Wetlands,2092,2.0285992076621384,2.0285992076621384
Tg_yr,mean,SSP3-7.0,Total inorg. due to permafrost thaw,Wetlands,2093,1.804946681341297,1.804946681341297
Tg_yr,mean,SSP3-7.0,Total inorg. due to permafrost thaw,Wetlands,2094,1.9249802273375458,1.9249802273375458
Tg_yr,mean,SSP3-7.0,Total inorg. due to permafrost thaw,Wetlands,2095,1.9730151873732018,1.9730151873732018
Tg_yr,mean,SSP3-7.0,Total inorg. due to permafrost thaw,Wetlands,2096,2.0253260731930967,2.0253260731930967
Tg_yr,mean,SSP3-7.0,Total inorg. due to permafrost thaw,Wetlands,2097,2.0739966733916213,2.0739966733916213
Tg_yr,mean,SSP3-7.0,Total inorg. due to permafrost thaw,Wetlands,2098,1.9905112779123113,1.9905112779123113
Tg_yr,mean,SSP3-7.0,Total inorg. due to permafrost thaw,Wetlands,2099,1.993015505985382,1.993015505985382
Tg_yr,mean,SSP3-7.0,Total inorg. due to permafrost thaw,Barren,2000,0.09235430986469702,0.09235430986469702
Tg_yr,mean,SSP3-7.0,Total inorg. due to permafrost thaw,Barren,2001,0.6786227209506936,0.6786227209506936
Tg_yr,mean,SSP3-7.0,Total inorg. due to permafrost thaw,Barren,2002,0.4620205030636777,0.4620205030636777
Tg_yr,mean,SSP3-7.0,Total inorg. due to permafrost thaw,Barren,2003,-0.7272238964548342,-0.7272238964548342
Tg_yr,mean,SSP3-7.0,Total inorg. due to permafrost thaw,Barren,2004,0.13424446488605307,0.13424446488605307
Tg_yr,mean,SSP3-7.0,Total inorg. due to permafrost thaw,Barren,2005,0.3639566248391095,0.3639566248391095
Tg_yr,mean,SSP3-7.0,Total inorg. due to permafrost thaw,Barren,2006,-0.502108413545528,-0.502108413545528
Tg_yr,mean,SSP3-7.0,Total inorg. due to permafrost thaw,Barren,2007,0.3408911473594486,0.3408911473594486
Tg_yr,mean,SSP3-7.0,Total inorg. due to permafrost thaw,Barren,2008,0.165487598081246,0.165487598081246
Tg_yr,mean,SSP3-7.0,Total inorg. due to permafrost thaw,Barren,2009,0.6440324421843373,0.6440324421843373
Tg_yr,mean,SSP3-7.0,Total inorg. due to permafrost thaw,Barren,2010,-0.5922404488020863,-0.5922404488020863
Tg_yr,mean,SSP3-7.0,Total inorg. due to permafrost thaw,Barren,2011,0.14244562682749207,0.14244562682749207
Tg_yr,mean,SSP3-7.0,Total inorg. due to permafrost thaw,Barren,2012,-0.08903239684683678,-0.08903239684683678
Tg_yr,mean,SSP3-7.0,Total inorg. due to permafrost thaw,Barren,2013,-0.3736481128513081,-0.3736481128513081
Tg_yr,mean,SSP3-7.0,Total inorg. due to permafrost thaw,Barren,2014,0.9131556756912884,0.9131556756912884
Tg_yr,mean,SSP3-7.0,Total inorg. due to permafrost thaw,Barren,2015,-0.6838253020932397,-0.6838253020932397
Tg_yr,mean,SSP3-7.0,Total inorg. due to permafrost thaw,Barren,2016,-0.5151280681199434,-0.5151280681199434
Tg_yr,mean,SSP3-7.0,Total inorg. due to permafrost thaw,Barren,2017,1.0277671814368656,1.0277671814368656
Tg_yr,mean,SSP3-7.0,Total inorg. due to permafrost thaw,Barren,2018,-0.38855290058277897,-0.38855290058277897
Tg_yr,mean,SSP3-7.0,Total inorg. due to permafrost thaw,Barren,2019,-0.3011029894675019,-0.3011029894675019
Tg_yr,mean,SSP3-7.0,Total inorg. due to permafrost thaw,Barren,2020,1.0708489857461834,1.0708489857461834
Tg_yr,mean,SSP3-7.0,Total inorg. due to permafrost thaw,Barren,2080,0.36224073385057504,0.36224073385057504
Tg_yr,mean,SSP3-7.0,Total inorg. due to permafrost thaw,Barren,2081,0.16691196635699296,0.16691196635699296
Tg_yr,mean,SSP3-7.0,Total inorg. due to permafrost thaw,Barren,2082,0.1855634940127739,0.1855634940127739
Tg_yr,mean,SSP3-7.0,Total inorg. due to permafrost thaw,Barren,2083,0.320275028449077,0.320275028449077
Tg_yr,mean,SSP3-7.0,Total inorg. due to permafrost thaw,Barren,2084,0.38714315721339904,0.38714315721339904
Tg_yr,mean,SSP3-7.0,Total inorg. due to permafrost thaw,Barren,2085,0.27249672724232293,0.27249672724232293
Tg_yr,mean,SSP3-7.0,Total inorg. due to permafrost thaw,Barren,2086,0.25043837204424646,0.25043837204424646
Tg_yr,mean,SSP3-7.0,Total inorg. due to permafrost thaw,Barren,2087,0.09907415021727102,0.09907415021727102
Tg_yr,mean,SSP3-7.0,Total inorg. due to permafrost thaw,Barren,2088,0.33504714420569837,0.33504714420569837
Tg_yr,mean,SSP3-7.0,Total inorg. due to permafrost thaw,Barren,2089,0.2351561106052579,0.2351561106052579
Tg_yr,mean,SSP3-7.0,Total inorg. due to permafrost thaw,Barren,2090,0.11197288169572711,0.11197288169572711
Tg_yr,mean,SSP3-7.0,Total inorg. due to permafrost thaw,Barren,2091,0.5540667228116983,0.5540667228116983
Tg_yr,mean,SSP3-7.0,Total inorg. due to permafrost thaw,Barren,2092,0.25714860962514474,0.25714860962514474
Tg_yr,mean,SSP3-7.0,Total inorg. due to permafrost thaw,Barren,2093,0.1972604309100648,0.1972604309100648
Tg_yr,mean,SSP3-7.0,Total inorg. due to permafrost thaw,Barren,2094,0.12640894622560922,0.12640894622560922
Tg_yr,mean,SSP3-7.0,Total inorg. due to permafrost thaw,Barren,2095,0.44981134571002834,0.44981134571002834
Tg_yr,mean,SSP3-7.0,Total inorg. due to permafrost thaw,Barren,2096,0.20383477075039233,0.20383477075039233
Tg_yr,mean,SSP3-7.0,Total inorg. due to permafrost thaw,Barren,2097,0.44888403597504284,0.44888403597504284
Tg_yr,mean,SSP3-7.0,Total inorg. due to permafrost thaw,Barren,2098,0.22240202536867817,0.22240202536867817
Tg_yr,mean,SSP3-7.0,Total inorg. due to permafrost thaw,Barren,2099,0.2469605663711833,0.2469605663711833
Tg_yr,mean,SSP3-7.0,Total inorg. due to permafrost thaw,Pan-Arctic,2000,1.7075940411513941,1.7075940411513941
Tg_yr,mean,SSP3-7.0,Total inorg. due to permafrost thaw,Pan-Arctic,2001,8.192414107121314,8.192414107121314
Tg_yr,mean,SSP3-7.0,Total inorg. due to permafrost thaw,Pan-Arctic,2002,2.363524159964367,2.363524159964367
Tg_yr,mean,SSP3-7.0,Total inorg. due to permafrost thaw,Pan-Arctic,2003,-0.9170325914312623,-0.9170325914312623
Tg_yr,mean,SSP3-7.0,Total inorg. due to permafrost thaw,Pan-Arctic,2004,9.638886956430367,9.638886956430367
Tg_yr,mean,SSP3-7.0,Total inorg. due to permafrost thaw,Pan-Arctic,2005,2.9497401759686555,2.9497401759686555
Tg_yr,mean,SSP3-7.0,Total inorg. due to permafrost thaw,Pan-Arctic,2006,8.177403159438272,8.177403159438272
Tg_yr,mean,SSP3-7.0,Total inorg. due to permafrost thaw,Pan-Arctic,2007,5.846172510760819,5.846172510760819
Tg_yr,mean,SSP3-7.0,Total inorg. due to permafrost thaw,Pan-Arctic,2008,6.524472211066711,6.524472211066711
Tg_yr,mean,SSP3-7.0,Total inorg. due to permafrost thaw,Pan-Arctic,2009,3.2578447446782026,3.2578447446782026
Tg_yr,mean,SSP3-7.0,Total inorg. due to permafrost thaw,Pan-Arctic,2010,0.7751995957830597,0.7751995957830597
Tg_yr,mean,SSP3-7.0,Total inorg. due to permafrost thaw,Pan-Arctic,2011,1.3195911484873448,1.3195911484873448
Tg_yr,mean,SSP3-7.0,Total inorg. due to permafrost thaw,Pan-Arctic,2012,4.5559689373700705,4.5559689373700705
Tg_yr,mean,SSP3-7.0,Total inorg. due to permafrost thaw,Pan-Arctic,2013,1.982853934129181,1.982853934129181
Tg_yr,mean,SSP3-7.0,Total inorg. due to permafrost thaw,Pan-Arctic,2014,15.995799439594187,15.995799439594187
Tg_yr,mean,SSP3-7.0,Total inorg. due to permafrost thaw,Pan-Arctic,2015,-6.947142936411548,-6.947142936411548
Tg_yr,mean,SSP3-7.0,Total inorg. due to permafrost thaw,Pan-Arctic,2016,-1.2914771001301317,-1.2914771001301317
Tg_yr,mean,SSP3-7.0,Total inorg. due to permafrost thaw,Pan-Arctic,2017,9.16423213610345,9.16423213610345
Tg_yr,mean,SSP3-7.0,Total inorg. due to permafrost thaw,Pan-Arctic,2018,5.712535885061593,5.712535885061593
Tg_yr,mean,SSP3-7.0,Total inorg. due to permafrost thaw,Pan-Arctic,2019,6.664196747228902,6.664196747228902
Tg_yr,mean,SSP3-7.0,Total inorg. due to permafrost thaw,Pan-Arctic,2020,10.445820578677298,10.445820578677298
Tg_yr,mean,SSP3-7.0,Total inorg. due to permafrost thaw,Pan-Arctic,2080,19.435912327235304,19.435912327235304
Tg_yr,mean,SSP3-7.0,Total inorg. due to permafrost thaw,Pan-Arctic,2081,14.404285814636012,14.404285814636012
Tg_yr,mean,SSP3-7.0,Total inorg. due to permafrost thaw,Pan-Arctic,2082,20.779655281422503,20.779655281422503
Tg_yr,mean,SSP3-7.0,Total inorg. due to permafrost thaw,Pan-Arctic,2083,18.9091131159641,18.9091131159641
Tg_yr,mean,SSP3-7.0,Total inorg. due to permafrost thaw,Pan-Arctic,2084,19.040133038486218,19.040133038486218
Tg_yr,mean,SSP3-7.0,Total inorg. due to permafrost thaw,Pan-Arctic,2085,22.587571142451957,22.587571142451957
Tg_yr,mean,SSP3-7.0,Total inorg. due to permafrost thaw,Pan-Arctic,2086,19.513563885022702,19.513563885022702
Tg_yr,mean,SSP3-7.0,Total inorg. due to permafrost thaw,Pan-Arctic,2087,20.145102271216093,20.145102271216093
Tg_yr,mean,SSP3-7.0,Total inorg. due to permafrost thaw,Pan-Arctic,2088,21.205423282840798,21.205423282840798
Tg_yr,mean,SSP3-7.0,Total inorg. due to permafrost thaw,Pan-Arctic,2089,20.459454014334845,20.459454014334845
Tg_yr,mean,SSP3-7.0,Total inorg. due to permafrost thaw,Pan-Arctic,2090,20.845100951591437,20.845100951591437
Tg_yr,mean,SSP3-7.0,Total inorg. due to permafrost thaw,Pan-Arctic,2091,21.93287515265017,21.93287515265017
Tg_yr,mean,SSP3-7.0,Total inorg. due to permafrost thaw,Pan-Arctic,2092,19.855517637350925,19.855517637350925
Tg_yr,mean,SSP3-7.0,Total inorg. due to permafrost thaw,Pan-Arctic,2093,17.065431819619363,17.065431819619363
Tg_yr,mean,SSP3-7.0,Total inorg. due to permafrost thaw,Pan-Arctic,2094,20.582781719761684,20.582781719761684
Tg_yr,mean,SSP3-7.0,Total inorg. due to permafrost thaw,Pan-Arctic,2095,21.85584793267324,21.85584793267324
Tg_yr,mean,SSP3-7.0,Total inorg. due to permafrost thaw,Pan-Arctic,2096,21.364409615869775,21.364409615869775
Tg_yr,mean,SSP3-7.0,Total inorg. due to permafrost thaw,Pan-Arctic,2097,23.278163550041544,23.278163550041544
Tg_yr,mean,SSP3-7.0,Total inorg. due to permafrost thaw,Pan-Arctic,2098,19.93526570160011,19.93526570160011
Tg_yr,mean,SSP3-7.0,Total inorg. due to permafrost thaw,Pan-Arctic,2099,23.228218299328105,23.228218299328105
Tg_yr,plus,SSP3-7.0,Total inorg. due to permafrost thaw,Taiga,2000,3.7556806302347736,3.7556806302347736
Tg_yr,plus,SSP3-7.0,Total inorg. due to permafrost thaw,Taiga,2001,4.685899759791226,4.685899759791226
Tg_yr,plus,SSP3-7.0,Total inorg. due to permafrost thaw,Taiga,2002,1.3220316696998258,1.3220316696998258
Tg_yr,plus,SSP3-7.0,Total inorg. due to permafrost thaw,Taiga,2003,1.175741444001196,1.175741444001196
Tg_yr,plus,SSP3-7.0,Total inorg. due to permafrost thaw,Taiga,2004,3.7979238218139257,3.7979238218139257
Tg_yr,plus,SSP3-7.0,Total inorg. due to permafrost thaw,Taiga,2005,0.8260796543381812,0.8260796543381812
Tg_yr,plus,SSP3-7.0,Total inorg. due to permafrost thaw,Taiga,2006,6.181592118687957,6.181592118687957
Tg_yr,plus,SSP3-7.0,Total inorg. due to permafrost thaw,Taiga,2007,3.6243588046435673,3.6243588046435673
Tg_yr,plus,SSP3-7.0,Total inorg. due to permafrost thaw,Taiga,2008,3.328809531625605,3.328809531625605
Tg_yr,plus,SSP3-7.0,Total inorg. due to permafrost thaw,Taiga,2009,0.3728777200630724,0.3728777200630724
Tg_yr,plus,SSP3-7.0,Total inorg. due to permafrost thaw,Taiga,2010,4.0285697294237375,4.0285697294237375
Tg_yr,plus,SSP3-7.0,Total inorg. due to permafrost thaw,Taiga,2011,0.09739148230530392,0.09739148230530392
Tg_yr,plus,SSP3-7.0,Total inorg. due to permafrost thaw,Taiga,2012,2.1364383213230744,2.1364383213230744
Tg_yr,plus,SSP3-7.0,Total inorg. due to permafrost thaw,Taiga,2013,2.1773158485897444,2.1773158485897444
Tg_yr,plus,SSP3-7.0,Total inorg. due to permafrost thaw,Taiga,2014,6.616945869578286,6.616945869578286
Tg_yr,plus,SSP3-7.0,Total inorg. due to permafrost thaw,Taiga,2015,-1.1534001225079995,-1.1534001225079995
Tg_yr,plus,SSP3-7.0,Total inorg. due to permafrost thaw,Taiga,2016,0.7728922273858506,0.7728922273858506
Tg_yr,plus,SSP3-7.0,Total inorg. due to permafrost thaw,Taiga,2017,3.0804303074257073,3.0804303074257073
Tg_yr,plus,SSP3-7.0,Total inorg. due to permafrost thaw,Taiga,2018,4.860509578347741,4.860509578347741
Tg_yr,plus,SSP3-7.0,Total inorg. due to permafrost thaw,Taiga,2019,2.3307987897064857,2.3307987897064857
Tg_yr,plus,SSP3-7.0,Total inorg. due to permafrost thaw,Taiga,2020,6.271317242004291,6.271317242004291
Tg_yr,plus,SSP3-7.0,Total inorg. due to permafrost thaw,Taiga,2080,6.946961023117509,6.946961023117509
Tg_yr,plus,SSP3-7.0,Total inorg. due to permafrost thaw,Taiga,2081,6.504579061973572,6.504579061973572
Tg_yr,plus,SSP3-7.0,Total inorg. due to permafrost thaw,Taiga,2082,7.446327967311291,7.446327967311291
Tg_yr,plus,SSP3-7.0,Total inorg. due to permafrost thaw,Taiga,2083,7.524615574374691,7.524615574374691
Tg_yr,plus,SSP3-7.0,Total inorg. due to permafrost thaw,Taiga,2084,7.562859434087085,7.562859434087085
Tg_yr,plus,SSP3-7.0,Total inorg. due to permafrost thaw,Taiga,2085,7.415464941191962,7.415464941191962
Tg_yr,plus,SSP3-7.0,Total inorg. due to permafrost thaw,Taiga,2086,7.619331235517444,7.619331235517444
Tg_yr,plus,SSP3-7.0,Total inorg. due to permafrost thaw,Taiga,2087,7.690405258079139,7.690405258079139
Tg_yr,plus,SSP3-7.0,Total inorg. due to permafrost thaw,Taiga,2088,7.776048427404167,7.776048427404167
Tg_yr,plus,SSP3-7.0,Total inorg. due to permafrost thaw,Taiga,2089,7.424459582707235,7.424459582707235
Tg_yr,plus,SSP3-7.0,Total inorg. due to permafrost thaw,Taiga,2090,7.3594962130363,7.3594962130363
Tg_yr,plus,SSP3-7.0,Total inorg. due to permafrost thaw,Taiga,2091,8.079039555024202,8.079039555024202
Tg_yr,plus,SSP3-7.0,Total inorg. due to permafrost thaw,Taiga,2092,7.732853164571443,7.732853164571443
Tg_yr,plus,SSP3-7.0,Total inorg. due to permafrost thaw,Taiga,2093,7.611575459240847,7.611575459240847
Tg_yr,plus,SSP3-7.0,Total inorg. due to permafrost thaw,Taiga,2094,7.997321201419377,7.997321201419377
Tg_yr,plus,SSP3-7.0,Total inorg. due to permafrost thaw,Taiga,2095,7.842636757710397,7.842636757710397
Tg_yr,plus,SSP3-7.0,Total inorg. due to permafrost thaw,Taiga,2096,7.97096605516367,7.97096605516367
Tg_yr,plus,SSP3-7.0,Total inorg. due to permafrost thaw,Taiga,2097,7.96316506405866,7.96316506405866
Tg_yr,plus,SSP3-7.0,Total inorg. due to permafrost thaw,Taiga,2098,8.37033844631426,8.37033844631426
Tg_yr,plus,SSP3-7.0,Total inorg. due to permafrost thaw,Taiga,2099,7.680878570209508,7.680878570209508
Tg_yr,plus,SSP3-7.0,Total inorg. due to permafrost thaw,Tundra,2000,-2.4369363371227535,-2.4369363371227535
Tg_yr,plus,SSP3-7.0,Total inorg. due to permafrost thaw,Tundra,2001,7.285235330164988,7.285235330164988
Tg_yr,plus,SSP3-7.0,Total inorg. due to permafrost thaw,Tundra,2002,-0.5084253300135214,-0.5084253300135214
Tg_yr,plus,SSP3-7.0,Total inorg. due to permafrost thaw,Tundra,2003,1.4779115028303083,1.4779115028303083
Tg_yr,plus,SSP3-7.0,Total inorg. due to permafrost thaw,Tundra,2004,7.508950753072991,7.508950753072991
Tg_yr,plus,SSP3-7.0,Total inorg. due to permafrost thaw,Tundra,2005,0.2552737820842784,0.2552737820842784
Tg_yr,plus,SSP3-7.0,Total inorg. due to permafrost thaw,Tundra,2006,6.008135125109709,6.008135125109709
Tg_yr,plus,SSP3-7.0,Total inorg. due to permafrost thaw,Tundra,2007,7.279274616842909,7.279274616842909
Tg_yr,plus,SSP3-7.0,Total inorg. due to permafrost thaw,Tundra,2008,3.928634974848659,3.928634974848659
Tg_yr,plus,SSP3-7.0,Total inorg. due to permafrost thaw,Tundra,2009,4.212617701948753,4.212617701948753
Tg_yr,plus,SSP3-7.0,Total inorg. due to permafrost thaw,Tundra,2010,-6.214070884787333,-6.214070884787333
Tg_yr,plus,SSP3-7.0,Total inorg. due to permafrost thaw,Tundra,2011,3.196506944885029,3.196506944885029
Tg_yr,plus,SSP3-7.0,Total inorg. due to permafrost thaw,Tundra,2012,4.65774642526656,4.65774642526656
Tg_yr,plus,SSP3-7.0,Total inorg. due to permafrost thaw,Tundra,2013,-1.8092450539948306,-1.8092450539948306
Tg_yr,plus,SSP3-7.0,Total inorg. due to permafrost thaw,Tundra,2014,13.804577089726108,13.804577089726108
Tg_yr,plus,SSP3-7.0,Total inorg. due to permafrost thaw,Tundra,2015,-10.861166186104178,-10.861166186104178
Tg_yr,plus,SSP3-7.0,Total inorg. due to permafrost thaw,Tundra,2016,2.478879022478372,2.478879022478372
Tg_yr,plus,SSP3-7.0,Total inorg. due to permafrost thaw,Tundra,2017,3.083364627490472,3.083364627490472
Tg_yr,plus,SSP3-7.0,Total inorg. due to permafrost thaw,Tundra,2018,3.248566956907121,3.248566956907121
Tg_yr,plus,SSP3-7.0,Total inorg. due to permafrost thaw,Tundra,2019,9.662916532528918,9.662916532528918
Tg_yr,plus,SSP3-7.0,Total inorg. due to permafrost thaw,Tundra,2020,0.9768474617802784,0.9768474617802784
Tg_yr,plus,SSP3-7.0,Total inorg. due to permafrost thaw,Tundra,2080,10.638378071577668,10.638378071577668
Tg_yr,plus,SSP3-7.0,Total inorg. due to permafrost thaw,Tundra,2081,8.64029278729322,8.64029278729322
Tg_yr,plus,SSP3-7.0,Total inorg. due to permafrost thaw,Tundra,2082,11.454510108395699,11.454510108395699
Tg_yr,plus,SSP3-7.0,Total inorg. due to permafrost thaw,Tundra,2083,9.866797786105717,9.866797786105717
Tg_yr,plus,SSP3-7.0,Total inorg. due to permafrost thaw,Tundra,2084,12.651443421261806,12.651443421261806
Tg_yr,plus,SSP3-7.0,Total inorg. due to permafrost thaw,Tundra,2085,11.935332696597513,11.935332696597513
Tg_yr,plus,SSP3-7.0,Total inorg. due to permafrost thaw,Tundra,2086,11.62214540931478,11.62214540931478
Tg_yr,plus,SSP3-7.0,Total inorg. due to permafrost thaw,Tundra,2087,11.072977162070844,11.072977162070844
Tg_yr,plus,SSP3-7.0,Total inorg. due to permafrost thaw,Tundra,2088,12.95632486843846,12.95632486843846
Tg_yr,plus,SSP3-7.0,Total inorg. due to permafrost thaw,Tundra,2089,11.543771611130175,11.543771611130175
Tg_yr,plus,SSP3-7.0,Total inorg. due to permafrost thaw,Tundra,2090,13.445990232154966,13.445990232154966
Tg_yr,plus,SSP3-7.0,Total inorg. due to permafrost thaw,Tundra,2091,11.388225700060328,11.388225700060328
Tg_yr,plus,SSP3-7.0,Total inorg. due to permafrost thaw,Tundra,2092,12.341130630193017,12.341130630193017
Tg_yr,plus,SSP3-7.0,Total inorg. due to permafrost thaw,Tundra,2093,12.264679525858234,12.264679525858234
Tg_yr,plus,SSP3-7.0,Total inorg. due to permafrost thaw,Tundra,2094,11.965531721901845,11.965531721901845
Tg_yr,plus,SSP3-7.0,Total inorg. due to permafrost thaw,Tundra,2095,12.235873255179726,12.235873255179726
Tg_yr,plus,SSP3-7.0,Total inorg. due to permafrost thaw,Tundra,2096,12.084573557127765,12.084573557127765
Tg_yr,plus,SSP3-7.0,Total inorg. due to permafrost thaw,Tundra,2097,12.060823257531785,12.060823257531785
Tg_yr,plus,SSP3-7.0,Total inorg. due to permafrost thaw,Tundra,2098,12.961397357804033,12.961397357804033
Tg_yr,plus,SSP3-7.0,Total inorg. due to permafrost thaw,Tundra,2099,12.420163075103309,12.420163075103309
Tg_yr,plus,SSP3-7.0,Total inorg. due to permafrost thaw,Wetlands,2000,-0.19826896128049543,-0.19826896128049543
Tg_yr,plus,SSP3-7.0,Total inorg. due to permafrost thaw,Wetlands,2001,0.4643916514104358,0.4643916514104358
Tg_yr,plus,SSP3-7.0,Total inorg. due to permafrost thaw,Wetlands,2002,-0.05058185503497708,-0.05058185503497708
Tg_yr,plus,SSP3-7.0,Total inorg. due to permafrost thaw,Wetlands,2003,-0.3915460086891358,-0.3915460086891358
Tg_yr,plus,SSP3-7.0,Total inorg. due to permafrost thaw,Wetlands,2004,0.7759439362951333,0.7759439362951333
Tg_yr,plus,SSP3-7.0,Total inorg. due to permafrost thaw,Wetlands,2005,0.44393417570524363,0.44393417570524363
Tg_yr,plus,SSP3-7.0,Total inorg. due to permafrost thaw,Wetlands,2006,1.2289365000342904,1.2289365000342904
Tg_yr,plus,SSP3-7.0,Total inorg. due to permafrost thaw,Wetlands,2007,0.33870600146813196,0.33870600146813196
Tg_yr,plus,SSP3-7.0,Total inorg. due to permafrost thaw,Wetlands,2008,0.36989814354420986,0.36989814354420986
Tg_yr,plus,SSP3-7.0,Total inorg. due to permafrost thaw,Wetlands,2009,0.11387882084900845,0.11387882084900845
Tg_yr,plus,SSP3-7.0,Total inorg. due to permafrost thaw,Wetlands,2010,0.6978473943821737,0.6978473943821737
Tg_yr,plus,SSP3-7.0,Total inorg. due to permafrost thaw,Wetlands,2011,-0.03725864440717512,-0.03725864440717512
Tg_yr,plus,SSP3-7.0,Total inorg. due to permafrost thaw,Wetlands,2012,1.336590387783114,1.336590387783114
Tg_yr,plus,SSP3-7.0,Total inorg. due to permafrost thaw,Wetlands,2013,-0.5885888701739652,-0.5885888701739652
Tg_yr,plus,SSP3-7.0,Total inorg. due to permafrost thaw,Wetlands,2014,1.1463686895964575,1.1463686895964575
Tg_yr,plus,SSP3-7.0,Total inorg. due to permafrost thaw,Wetlands,2015,2.460504604865981,2.460504604865981
Tg_yr,plus,SSP3-7.0,Total inorg. due to permafrost thaw,Wetlands,2016,-2.4799139591778734,-2.4799139591778734
Tg_yr,plus,SSP3-7.0,Total inorg. due to permafrost thaw,Wetlands,2017,2.837152886816596,2.837152886816596
Tg_yr,plus,SSP3-7.0,Total inorg. due to permafrost thaw,Wetlands,2018,-0.5564558822939014,-0.5564558822939014
Tg_yr,plus,SSP3-7.0,Total inorg. due to permafrost thaw,Wetlands,2019,-0.1964805492387658,-0.1964805492387658
Tg_yr,plus,SSP3-7.0,Total inorg. due to permafrost thaw,Wetlands,2020,4.5796054379017574,4.5796054379017574
Tg_yr,plus,SSP3-7.0,Total inorg. due to permafrost thaw,Wetlands,2080,1.6781467941695394,1.6781467941695394
Tg_yr,plus,SSP3-7.0,Total inorg. due to permafrost thaw,Wetlands,2081,1.7100607152358034,1.7100607152358034
Tg_yr,plus,SSP3-7.0,Total inorg. due to permafrost thaw,Wetlands,2082,1.8213393075101696,1.8213393075101696
Tg_yr,plus,SSP3-7.0,Total inorg. due to permafrost thaw,Wetlands,2083,1.7557737815122056,1.7557737815122056
Tg_yr,plus,SSP3-7.0,Total inorg. due to permafrost thaw,Wetlands,2084,1.8555437100188727,1.8555437100188727
Tg_yr,plus,SSP3-7.0,Total inorg. due to permafrost thaw,Wetlands,2085,1.8134257903031015,1.8134257903031015
Tg_yr,plus,SSP3-7.0,Total inorg. due to permafrost thaw,Wetlands,2086,1.8715881919687694,1.8715881919687694
Tg_yr,plus,SSP3-7.0,Total inorg. due to permafrost thaw,Wetlands,2087,1.8102023915076708,1.8102023915076708
Tg_yr,plus,SSP3-7.0,Total inorg. due to permafrost thaw,Wetlands,2088,1.8136728083533007,1.8136728083533007
Tg_yr,plus,SSP3-7.0,Total inorg. due to permafrost thaw,Wetlands,2089,1.8176857378730513,1.8176857378730513
Tg_yr,plus,SSP3-7.0,Total inorg. due to permafrost thaw,Wetlands,2090,1.8623856861043468,1.8623856861043468
Tg_yr,plus,SSP3-7.0,Total inorg. due to permafrost thaw,Wetlands,2091,1.8300987967890274,1.8300987967890274
Tg_yr,plus,SSP3-7.0,Total inorg. due to permafrost thaw,Wetlands,2092,1.9223054894680243,1.9223054894680243
Tg_yr,plus,SSP3-7.0,Total inorg. due to permafrost thaw,Wetlands,2093,1.8346707206338762,1.8346707206338762
Tg_yr,plus,SSP3-7.0,Total inorg. due to permafrost thaw,Wetlands,2094,1.8415577316758525,1.8415577316758525
Tg_yr,plus,SSP3-7.0,Total inorg. due to permafrost thaw,Wetlands,2095,1.844358911298876,1.844358911298876
Tg_yr,plus,SSP3-7.0,Total inorg. due to permafrost thaw,Wetlands,2096,1.9542547970565962,1.9542547970565962
Tg_yr,plus,SSP3-7.0,Total inorg. due to permafrost thaw,Wetlands,2097,1.8581357548412398,1.8581357548412398
Tg_yr,plus,SSP3-7.0,Total inorg. due to permafrost thaw,Wetlands,2098,1.9500023248690996,1.9500023248690996
Tg_yr,plus,SSP3-7.0,Total inorg. due to permafrost thaw,Wetlands,2099,1.847522286265338,1.847522286265338
Tg_yr,plus,SSP3-7.0,Total inorg. due to permafrost thaw,Barren,2000,0.31445246252883385,0.31445246252883385
Tg_yr,plus,SSP3-7.0,Total inorg. due to permafrost thaw,Barren,2001,0.8631529791370093,0.8631529791370093
Tg_yr,plus,SSP3-7.0,Total inorg. due to permafrost thaw,Barren,2002,0.9310481872149785,0.9310481872149785
Tg_yr,plus,SSP3-7.0,Total inorg. due to permafrost thaw,Barren,2003,-1.1934499518240593,-1.1934499518240593
Tg_yr,plus,SSP3-7.0,Total inorg. due to permafrost thaw,Barren,2004,0.10895670928619641,0.10895670928619641
Tg_yr,plus,SSP3-7.0,Total inorg. due to permafrost thaw,Barren,2005,0.059649299655409486,0.059649299655409486
Tg_yr,plus,SSP3-7.0,Total inorg. due to permafrost thaw,Barren,2006,-0.6329065469704216,-0.6329065469704216
Tg_yr,plus,SSP3-7.0,Total inorg. due to permafrost thaw,Barren,2007,0.635922150543465,0.635922150543465
Tg_yr,plus,SSP3-7.0,Total inorg. due to permafrost thaw,Barren,2008,0.8015720414971359,0.8015720414971359
Tg_yr,plus,SSP3-7.0,Total inorg. due to permafrost thaw,Barren,2009,0.5439452037770344,0.5439452037770344
Tg_yr,plus,SSP3-7.0,Total inorg. due to permafrost thaw,Barren,2010,-1.1160645492641579,-1.1160645492641579
Tg_yr,plus,SSP3-7.0,Total inorg. due to permafrost thaw,Barren,2011,0.4641068197417393,0.4641068197417393
Tg_yr,plus,SSP3-7.0,Total inorg. due to permafrost thaw,Barren,2012,-0.305504066405123,-0.305504066405123
Tg_yr,plus,SSP3-7.0,Total inorg. due to permafrost thaw,Barren,2013,-0.666268471205664,-0.666268471205664
Tg_yr,plus,SSP3-7.0,Total inorg. due to permafrost thaw,Barren,2014,1.3909579620699806,1.3909579620699806
Tg_yr,plus,SSP3-7.0,Total inorg. due to permafrost thaw,Barren,2015,-1.0731459640744871,-1.0731459640744871
Tg_yr,plus,SSP3-7.0,Total inorg. due to permafrost thaw,Barren,2016,-0.7921349676086346,-0.7921349676086346
Tg_yr,plus,SSP3-7.0,Total inorg. due to permafrost thaw,Barren,2017,1.4381369044871308,1.4381369044871308
Tg_yr,plus,SSP3-7.0,Total inorg. due to permafrost thaw,Barren,2018,-0.5613280311354764,-0.5613280311354764
Tg_yr,plus,SSP3-7.0,Total inorg. due to permafrost thaw,Barren,2019,-0.5667008757146965,-0.5667008757146965
Tg_yr,plus,SSP3-7.0,Total inorg. due to permafrost thaw,Barren,2020,1.5770844091470178,1.5770844091470178
Tg_yr,plus,SSP3-7.0,Total inorg. due to permafrost thaw,Barren,2080,0.513289585897422,0.513289585897422
Tg_yr,plus,SSP3-7.0,Total inorg. due to permafrost thaw,Barren,2081,0.3427257367787978,0.3427257367787978
Tg_yr,plus,SSP3-7.0,Total inorg. due to permafrost thaw,Barren,2082,0.27515294722654254,0.27515294722654254
Tg_yr,plus,SSP3-7.0,Total inorg. due to permafrost thaw,Barren,2083,0.5757301040570943,0.5757301040570943
Tg_yr,plus,SSP3-7.0,Total inorg. due to permafrost thaw,Barren,2084,0.5485433889040383,0.5485433889040383
Tg_yr,plus,SSP3-7.0,Total inorg. due to permafrost thaw,Barren,2085,0.38898635686299,0.38898635686299
Tg_yr,plus,SSP3-7.0,Total inorg. due to permafrost thaw,Barren,2086,0.34109132171639345,0.34109132171639345
Tg_yr,plus,SSP3-7.0,Total inorg. due to permafrost thaw,Barren,2087,0.209318548457922,0.209318548457922
Tg_yr,plus,SSP3-7.0,Total inorg. due to permafrost thaw,Barren,2088,0.4949450739180303,0.4949450739180303
Tg_yr,plus,SSP3-7.0,Total inorg. due to permafrost thaw,Barren,2089,0.2900551735611646,0.2900551735611646
Tg_yr,plus,SSP3-7.0,Total inorg. due to permafrost thaw,Barren,2090,0.046731275981014536,0.046731275981014536
Tg_yr,plus,SSP3-7.0,Total inorg. due to permafrost thaw,Barren,2091,0.6604131770556675,0.6604131770556675
Tg_yr,plus,SSP3-7.0,Total inorg. due to permafrost thaw,Barren,2092,0.4611399380464186,0.4611399380464186
Tg_yr,plus,SSP3-7.0,Total inorg. due to permafrost thaw,Barren,2093,0.46145456551425457,0.46145456551425457
Tg_yr,plus,SSP3-7.0,Total inorg. due to permafrost thaw,Barren,2094,0.24041550414498788,0.24041550414498788
Tg_yr,plus,SSP3-7.0,Total inorg. due to permafrost thaw,Barren,2095,0.5132743432400271,0.5132743432400271
Tg_yr,plus,SSP3-7.0,Total inorg. due to permafrost thaw,Barren,2096,0.281840677910614,0.281840677910614
Tg_yr,plus,SSP3-7.0,Total inorg. due to permafrost thaw,Barren,2097,0.653813377364367,0.653813377364367
Tg_yr,plus,SSP3-7.0,Total inorg. due to permafrost thaw,Barren,2098,0.30538428691705627,0.30538428691705627
Tg_yr,plus,SSP3-7.0,Total inorg. due to permafrost thaw,Barren,2099,0.2874937510620119,0.2874937510620119
Tg_yr,plus,SSP3-7.0,Total inorg. due to permafrost thaw,Pan-Arctic,2000,1.4349277943603584,1.4349277943603584
Tg_yr,plus,SSP3-7.0,Total inorg. due to permafrost thaw,Pan-Arctic,2001,13.29867972050366,13.29867972050366
Tg_yr,plus,SSP3-7.0,Total inorg. due to permafrost thaw,Pan-Arctic,2002,1.6940726718663057,1.6940726718663057
Tg_yr,plus,SSP3-7.0,Total inorg. due to permafrost thaw,Pan-Arctic,2003,1.0686569863183093,1.0686569863183093
Tg_yr,plus,SSP3-7.0,Total inorg. due to permafrost thaw,Pan-Arctic,2004,12.191775220468246,12.191775220468246
Tg_yr,plus,SSP3-7.0,Total inorg. due to permafrost thaw,Pan-Arctic,2005,1.5849369117831127,1.5849369117831127
Tg_yr,plus,SSP3-7.0,Total inorg. due to permafrost thaw,Pan-Arctic,2006,12.785757196861535,12.785757196861535
Tg_yr,plus,SSP3-7.0,Total inorg. due to permafrost thaw,Pan-Arctic,2007,11.878261573498074,11.878261573498074
Tg_yr,plus,SSP3-7.0,Total inorg. due to permafrost thaw,Pan-Arctic,2008,8.42891469151561,8.42891469151561
Tg_yr,plus,SSP3-7.0,Total inorg. due to permafrost thaw,Pan-Arctic,2009,5.2433194466378685,5.2433194466378685
Tg_yr,plus,SSP3-7.0,Total inorg. due to permafrost thaw,Pan-Arctic,2010,-2.60371831024558,-2.60371831024558
Tg_yr,plus,SSP3-7.0,Total inorg. due to permafrost thaw,Pan-Arctic,2011,3.7207466025248976,3.7207466025248976
Tg_yr,plus,SSP3-7.0,Total inorg. due to permafrost thaw,Pan-Arctic,2012,7.825271067967626,7.825271067967626
Tg_yr,plus,SSP3-7.0,Total inorg. due to permafrost thaw,Pan-Arctic,2013,-0.8867865467847157,-0.8867865467847157
Tg_yr,plus,SSP3-7.0,Total inorg. due to permafrost thaw,Pan-Arctic,2014,22.958849610970834,22.958849610970834
Tg_yr,plus,SSP3-7.0,Total inorg. due to permafrost thaw,Pan-Arctic,2015,-10.627207667820684,-10.627207667820684
Tg_yr,plus,SSP3-7.0,Total inorg. due to permafrost thaw,Pan-Arctic,2016,-0.0202776769222854,-0.0202776769222854
Tg_yr,plus,SSP3-7.0,Total inorg. due to permafrost thaw,Pan-Arctic,2017,10.439084726219907,10.439084726219907
Tg_yr,plus,SSP3-7.0,Total inorg. due to permafrost thaw,Pan-Arctic,2018,6.991292621825484,6.991292621825484
Tg_yr,plus,SSP3-7.0,Total inorg. due to permafrost thaw,Pan-Arctic,2019,11.23053389728194,11.23053389728194
Tg_yr,plus,SSP3-7.0,Total inorg. due to permafrost thaw,Pan-Arctic,2020,13.404854550833345,13.404854550833345
Tg_yr,plus,SSP3-7.0,Total inorg. due to permafrost thaw,Pan-Arctic,2080,19.776775474762136,19.776775474762136
Tg_yr,plus,SSP3-7.0,Total inorg. due to permafrost thaw,Pan-Arctic,2081,17.197658301281393,17.197658301281393
Tg_yr,plus,SSP3-7.0,Total inorg. due to permafrost thaw,Pan-Arctic,2082,20.997330330443702,20.997330330443702
Tg_yr,plus,SSP3-7.0,Total inorg. due to permafrost thaw,Pan-Arctic,2083,19.722917246049708,19.722917246049708
Tg_yr,plus,SSP3-7.0,Total inorg. due to permafrost thaw,Pan-Arctic,2084,22.618389954271805,22.618389954271805
Tg_yr,plus,SSP3-7.0,Total inorg. due to permafrost thaw,Pan-Arctic,2085,21.553209784955566,21.553209784955566
Tg_yr,plus,SSP3-7.0,Total inorg. due to permafrost thaw,Pan-Arctic,2086,21.454156158517385,21.454156158517385
Tg_yr,plus,SSP3-7.0,Total inorg. due to permafrost thaw,Pan-Arctic,2087,20.782903360115576,20.782903360115576
Tg_yr,plus,SSP3-7.0,Total inorg. due to permafrost thaw,Pan-Arctic,2088,23.040991178113956,23.040991178113956
Tg_yr,plus,SSP3-7.0,Total inorg. due to permafrost thaw,Pan-Arctic,2089,21.075972105271628,21.075972105271628
Tg_yr,plus,SSP3-7.0,Total inorg. due to permafrost thaw,Pan-Arctic,2090,22.714603407276623,22.714603407276623
Tg_yr,plus,SSP3-7.0,Total inorg. due to permafrost thaw,Pan-Arctic,2091,21.957777228929228,21.957777228929228
Tg_yr,plus,SSP3-7.0,Total inorg. due to permafrost thaw,Pan-Arctic,2092,22.457429222278904,22.457429222278904
Tg_yr,plus,SSP3-7.0,Total inorg. due to permafrost thaw,Pan-Arctic,2093,22.17238027124721,22.17238027124721
Tg_yr,plus,SSP3-7.0,Total inorg. due to permafrost thaw,Pan-Arctic,2094,22.044826159142062,22.044826159142062
Tg_yr,plus,SSP3-7.0,Total inorg. due to permafrost thaw,Pan-Arctic,2095,22.436143267429028,22.436143267429028
Tg_yr,plus,SSP3-7.0,Total inorg. due to permafrost thaw,Pan-Arctic,2096,22.291635087258644,22.291635087258644
Tg_yr,plus,SSP3-7.0,Total inorg. due to permafrost thaw,Pan-Arctic,2097,22.535937453796052,22.535937453796052
Tg_yr,plus,SSP3-7.0,Total inorg. due to permafrost thaw,Pan-Arctic,2098,23.58712241590445,23.58712241590445
Tg_yr,plus,SSP3-7.0,Total inorg. due to permafrost thaw,Pan-Arctic,2099,22.23605768264017,22.23605768264017
Tg_yr,minus,SSP3-7.0,Total inorg. due to permafrost thaw,Taiga,2000,2.380894771588168,2.380894771588168
Tg_yr,minus,SSP3-7.0,Total inorg. due to permafrost thaw,Taiga,2001,5.088987723464028e-4,5.088987723464028e-4
Tg_yr,minus,SSP3-7.0,Total inorg. due to permafrost thaw,Taiga,2002,2.479348815410617,2.479348815410617
Tg_yr,minus,SSP3-7.0,Total inorg. due to permafrost thaw,Taiga,2003,0.26801377910130153,0.26801377910130153
Tg_yr,minus,SSP3-7.0,Total inorg. due to permafrost thaw,Taiga,2004,2.301994166332532,2.301994166332532
Tg_yr,minus,SSP3-7.0,Total inorg. due to permafrost thaw,Taiga,2005,0.027774882277488075,0.027774882277488075
Tg_yr,minus,SSP3-7.0,Total inorg. due to permafrost thaw,Taiga,2006,3.342612581140488,3.342612581140488
Tg_yr,minus,SSP3-7.0,Total inorg. due to permafrost thaw,Taiga,2007,0.46916149580025995,0.46916149580025995
Tg_yr,minus,SSP3-7.0,Total inorg. due to permafrost thaw,Taiga,2008,2.6365482658583694,2.6365482658583694
Tg_yr,minus,SSP3-7.0,Total inorg. due to permafrost thaw,Taiga,2009,-0.8166502382708092,-0.8166502382708092
Tg_yr,minus,SSP3-7.0,Total inorg. due to permafrost thaw,Taiga,2010,2.3101438628811417,2.3101438628811417
Tg_yr,minus,SSP3-7.0,Total inorg. due to permafrost thaw,Taiga,2011,-0.02597720278301506,-0.02597720278301506
Tg_yr,minus,SSP3-7.0,Total inorg. due to permafrost thaw,Taiga,2012,-0.11894751797898807,-0.11894751797898807
Tg_yr,minus,SSP3-7.0,Total inorg. due to permafrost thaw,Taiga,2013,2.4749516798389726,2.4749516798389726
Tg_yr,minus,SSP3-7.0,Total inorg. due to permafrost thaw,Taiga,2014,3.8288267840541153,3.8288267840541153
Tg_yr,minus,SSP3-7.0,Total inorg. due to permafrost thaw,Taiga,2015,-1.6321527220850256,-1.6321527220850256
Tg_yr,minus,SSP3-7.0,Total inorg. due to permafrost thaw,Taiga,2016,0.30372719350751826,0.30372719350751826
Tg_yr,minus,SSP3-7.0,Total inorg. due to permafrost thaw,Taiga,2017,2.0890100312008535,2.0890100312008535
Tg_yr,minus,SSP3-7.0,Total inorg. due to permafrost thaw,Taiga,2018,3.633214698516666,3.633214698516666
Tg_yr,minus,SSP3-7.0,Total inorg. due to permafrost thaw,Taiga,2019,-0.8490246673237581,-0.8490246673237581
Tg_yr,minus,SSP3-7.0,Total inorg. due to permafrost thaw,Taiga,2020,3.6617161093544173,3.6617161093544173
Tg_yr,minus,SSP3-7.0,Total inorg. due to permafrost thaw,Taiga,2080,7.404970251606944,7.404970251606944
Tg_yr,minus,SSP3-7.0,Total inorg. due to permafrost thaw,Taiga,2081,7.2787730500083425,7.2787730500083425
Tg_yr,minus,SSP3-7.0,Total inorg. due to permafrost thaw,Taiga,2082,8.378866893443409,8.378866893443409
Tg_yr,minus,SSP3-7.0,Total inorg. due to permafrost thaw,Taiga,2083,7.938292363510084,7.938292363510084
Tg_yr,minus,SSP3-7.0,Total inorg. due to permafrost thaw,Taiga,2084,7.234040344585854,7.234040344585854
Tg_yr,minus,SSP3-7.0,Total inorg. due to permafrost thaw,Taiga,2085,9.435391232348321,9.435391232348321
Tg_yr,minus,SSP3-7.0,Total inorg. due to permafrost thaw,Taiga,2086,7.314048571160893,7.314048571160893
Tg_yr,minus,SSP3-7.0,Total inorg. due to permafrost thaw,Taiga,2087,8.527342447801288,8.527342447801288
Tg_yr,minus,SSP3-7.0,Total inorg. due to permafrost thaw,Taiga,2088,8.57569788080477,8.57569788080477
Tg_yr,minus,SSP3-7.0,Total inorg. due to permafrost thaw,Taiga,2089,8.074816443807519,8.074816443807519
Tg_yr,minus,SSP3-7.0,Total inorg. due to permafrost thaw,Taiga,2090,9.901349814145544,9.901349814145544
Tg_yr,minus,SSP3-7.0,Total inorg. due to permafrost thaw,Taiga,2091,7.069086557554566,7.069086557554566
Tg_yr,minus,SSP3-7.0,Total inorg. due to permafrost thaw,Taiga,2092,8.75301335500752,8.75301335500752
Tg_yr,minus,SSP3-7.0,Total inorg. due to permafrost thaw,Taiga,2093,6.805016050036404,6.805016050036404
Tg_yr,minus,SSP3-7.0,Total inorg. due to permafrost thaw,Taiga,2094,8.694712991238287,8.694712991238287
Tg_yr,minus,SSP3-7.0,Total inorg. due to permafrost thaw,Taiga,2095,9.326712241577454,9.326712241577454
Tg_yr,minus,SSP3-7.0,Total inorg. due to permafrost thaw,Taiga,2096,8.569614057651261,8.569614057651261
Tg_yr,minus,SSP3-7.0,Total inorg. due to permafrost thaw,Taiga,2097,9.2008184892138,9.2008184892138
Tg_yr,minus,SSP3-7.0,Total inorg. due to permafrost thaw,Taiga,2098,9.489375271161922,9.489375271161922
Tg_yr,minus,SSP3-7.0,Total inorg. due to permafrost thaw,Taiga,2099,9.750897796396917,9.750897796396917
Tg_yr,minus,SSP3-7.0,Total inorg. due to permafrost thaw,Tundra,2000,-0.978456492354497,-0.978456492354497
Tg_yr,minus,SSP3-7.0,Total inorg. due to permafrost thaw,Tundra,2001,2.585499725271316,2.585499725271316
Tg_yr,minus,SSP3-7.0,Total inorg. due to permafrost thaw,Tundra,2002,-0.20250319654456148,-0.20250319654456148
Tg_yr,minus,SSP3-7.0,Total inorg. due to permafrost thaw,Tundra,2003,-2.416282527869025,-2.416282527869025
Tg_yr,minus,SSP3-7.0,Total inorg. due to permafrost thaw,Tundra,2004,3.927178059270467,3.927178059270467
Tg_yr,minus,SSP3-7.0,Total inorg. due to permafrost thaw,Tundra,2005,3.0582906960907787,3.0582906960907787
Tg_yr,minus,SSP3-7.0,Total inorg. due to permafrost thaw,Tundra,2006,0.5080044231189401,0.5080044231189401
Tg_yr,minus,SSP3-7.0,Total inorg. due to permafrost thaw,Tundra,2007,-0.7511387509304044,-0.7511387509304044
Tg_yr,minus,SSP3-7.0,Total inorg. due to permafrost thaw,Tundra,2008,1.8288639786967429,1.8288639786967429
Tg_yr,minus,SSP3-7.0,Total inorg. due to permafrost thaw,Tundra,2009,1.183485648646076,1.183485648646076
Tg_yr,minus,SSP3-7.0,Total inorg. due to permafrost thaw,Tundra,2010,1.1115624135991737,1.1115624135991737
Tg_yr,minus,SSP3-7.0,Total inorg. due to permafrost thaw,Tundra,2011,-0.7797228869492854,-0.7797228869492854
Tg_yr,minus,SSP3-7.0,Total inorg. due to permafrost thaw,Tundra,2012,0.7675406654389263,0.7675406654389263
Tg_yr,minus,SSP3-7.0,Total inorg. due to permafrost thaw,Tundra,2013,1.8336185147013102,1.8336185147013102
Tg_yr,minus,SSP3-7.0,Total inorg. due to permafrost thaw,Tundra,2014,4.240930970888318,4.240930970888318
Tg_yr,minus,SSP3-7.0,Total inorg. due to permafrost thaw,Tundra,2015,-1.618640283093231,-1.618640283093231
Tg_yr,minus,SSP3-7.0,Total inorg. due to permafrost thaw,Tundra,2016,-2.816841578079492,-2.816841578079492
Tg_yr,minus,SSP3-7.0,Total inorg. due to permafrost thaw,Tundra,2017,4.220825982965877,4.220825982965877
Tg_yr,minus,SSP3-7.0,Total inorg. due to permafrost thaw,Tundra,2018,0.28753417834819556,0.28753417834819556
Tg_yr,minus,SSP3-7.0,Total inorg. due to permafrost thaw,Tundra,2019,3.1587429607053235,3.1587429607053235
Tg_yr,minus,SSP3-7.0,Total inorg. due to permafrost thaw,Tundra,2020,1.7338635710393182,1.7338635710393182
Tg_yr,minus,SSP3-7.0,Total inorg. due to permafrost thaw,Tundra,2080,9.472196624135156,9.472196624135156
Tg_yr,minus,SSP3-7.0,Total inorg. due to permafrost thaw,Tundra,2081,2.7485038499054113,2.7485038499054113
Tg_yr,minus,SSP3-7.0,Total inorg. due to permafrost thaw,Tundra,2082,10.238177866458468,10.238177866458468
Tg_yr,minus,SSP3-7.0,Total inorg. due to permafrost thaw,Tundra,2083,8.492705482790603,8.492705482790603
Tg_yr,minus,SSP3-7.0,Total inorg. due to permafrost thaw,Tundra,2084,6.2957415826377865,6.2957415826377865
Tg_yr,minus,SSP3-7.0,Total inorg. due to permafrost thaw,Tundra,2085,12.315681775902503,12.315681775902503
Tg_yr,minus,SSP3-7.0,Total inorg. due to permafrost thaw,Tundra,2086,8.716043356285718,8.716043356285718
Tg_yr,minus,SSP3-7.0,Total inorg. due to permafrost thaw,Tundra,2087,9.041166861432764,9.041166861432764
Tg_yr,minus,SSP3-7.0,Total inorg. due to permafrost thaw,Tundra,2088,9.355334443071094,9.355334443071094
Tg_yr,minus,SSP3-7.0,Total inorg. due to permafrost thaw,Tundra,2089,9.965949171659489,9.965949171659489
Tg_yr,minus,SSP3-7.0,Total inorg. due to permafrost thaw,Tundra,2090,7.7220326866202464,7.7220326866202464
Tg_yr,minus,SSP3-7.0,Total inorg. due to permafrost thaw,Tundra,2091,13.161077550189647,13.161077550189647
Tg_yr,minus,SSP3-7.0,Total inorg. due to permafrost thaw,Tundra,2092,7.199072003813668,7.199072003813668
Tg_yr,minus,SSP3-7.0,Total inorg. due to permafrost thaw,Tundra,2093,4.185730138958514,4.185730138958514
Tg_yr,minus,SSP3-7.0,Total inorg. due to permafrost thaw,Tundra,2094,9.216328484696096,9.216328484696096
Tg_yr,minus,SSP3-7.0,Total inorg. due to permafrost thaw,Tundra,2095,10.206444419005736,10.206444419005736
Tg_yr,minus,SSP3-7.0,Total inorg. due to permafrost thaw,Tundra,2096,10.597228741362157,10.597228741362157
Tg_yr,minus,SSP3-7.0,Total inorg. due to permafrost thaw,Tundra,2097,13.358726240166607,13.358726240166607
Tg_yr,minus,SSP3-7.0,Total inorg. due to permafrost thaw,Tundra,2098,5.655724812352512,5.655724812352512
Tg_yr,minus,SSP3-7.0,Total inorg. due to permafrost thaw,Tundra,2099,13.29909974844514,13.29909974844514
Tg_yr,minus,SSP3-7.0,Total inorg. due to permafrost thaw,Wetlands,2000,0.5639380396549869,0.5639380396549869
Tg_yr,minus,SSP3-7.0,Total inorg. due to permafrost thaw,Wetlands,2001,-0.17514353686972445,-0.17514353686972445
Tg_yr,minus,SSP3-7.0,Total inorg. due to permafrost thaw,Wetlands,2002,0.5906622073354194,0.5906622073354194
Tg_yr,minus,SSP3-7.0,Total inorg. due to permafrost thaw,Wetlands,2003,-0.6669055208491177,-0.6669055208491177
Tg_yr,minus,SSP3-7.0,Total inorg. due to permafrost thaw,Wetlands,2004,0.4788864770203095,0.4788864770203095
Tg_yr,minus,SSP3-7.0,Total inorg. due to permafrost thaw,Wetlands,2005,0.40557352251627843,0.40557352251627843
Tg_yr,minus,SSP3-7.0,Total inorg. due to permafrost thaw,Wetlands,2006,-0.01601871744274072,-0.01601871744274072
Tg_yr,minus,SSP3-7.0,Total inorg. due to permafrost thaw,Wetlands,2007,-0.18031391377062173,-0.18031391377062173
Tg_yr,minus,SSP3-7.0,Total inorg. due to permafrost thaw,Wetlands,2008,0.42512024898885387,0.42512024898885387
Tg_yr,minus,SSP3-7.0,Total inorg. due to permafrost thaw,Wetlands,2009,-0.05770942225663619,-0.05770942225663619
Tg_yr,minus,SSP3-7.0,Total inorg. due to permafrost thaw,Wetlands,2010,0.6197923674272123,0.6197923674272123
Tg_yr,minus,SSP3-7.0,Total inorg. due to permafrost thaw,Wetlands,2011,-0.2839099838329217,-0.2839099838329217
Tg_yr,minus,SSP3-7.0,Total inorg. due to permafrost thaw,Wetlands,2012,0.2828960577207421,0.2828960577207421
Tg_yr,minus,SSP3-7.0,Total inorg. due to permafrost thaw,Wetlands,2013,0.36921453540462107,0.36921453540462107
Tg_yr,minus,SSP3-7.0,Total inorg. due to permafrost thaw,Wetlands,2014,0.31525800501477624,0.31525800501477624
Tg_yr,minus,SSP3-7.0,Total inorg. due to permafrost thaw,Wetlands,2015,0.1338128178330028,0.1338128178330028
Tg_yr,minus,SSP3-7.0,Total inorg. due to permafrost thaw,Wetlands,2016,-0.05179702991894076,-0.05179702991894076
Tg_yr,minus,SSP3-7.0,Total inorg. due to permafrost thaw,Wetlands,2017,0.7810556949609232,0.7810556949609232
Tg_yr,minus,SSP3-7.0,Total inorg. due to permafrost thaw,Wetlands,2018,0.4590904283972232,0.4590904283972232
Tg_yr,minus,SSP3-7.0,Total inorg. due to permafrost thaw,Wetlands,2019,-0.38533353755677663,-0.38533353755677663
Tg_yr,minus,SSP3-7.0,Total inorg. due to permafrost thaw,Wetlands,2020,1.2935374696854058,1.2935374696854058
Tg_yr,minus,SSP3-7.0,Total inorg. due to permafrost thaw,Wetlands,2080,2.1413091221513416,2.1413091221513416
Tg_yr,minus,SSP3-7.0,Total inorg. due to permafrost thaw,Wetlands,2081,1.6184910042337468,1.6184910042337468
Tg_yr,minus,SSP3-7.0,Total inorg. due to permafrost thaw,Wetlands,2082,2.109788012146737,2.109788012146737
Tg_yr,minus,SSP3-7.0,Total inorg. due to permafrost thaw,Wetlands,2083,1.884587281674212,1.884587281674212
Tg_yr,minus,SSP3-7.0,Total inorg. due to permafrost thaw,Wetlands,2084,2.081811897153991,2.081811897153991
Tg_yr,minus,SSP3-7.0,Total inorg. due to permafrost thaw,Wetlands,2085,2.167416172799471,2.167416172799471
Tg_yr,minus,SSP3-7.0,Total inorg. due to permafrost thaw,Wetlands,2086,1.8298430439253794,1.8298430439253794
Tg_yr,minus,SSP3-7.0,Total inorg. due to permafrost thaw,Wetlands,2087,2.442825604365704,2.442825604365704
Tg_yr,minus,SSP3-7.0,Total inorg. due to permafrost thaw,Wetlands,2088,1.7694881422838606,1.7694881422838606
Tg_yr,minus,SSP3-7.0,Total inorg. due to permafrost thaw,Wetlands,2089,2.220069369563639,2.220069369563639
Tg_yr,minus,SSP3-7.0,Total inorg. due to permafrost thaw,Wetlands,2090,1.9608209583606204,1.9608209583606204
Tg_yr,minus,SSP3-7.0,Total inorg. due to permafrost thaw,Wetlands,2091,1.9865039340232806,1.9865039340232806
Tg_yr,minus,SSP3-7.0,Total inorg. due to permafrost thaw,Wetlands,2092,2.1299862797889557,2.1299862797889557
Tg_yr,minus,SSP3-7.0,Total inorg. due to permafrost thaw,Wetlands,2093,1.769977571537314,1.769977571537314
Tg_yr,minus,SSP3-7.0,Total inorg. due to permafrost thaw,Wetlands,2094,2.0004660036259936,2.0004660036259936
Tg_yr,minus,SSP3-7.0,Total inorg. due to permafrost thaw,Wetlands,2095,2.1007031386990906,2.1007031386990906
Tg_yr,minus,SSP3-7.0,Total inorg. due to permafrost thaw,Wetlands,2096,2.0947826100963245,2.0947826100963245
Tg_yr,minus,SSP3-7.0,Total inorg. due to permafrost thaw,Wetlands,2097,2.2815639608435485,2.2815639608435485
Tg_yr,minus,SSP3-7.0,Total inorg. due to permafrost thaw,Wetlands,2098,2.0242949151432263,2.0242949151432263
Tg_yr,minus,SSP3-7.0,Total inorg. due to permafrost thaw,Wetlands,2099,2.1306233794805016,2.1306233794805016
Tg_yr,minus,SSP3-7.0,Total inorg. due to permafrost thaw,Barren,2000,-0.13212115685967254,-0.13212115685967254
Tg_yr,minus,SSP3-7.0,Total inorg. due to permafrost thaw,Barren,2001,0.4933348192081739,0.4933348192081739
Tg_yr,minus,SSP3-7.0,Total inorg. due to permafrost thaw,Barren,2002,-0.010666962056899761,-0.010666962056899761
Tg_yr,minus,SSP3-7.0,Total inorg. due to permafrost thaw,Barren,2003,-0.25996118066920976,-0.25996118066920976
Tg_yr,minus,SSP3-7.0,Total inorg. due to permafrost thaw,Barren,2004,0.1584604933563884,0.1584604933563884
Tg_yr,minus,SSP3-7.0,Total inorg. due to permafrost thaw,Barren,2005,0.6671331757971376,0.6671331757971376
Tg_yr,minus,SSP3-7.0,Total inorg. due to permafrost thaw,Barren,2006,-0.368392462066532,-0.368392462066532
Tg_yr,minus,SSP3-7.0,Total inorg. due to permafrost thaw,Barren,2007,0.04278623301970398,0.04278623301970398
Tg_yr,minus,SSP3-7.0,Total inorg. due to permafrost thaw,Barren,2008,-0.47371000267841007,-0.47371000267841007
Tg_yr,minus,SSP3-7.0,Total inorg. due to permafrost thaw,Barren,2009,0.741334305408261,0.741334305408261
Tg_yr,minus,SSP3-7.0,Total inorg. due to permafrost thaw,Barren,2010,-0.06995910133342753,-0.06995910133342753
Tg_yr,minus,SSP3-7.0,Total inorg. due to permafrost thaw,Barren,2011,-0.18023847162525403,-0.18023847162525403
Tg_yr,minus,SSP3-7.0,Total inorg. due to permafrost thaw,Barren,2012,0.12569628779561826,0.12569628779561826
Tg_yr,minus,SSP3-7.0,Total inorg. due to permafrost thaw,Barren,2013,-0.08110025279769263,-0.08110025279769263
Tg_yr,minus,SSP3-7.0,Total inorg. due to permafrost thaw,Barren,2014,0.433141608643269,0.433141608643269
Tg_yr,minus,SSP3-7.0,Total inorg. due to permafrost thaw,Barren,2015,-0.2943672366326502,-0.2943672366326502
Tg_yr,minus,SSP3-7.0,Total inorg. due to permafrost thaw,Barren,2016,-0.23965713995544574,-0.23965713995544574
Tg_yr,minus,SSP3-7.0,Total inorg. due to permafrost thaw,Barren,2017,0.6185467535540461,0.6185467535540461
Tg_yr,minus,SSP3-7.0,Total inorg. due to permafrost thaw,Barren,2018,-0.21724348035829621,-0.21724348035829621
Tg_yr,minus,SSP3-7.0,Total inorg. due to permafrost thaw,Barren,2019,-0.035160714434260186,-0.035160714434260186
Tg_yr,minus,SSP3-7.0,Total inorg. due to permafrost thaw,Barren,2020,0.5609272151654575,0.5609272151654575
Tg_yr,minus,SSP3-7.0,Total inorg. due to permafrost thaw,Barren,2080,0.17211449840610366,0.17211449840610366
Tg_yr,minus,SSP3-7.0,Total inorg. due to permafrost thaw,Barren,2081,-0.05213612060665668,-0.05213612060665668
Tg_yr,minus,SSP3-7.0,Total inorg. due to permafrost thaw,Barren,2082,0.05796933675749016,0.05796933675749016
Tg_yr,minus,SSP3-7.0,Total inorg. due to permafrost thaw,Barren,2083,0.021889938570976153,0.021889938570976153
Tg_yr,minus,SSP3-7.0,Total inorg. due to permafrost thaw,Barren,2084,0.19196563434314406,0.19196563434314406
Tg_yr,minus,SSP3-7.0,Total inorg. due to permafrost thaw,Barren,2085,0.12189875628663205,0.12189875628663205
Tg_yr,minus,SSP3-7.0,Total inorg. due to permafrost thaw,Barren,2086,0.11974135321126704,0.11974135321126704
Tg_yr,minus,SSP3-7.0,Total inorg. due to permafrost thaw,Barren,2087,-0.049676086197559075,-0.049676086197559075
Tg_yr,minus,SSP3-7.0,Total inorg. due to permafrost thaw,Barren,2088,0.13700639443315127,0.13700639443315127
Tg_yr,minus,SSP3-7.0,Total inorg. due to permafrost thaw,Barren,2089,0.1468509837614025,0.1468509837614025
Tg_yr,minus,SSP3-7.0,Total inorg. due to permafrost thaw,Barren,2090,0.1506989983474401,0.1506989983474401
Tg_yr,minus,SSP3-7.0,Total inorg. due to permafrost thaw,Barren,2091,0.4213158568663092,0.4213158568663092
Tg_yr,minus,SSP3-7.0,Total inorg. due to permafrost thaw,Barren,2092,0.028485704167536888,0.028485704167536888
Tg_yr,minus,SSP3-7.0,Total inorg. due to permafrost thaw,Barren,2093,-0.09862824023553327,-0.09862824023553327
Tg_yr,minus,SSP3-7.0,Total inorg. due to permafrost thaw,Barren,2094,-0.014045436315365012,-0.014045436315365012
Tg_yr,minus,SSP3-7.0,Total inorg. due to permafrost thaw,Barren,2095,0.3546913114343131,0.3546913114343131
Tg_yr,minus,SSP3-7.0,Total inorg. due to permafrost thaw,Barren,2096,0.09832439546439685,0.09832439546439685
Tg_yr,minus,SSP3-7.0,Total inorg. due to permafrost thaw,Barren,2097,0.22030476860628748,0.22030476860628748
Tg_yr,minus,SSP3-7.0,Total inorg. due to permafrost thaw,Barren,2098,0.12385067706633916,0.12385067706633916
Tg_yr,minus,SSP3-7.0,Total inorg. due to permafrost thaw,Barren,2099,0.1870879878682431,0.1870879878682431
Tg_yr,minus,SSP3-7.0,Total inorg. due to permafrost thaw,Pan-Arctic,2000,1.8342551620289853,1.8342551620289853
Tg_yr,minus,SSP3-7.0,Total inorg. due to permafrost thaw,Pan-Arctic,2001,2.904199906382112,2.904199906382112
Tg_yr,minus,SSP3-7.0,Total inorg. due to permafrost thaw,Pan-Arctic,2002,2.856840864144575,2.856840864144575
Tg_yr,minus,SSP3-7.0,Total inorg. due to permafrost thaw,Pan-Arctic,2003,-3.075135450286051,-3.075135450286051
Tg_yr,minus,SSP3-7.0,Total inorg. due to permafrost thaw,Pan-Arctic,2004,6.866519195979697,6.866519195979697
Tg_yr,minus,SSP3-7.0,Total inorg. due to permafrost thaw,Pan-Arctic,2005,4.158772276681683,4.158772276681683
Tg_yr,minus,SSP3-7.0,Total inorg. due to permafrost thaw,Pan-Arctic,2006,3.4662058247501557,3.4662058247501557
Tg_yr,minus,SSP3-7.0,Total inorg. due to permafrost thaw,Pan-Arctic,2007,-0.41950493588106225,-0.41950493588106225
Tg_yr,minus,SSP3-7.0,Total inorg. due to permafrost thaw,Pan-Arctic,2008,4.416822490865557,4.416822490865557
Tg_yr,minus,SSP3-7.0,Total inorg. due to permafrost thaw,Pan-Arctic,2009,1.0504602935268916,1.0504602935268916
Tg_yr,minus,SSP3-7.0,Total inorg. due to permafrost thaw,Pan-Arctic,2010,3.9715395425741002,3.9715395425741002
Tg_yr,minus,SSP3-7.0,Total inorg. due to permafrost thaw,Pan-Arctic,2011,-1.269848545190476,-1.269848545190476
Tg_yr,minus,SSP3-7.0,Total inorg. due to permafrost thaw,Pan-Arctic,2012,1.0571854929762985,1.0571854929762985
Tg_yr,minus,SSP3-7.0,Total inorg. due to permafrost thaw,Pan-Arctic,2013,4.596684477147211,4.596684477147211
Tg_yr,minus,SSP3-7.0,Total inorg. due to permafrost thaw,Pan-Arctic,2014,8.81815736860048,8.81815736860048
Tg_yr,minus,SSP3-7.0,Total inorg. due to permafrost thaw,Pan-Arctic,2015,-3.411347423977904,-3.411347423977904
Tg_yr,minus,SSP3-7.0,Total inorg. due to permafrost thaw,Pan-Arctic,2016,-2.8045685544463606,-2.8045685544463606
Tg_yr,minus,SSP3-7.0,Total inorg. due to permafrost thaw,Pan-Arctic,2017,7.7094384626817005,7.7094384626817005
Tg_yr,minus,SSP3-7.0,Total inorg. due to permafrost thaw,Pan-Arctic,2018,4.162595824903788,4.162595824903788
Tg_yr,minus,SSP3-7.0,Total inorg. due to permafrost thaw,Pan-Arctic,2019,1.8892240413905284,1.8892240413905284
Tg_yr,minus,SSP3-7.0,Total inorg. due to permafrost thaw,Pan-Arctic,2020,7.250044365244599,7.250044365244599
Tg_yr,minus,SSP3-7.0,Total inorg. due to permafrost thaw,Pan-Arctic,2080,19.190590496299542,19.190590496299542
Tg_yr,minus,SSP3-7.0,Total inorg. due to permafrost thaw,Pan-Arctic,2081,11.593631783540843,11.593631783540843
Tg_yr,minus,SSP3-7.0,Total inorg. due to permafrost thaw,Pan-Arctic,2082,20.784802108806105,20.784802108806105
Tg_yr,minus,SSP3-7.0,Total inorg. due to permafrost thaw,Pan-Arctic,2083,18.337475066545874,18.337475066545874
Tg_yr,minus,SSP3-7.0,Total inorg. due to permafrost thaw,Pan-Arctic,2084,15.803559458720775,15.803559458720775
Tg_yr,minus,SSP3-7.0,Total inorg. due to permafrost thaw,Pan-Arctic,2085,24.040387937336927,24.040387937336927
Tg_yr,minus,SSP3-7.0,Total inorg. due to permafrost thaw,Pan-Arctic,2086,17.97967632458326,17.97967632458326
Tg_yr,minus,SSP3-7.0,Total inorg. due to permafrost thaw,Pan-Arctic,2087,19.9616588274022,19.9616588274022
Tg_yr,minus,SSP3-7.0,Total inorg. due to permafrost thaw,Pan-Arctic,2088,19.837526860592874,19.837526860592874
Tg_yr,minus,SSP3-7.0,Total inorg. due to permafrost thaw,Pan-Arctic,2089,20.40768596879205,20.40768596879205
Tg_yr,minus,SSP3-7.0,Total inorg. due to permafrost thaw,Pan-Arctic,2090,19.734902457473847,19.734902457473847
Tg_yr,minus,SSP3-7.0,Total inorg. due to permafrost thaw,Pan-Arctic,2091,22.637983898633802,22.637983898633802
Tg_yr,minus,SSP3-7.0,Total inorg. due to permafrost thaw,Pan-Arctic,2092,18.11055734277768,18.11055734277768
Tg_yr,minus,SSP3-7.0,Total inorg. due to permafrost thaw,Pan-Arctic,2093,12.662095520296699,12.662095520296699
Tg_yr,minus,SSP3-7.0,Total inorg. due to permafrost thaw,Pan-Arctic,2094,19.89746204324501,19.89746204324501
Tg_yr,minus,SSP3-7.0,Total inorg. due to permafrost thaw,Pan-Arctic,2095,21.988551110716593,21.988551110716593
Tg_yr,minus,SSP3-7.0,Total inorg. due to permafrost thaw,Pan-Arctic,2096,21.35994980457414,21.35994980457414
Tg_yr,minus,SSP3-7.0,Total inorg. due to permafrost thaw,Pan-Arctic,2097,25.06141345883024,25.06141345883024
Tg_yr,minus,SSP3-7.0,Total inorg. due to permafrost thaw,Pan-Arctic,2098,17.293245675724,17.293245675724
Tg_yr,minus,SSP3-7.0,Total inorg. due to permafrost thaw,Pan-Arctic,2099,25.3677089121908,25.3677089121908
Tg_yr,mean,SSP5-8.5,Total inorg. due to permafrost thaw,Taiga,2000,3.1113376733447646,3.1113376733447646
Tg_yr,mean,SSP5-8.5,Total inorg. due to permafrost thaw,Taiga,2001,2.3998443332039647,2.3998443332039647
Tg_yr,mean,SSP5-8.5,Total inorg. due to permafrost thaw,Taiga,2002,1.9461387580388838,1.9461387580388838
Tg_yr,mean,SSP5-8.5,Total inorg. due to permafrost thaw,Taiga,2003,0.7567935762216865,0.7567935762216865
Tg_yr,mean,SSP5-8.5,Total inorg. due to permafrost thaw,Taiga,2004,3.0873240768429704,3.0873240768429704
Tg_yr,mean,SSP5-8.5,Total inorg. due to permafrost thaw,Taiga,2005,0.45719483372552416,0.45719483372552416
Tg_yr,mean,SSP5-8.5,Total inorg. due to permafrost thaw,Taiga,2006,4.771836361294191,4.771836361294191
Tg_yr,mean,SSP5-8.5,Total inorg. due to permafrost thaw,Taiga,2007,2.073915853443375,2.073915853443375
Tg_yr,mean,SSP5-8.5,Total inorg. due to permafrost thaw,Taiga,2008,2.9937984471448944,2.9937984471448944
Tg_yr,mean,SSP5-8.5,Total inorg. due to permafrost thaw,Taiga,2009,-0.20163228870767474,-0.20163228870767474
Tg_yr,mean,SSP5-8.5,Total inorg. due to permafrost thaw,Taiga,2010,3.1910725957158634,3.1910725957158634
Tg_yr,mean,SSP5-8.5,Total inorg. due to permafrost thaw,Taiga,2011,0.04667385439508774,0.04667385439508774
Tg_yr,mean,SSP5-8.5,Total inorg. due to permafrost thaw,Taiga,2012,1.0344765268261278,1.0344765268261278
Tg_yr,mean,SSP5-8.5,Total inorg. due to permafrost thaw,Taiga,2013,2.3617449095118985,2.3617449095118985
Tg_yr,mean,SSP5-8.5,Total inorg. due to permafrost thaw,Taiga,2014,5.230179217321723,5.230179217321723
Tg_yr,mean,SSP5-8.5,Total inorg. due to permafrost thaw,Taiga,2015,1.1796541096213529,1.1796541096213529
Tg_yr,mean,SSP5-8.5,Total inorg. due to permafrost thaw,Taiga,2016,2.6443099874488945,2.6443099874488945
Tg_yr,mean,SSP5-8.5,Total inorg. due to permafrost thaw,Taiga,2017,1.9655575368276081,1.9655575368276081
Tg_yr,mean,SSP5-8.5,Total inorg. due to permafrost thaw,Taiga,2018,1.3703860137268677,1.3703860137268677
Tg_yr,mean,SSP5-8.5,Total inorg. due to permafrost thaw,Taiga,2019,3.6864899289355626,3.6864899289355626
Tg_yr,mean,SSP5-8.5,Total inorg. due to permafrost thaw,Taiga,2020,3.8126522300059524,3.8126522300059524
Tg_yr,mean,SSP5-8.5,Total inorg. due to permafrost thaw,Taiga,2080,8.426424613639899,8.426424613639899
Tg_yr,mean,SSP5-8.5,Total inorg. due to permafrost thaw,Taiga,2081,7.848624863929938,7.848624863929938
Tg_yr,mean,SSP5-8.5,Total inorg. due to permafrost thaw,Taiga,2082,8.041422626317868,8.041422626317868
Tg_yr,mean,SSP5-8.5,Total inorg. due to permafrost thaw,Taiga,2083,8.336262082619086,8.336262082619086
Tg_yr,mean,SSP5-8.5,Total inorg. due to permafrost thaw,Taiga,2084,8.440329129012532,8.440329129012532
Tg_yr,mean,SSP5-8.5,Total inorg. due to permafrost thaw,Taiga,2085,8.715639063960394,8.715639063960394
Tg_yr,mean,SSP5-8.5,Total inorg. due to permafrost thaw,Taiga,2086,8.540828762421102,8.540828762421102
Tg_yr,mean,SSP5-8.5,Total inorg. due to permafrost thaw,Taiga,2087,8.537172779476087,8.537172779476087
Tg_yr,mean,SSP5-8.5,Total inorg. due to permafrost thaw,Taiga,2088,8.538140709895329,8.538140709895329
Tg_yr,mean,SSP5-8.5,Total inorg. due to permafrost thaw,Taiga,2089,8.615889816612409,8.615889816612409
Tg_yr,mean,SSP5-8.5,Total inorg. due to permafrost thaw,Taiga,2090,9.087201177517771,9.087201177517771
Tg_yr,mean,SSP5-8.5,Total inorg. due to permafrost thaw,Taiga,2091,8.807812242307254,8.807812242307254
Tg_yr,mean,SSP5-8.5,Total inorg. due to permafrost thaw,Taiga,2092,8.721916340051273,8.721916340051273
Tg_yr,mean,SSP5-8.5,Total inorg. due to permafrost thaw,Taiga,2093,9.035806169328021,9.035806169328021
Tg_yr,mean,SSP5-8.5,Total inorg. due to permafrost thaw,Taiga,2094,8.899941572615285,8.899941572615285
Tg_yr,mean,SSP5-8.5,Total inorg. due to permafrost thaw,Taiga,2095,8.92481957809245,8.92481957809245
Tg_yr,mean,SSP5-8.5,Total inorg. due to permafrost thaw,Taiga,2096,9.126856781755103,9.126856781755103
Tg_yr,mean,SSP5-8.5,Total inorg. due to permafrost thaw,Taiga,2097,8.972048717709715,8.972048717709715
Tg_yr,mean,SSP5-8.5,Total inorg. due to permafrost thaw,Taiga,2098,9.346999552997621,9.346999552997621
Tg_yr,mean,SSP5-8.5,Total inorg. due to permafrost thaw,Taiga,2099,9.383403760040622,9.383403760040622
Tg_yr,mean,SSP5-8.5,Total inorg. due to permafrost thaw,Tundra,2000,-1.6738375339429123,-1.6738375339429123
Tg_yr,mean,SSP5-8.5,Total inorg. due to permafrost thaw,Tundra,2001,4.971213265888843,4.971213265888843
Tg_yr,mean,SSP5-8.5,Total inorg. due to permafrost thaw,Tundra,2002,-0.31187733074140445,-0.31187733074140445
Tg_yr,mean,SSP5-8.5,Total inorg. due to permafrost thaw,Tundra,2003,-0.41568616723659246,-0.41568616723659246
Tg_yr,mean,SSP5-8.5,Total inorg. due to permafrost thaw,Tundra,2004,5.790712550663631,5.790712550663631
Tg_yr,mean,SSP5-8.5,Total inorg. due to permafrost thaw,Tundra,2005,1.7066286805896753,1.7066286805896753
Tg_yr,mean,SSP5-8.5,Total inorg. due to permafrost thaw,Tundra,2006,3.3022500359833007,3.3022500359833007
Tg_yr,mean,SSP5-8.5,Total inorg. due to permafrost thaw,Tundra,2007,3.3528658549252577,3.3528658549252577
Tg_yr,mean,SSP5-8.5,Total inorg. due to permafrost thaw,Tundra,2008,2.9685236801856463,2.9685236801856463
Tg_yr,mean,SSP5-8.5,Total inorg. due to permafrost thaw,Tundra,2009,2.7867854622824835,2.7867854622824835
Tg_yr,mean,SSP5-8.5,Total inorg. due to permafrost thaw,Tundra,2010,-2.4824919702594936,-2.4824919702594936
Tg_yr,mean,SSP5-8.5,Total inorg. due to permafrost thaw,Tundra,2011,1.2898505512116532,1.2898505512116532
Tg_yr,mean,SSP5-8.5,Total inorg. due to permafrost thaw,Tundra,2012,2.802692597913025,2.802692597913025
Tg_yr,mean,SSP5-8.5,Total inorg. due to permafrost thaw,Tundra,2013,0.10252283074134297,0.10252283074134297
Tg_yr,mean,SSP5-8.5,Total inorg. due to permafrost thaw,Tundra,2014,9.121565269051402,9.121565269051402
Tg_yr,mean,SSP5-8.5,Total inorg. due to permafrost thaw,Tundra,2015,-1.0581191093850555,-1.0581191093850555
Tg_yr,mean,SSP5-8.5,Total inorg. due to permafrost thaw,Tundra,2016,3.6091086766629226,3.6091086766629226
Tg_yr,mean,SSP5-8.5,Total inorg. due to permafrost thaw,Tundra,2017,3.235431508530447,3.235431508530447
Tg_yr,mean,SSP5-8.5,Total inorg. due to permafrost thaw,Tundra,2018,-2.6574859995178755,-2.6574859995178755
Tg_yr,mean,SSP5-8.5,Total inorg. due to permafrost thaw,Tundra,2019,7.971980850435755,7.971980850435755
Tg_yr,mean,SSP5-8.5,Total inorg. due to permafrost thaw,Tundra,2020,5.00013506003639,5.00013506003639
Tg_yr,mean,SSP5-8.5,Total inorg. due to permafrost thaw,Tundra,2080,15.407203623941262,15.407203623941262
Tg_yr,mean,SSP5-8.5,Total inorg. due to permafrost thaw,Tundra,2081,12.120452736075372,12.120452736075372
Tg_yr,mean,SSP5-8.5,Total inorg. due to permafrost thaw,Tundra,2082,14.544064177364785,14.544064177364785
Tg_yr,mean,SSP5-8.5,Total inorg. due to permafrost thaw,Tundra,2083,12.427969517205746,12.427969517205746
Tg_yr,mean,SSP5-8.5,Total inorg. due to permafrost thaw,Tundra,2084,13.06832660936202,13.06832660936202
Tg_yr,mean,SSP5-8.5,Total inorg. due to permafrost thaw,Tundra,2085,11.702401417908534,11.702401417908534
Tg_yr,mean,SSP5-8.5,Total inorg. due to permafrost thaw,Tundra,2086,15.16877180654388,15.16877180654388
Tg_yr,mean,SSP5-8.5,Total inorg. due to permafrost thaw,Tundra,2087,12.656606351649467,12.656606351649467
Tg_yr,mean,SSP5-8.5,Total inorg. due to permafrost thaw,Tundra,2088,13.890962438724811,13.890962438724811
Tg_yr,mean,SSP5-8.5,Total inorg. due to permafrost thaw,Tundra,2089,12.384947861933183,12.384947861933183
Tg_yr,mean,SSP5-8.5,Total inorg. due to permafrost thaw,Tundra,2090,15.97275396641189,15.97275396641189
Tg_yr,mean,SSP5-8.5,Total inorg. due to permafrost thaw,Tundra,2091,14.68871479339434,14.68871479339434
Tg_yr,mean,SSP5-8.5,Total inorg. due to permafrost thaw,Tundra,2092,13.16785704913958,13.16785704913958
Tg_yr,mean,SSP5-8.5,Total inorg. due to permafrost thaw,Tundra,2093,14.988292369593287,14.988292369593287
Tg_yr,mean,SSP5-8.5,Total inorg. due to permafrost thaw,Tundra,2094,14.695383335801301,14.695383335801301
Tg_yr,mean,SSP5-8.5,Total inorg. due to permafrost thaw,Tundra,2095,15.795453594397213,15.795453594397213
Tg_yr,mean,SSP5-8.5,Total inorg. due to permafrost thaw,Tundra,2096,14.42791046089986,14.42791046089986
Tg_yr,mean,SSP5-8.5,Total inorg. due to permafrost thaw,Tundra,2097,14.822279054591942,14.822279054591942
Tg_yr,mean,SSP5-8.5,Total inorg. due to permafrost thaw,Tundra,2098,16.416206528182993,16.416206528182993
Tg_yr,mean,SSP5-8.5,Total inorg. due to permafrost thaw,Tundra,2099,14.344674946606252,14.344674946606252
Tg_yr,mean,SSP5-8.5,Total inorg. due to permafrost thaw,Wetlands,2000,0.17773959188484467,0.17773959188484467
Tg_yr,mean,SSP5-8.5,Total inorg. due to permafrost thaw,Wetlands,2001,0.1427337870778127,0.1427337870778127
Tg_yr,mean,SSP5-8.5,Total inorg. due to permafrost thaw,Wetlands,2002,0.26724222960321026,0.26724222960321026
Tg_yr,mean,SSP5-8.5,Total inorg. due to permafrost thaw,Wetlands,2003,-0.5309161039615221,-0.5309161039615221
Tg_yr,mean,SSP5-8.5,Total inorg. due to permafrost thaw,Wetlands,2004,0.6266058640377125,0.6266058640377125
Tg_yr,mean,SSP5-8.5,Total inorg. due to permafrost thaw,Wetlands,2005,0.42196003681434624,0.42196003681434624
Tg_yr,mean,SSP5-8.5,Total inorg. due to permafrost thaw,Wetlands,2006,0.6054251757063086,0.6054251757063086
Tg_yr,mean,SSP5-8.5,Total inorg. due to permafrost thaw,Wetlands,2007,0.07849965503273659,0.07849965503273659
Tg_yr,mean,SSP5-8.5,Total inorg. due to permafrost thaw,Wetlands,2008,0.39666248565492407,0.39666248565492407
Tg_yr,mean,SSP5-8.5,Total inorg. due to permafrost thaw,Wetlands,2009,0.028659128919056566,0.028659128919056566
Tg_yr,mean,SSP5-8.5,Total inorg. due to permafrost thaw,Wetlands,2010,0.6588594191287763,0.6588594191287763
Tg_yr,mean,SSP5-8.5,Total inorg. due to permafrost thaw,Wetlands,2011,-0.15937888394688804,-0.15937888394688804
Tg_yr,mean,SSP5-8.5,Total inorg. due to permafrost thaw,Wetlands,2012,0.8078322094777542,0.8078322094777542
Tg_yr,mean,SSP5-8.5,Total inorg. due to permafrost thaw,Wetlands,2013,-0.10776569327275204,-0.10776569327275204
Tg_yr,mean,SSP5-8.5,Total inorg. due to permafrost thaw,Wetlands,2014,0.7308992775297746,0.7308992775297746
Tg_yr,mean,SSP5-8.5,Total inorg. due to permafrost thaw,Wetlands,2015,0.9629327652503173,0.9629327652503173
Tg_yr,mean,SSP5-8.5,Total inorg. due to permafrost thaw,Wetlands,2016,-0.37230068692357904,-0.37230068692357904
Tg_yr,mean,SSP5-8.5,Total inorg. due to permafrost thaw,Wetlands,2017,0.25440103565856675,0.25440103565856675
Tg_yr,mean,SSP5-8.5,Total inorg. due to permafrost thaw,Wetlands,2018,-0.15676866036221035,-0.15676866036221035
Tg_yr,mean,SSP5-8.5,Total inorg. due to permafrost thaw,Wetlands,2019,0.5516008934400546,0.5516008934400546
Tg_yr,mean,SSP5-8.5,Total inorg. due to permafrost thaw,Wetlands,2020,1.0005544614228312,1.0005544614228312
Tg_yr,mean,SSP5-8.5,Total inorg. due to permafrost thaw,Wetlands,2080,1.9944743118236463,1.9944743118236463
Tg_yr,mean,SSP5-8.5,Total inorg. due to permafrost thaw,Wetlands,2081,2.0659717039356993,2.0659717039356993
Tg_yr,mean,SSP5-8.5,Total inorg. due to permafrost thaw,Wetlands,2082,2.0715870259747082,2.0715870259747082
Tg_yr,mean,SSP5-8.5,Total inorg. due to permafrost thaw,Wetlands,2083,2.306812694213271,2.306812694213271
Tg_yr,mean,SSP5-8.5,Total inorg. due to permafrost thaw,Wetlands,2084,2.1819769205182196,2.1819769205182196
Tg_yr,mean,SSP5-8.5,Total inorg. due to permafrost thaw,Wetlands,2085,2.2589647165158224,2.2589647165158224
Tg_yr,mean,SSP5-8.5,Total inorg. due to permafrost thaw,Wetlands,2086,2.365148659897892,2.365148659897892
Tg_yr,mean,SSP5-8.5,Total inorg. due to permafrost thaw,Wetlands,2087,2.2375207203055147,2.2375207203055147
Tg_yr,mean,SSP5-8.5,Total inorg. due to permafrost thaw,Wetlands,2088,2.192754108805218,2.192754108805218
Tg_yr,mean,SSP5-8.5,Total inorg. due to permafrost thaw,Wetlands,2089,2.220814124334109,2.220814124334109
Tg_yr,mean,SSP5-8.5,Total inorg. due to permafrost thaw,Wetlands,2090,2.25004071133918,2.25004071133918
Tg_yr,mean,SSP5-8.5,Total inorg. due to permafrost thaw,Wetlands,2091,2.2529048704062085,2.2529048704062085
Tg_yr,mean,SSP5-8.5,Total inorg. due to permafrost thaw,Wetlands,2092,2.215578558676385,2.215578558676385
Tg_yr,mean,SSP5-8.5,Total inorg. due to permafrost thaw,Wetlands,2093,2.269249259481277,2.269249259481277
Tg_yr,mean,SSP5-8.5,Total inorg. due to permafrost thaw,Wetlands,2094,2.3007078763626616,2.3007078763626616
Tg_yr,mean,SSP5-8.5,Total inorg. due to permafrost thaw,Wetlands,2095,2.2437342399177416,2.2437342399177416
Tg_yr,mean,SSP5-8.5,Total inorg. due to permafrost thaw,Wetlands,2096,2.310240713517377,2.310240713517377
Tg_yr,mean,SSP5-8.5,Total inorg. due to permafrost thaw,Wetlands,2097,2.293590382992205,2.293590382992205
Tg_yr,mean,SSP5-8.5,Total inorg. due to permafrost thaw,Wetlands,2098,2.3812898456730656,2.3812898456730656
Tg_yr,mean,SSP5-8.5,Total inorg. due to permafrost thaw,Wetlands,2099,2.5108393954581065,2.5108393954581065
Tg_yr,mean,SSP5-8.5,Total inorg. due to permafrost thaw,Barren,2000,0.09235430986469702,0.09235430986469702
Tg_yr,mean,SSP5-8.5,Total inorg. due to permafrost thaw,Barren,2001,0.6786227209506936,0.6786227209506936
Tg_yr,mean,SSP5-8.5,Total inorg. due to permafrost thaw,Barren,2002,0.4620205030636777,0.4620205030636777
Tg_yr,mean,SSP5-8.5,Total inorg. due to permafrost thaw,Barren,2003,-0.7272238964548342,-0.7272238964548342
Tg_yr,mean,SSP5-8.5,Total inorg. due to permafrost thaw,Barren,2004,0.13424446488605307,0.13424446488605307
Tg_yr,mean,SSP5-8.5,Total inorg. due to permafrost thaw,Barren,2005,0.3639566248391095,0.3639566248391095
Tg_yr,mean,SSP5-8.5,Total inorg. due to permafrost thaw,Barren,2006,-0.502108413545528,-0.502108413545528
Tg_yr,mean,SSP5-8.5,Total inorg. due to permafrost thaw,Barren,2007,0.3408911473594486,0.3408911473594486
Tg_yr,mean,SSP5-8.5,Total inorg. due to permafrost thaw,Barren,2008,0.165487598081246,0.165487598081246
Tg_yr,mean,SSP5-8.5,Total inorg. due to permafrost thaw,Barren,2009,0.6440324421843373,0.6440324421843373
Tg_yr,mean,SSP5-8.5,Total inorg. due to permafrost thaw,Barren,2010,-0.5922404488020863,-0.5922404488020863
Tg_yr,mean,SSP5-8.5,Total inorg. due to permafrost thaw,Barren,2011,0.14244562682749207,0.14244562682749207
Tg_yr,mean,SSP5-8.5,Total inorg. due to permafrost thaw,Barren,2012,-0.08903239684683678,-0.08903239684683678
Tg_yr,mean,SSP5-8.5,Total inorg. due to permafrost thaw,Barren,2013,-0.3736481128513081,-0.3736481128513081
Tg_yr,mean,SSP5-8.5,Total inorg. due to permafrost thaw,Barren,2014,0.9131556756912884,0.9131556756912884
Tg_yr,mean,SSP5-8.5,Total inorg. due to permafrost thaw,Barren,2015,-0.5168678503386068,-0.5168678503386068
Tg_yr,mean,SSP5-8.5,Total inorg. due to permafrost thaw,Barren,2016,0.4824897105242192,0.4824897105242192
Tg_yr,mean,SSP5-8.5,Total inorg. due to permafrost thaw,Barren,2017,-0.3376306314510598,-0.3376306314510598
Tg_yr,mean,SSP5-8.5,Total inorg. due to permafrost thaw,Barren,2018,-0.04428199415722819,-0.04428199415722819
Tg_yr,mean,SSP5-8.5,Total inorg. due to permafrost thaw,Barren,2019,0.45388632315426464,0.45388632315426464
Tg_yr,mean,SSP5-8.5,Total inorg. due to permafrost thaw,Barren,2020,-0.198964570334554,-0.198964570334554
Tg_yr,mean,SSP5-8.5,Total inorg. due to permafrost thaw,Barren,2080,0.4666865146438457,0.4666865146438457
Tg_yr,mean,SSP5-8.5,Total inorg. due to permafrost thaw,Barren,2081,0.28424899976530243,0.28424899976530243
Tg_yr,mean,SSP5-8.5,Total inorg. due to permafrost thaw,Barren,2082,0.2497924222271034,0.2497924222271034
Tg_yr,mean,SSP5-8.5,Total inorg. due to permafrost thaw,Barren,2083,0.19752232789295918,0.19752232789295918
Tg_yr,mean,SSP5-8.5,Total inorg. due to permafrost thaw,Barren,2084,0.3997174106485496,0.3997174106485496
Tg_yr,mean,SSP5-8.5,Total inorg. due to permafrost thaw,Barren,2085,0.25480706193683944,0.25480706193683944
Tg_yr,mean,SSP5-8.5,Total inorg. due to permafrost thaw,Barren,2086,0.38183025602214526,0.38183025602214526
Tg_yr,mean,SSP5-8.5,Total inorg. due to permafrost thaw,Barren,2087,0.2651085461132665,0.2651085461132665
Tg_yr,mean,SSP5-8.5,Total inorg. due to permafrost thaw,Barren,2088,0.3541375061121346,0.3541375061121346
Tg_yr,mean,SSP5-8.5,Total inorg. due to permafrost thaw,Barren,2089,0.26553922597205326,0.26553922597205326
Tg_yr,mean,SSP5-8.5,Total inorg. due to permafrost thaw,Barren,2090,0.33268726935714354,0.33268726935714354
Tg_yr,mean,SSP5-8.5,Total inorg. due to permafrost thaw,Barren,2091,0.30846988380701,0.30846988380701
Tg_yr,mean,SSP5-8.5,Total inorg. due to permafrost thaw,Barren,2092,0.3525317790977607,0.3525317790977607
Tg_yr,mean,SSP5-8.5,Total inorg. due to permafrost thaw,Barren,2093,0.2918195556090817,0.2918195556090817
Tg_yr,mean,SSP5-8.5,Total inorg. due to permafrost thaw,Barren,2094,0.33838176910878076,0.33838176910878076
Tg_yr,mean,SSP5-8.5,Total inorg. due to permafrost thaw,Barren,2095,0.38060728942736916,0.38060728942736916
Tg_yr,mean,SSP5-8.5,Total inorg. due to permafrost thaw,Barren,2096,0.32353778305132025,0.32353778305132025
Tg_yr,mean,SSP5-8.5,Total inorg. due to permafrost thaw,Barren,2097,0.2215483397966439,0.2215483397966439
Tg_yr,mean,SSP5-8.5,Total inorg. due to permafrost thaw,Barren,2098,0.36012518253487896,0.36012518253487896
Tg_yr,mean,SSP5-8.5,Total inorg. due to permafrost thaw,Barren,2099,0.3010227464453014,0.3010227464453014
Tg_yr,mean,SSP5-8.5,Total inorg. due to permafrost thaw,Pan-Arctic,2000,1.7075940411513941,1.7075940411513941
Tg_yr,mean,SSP5-8.5,Total inorg. due to permafrost thaw,Pan-Arctic,2001,8.192414107121314,8.192414107121314
Tg_yr,mean,SSP5-8.5,Total inorg. due to permafrost thaw,Pan-Arctic,2002,2.363524159964367,2.363524159964367
Tg_yr,mean,SSP5-8.5,Total inorg. due to permafrost thaw,Pan-Arctic,2003,-0.9170325914312623,-0.9170325914312623
Tg_yr,mean,SSP5-8.5,Total inorg. due to permafrost thaw,Pan-Arctic,2004,9.638886956430367,9.638886956430367
Tg_yr,mean,SSP5-8.5,Total inorg. due to permafrost thaw,Pan-Arctic,2005,2.9497401759686555,2.9497401759686555
Tg_yr,mean,SSP5-8.5,Total inorg. due to permafrost thaw,Pan-Arctic,2006,8.177403159438272,8.177403159438272
Tg_yr,mean,SSP5-8.5,Total inorg. due to permafrost thaw,Pan-Arctic,2007,5.846172510760819,5.846172510760819
Tg_yr,mean,SSP5-8.5,Total inorg. due to permafrost thaw,Pan-Arctic,2008,6.524472211066711,6.524472211066711
Tg_yr,mean,SSP5-8.5,Total inorg. due to permafrost thaw,Pan-Arctic,2009,3.2578447446782026,3.2578447446782026
Tg_yr,mean,SSP5-8.5,Total inorg. due to permafrost thaw,Pan-Arctic,2010,0.7751995957830597,0.7751995957830597
Tg_yr,mean,SSP5-8.5,Total inorg. due to permafrost thaw,Pan-Arctic,2011,1.3195911484873448,1.3195911484873448
Tg_yr,mean,SSP5-8.5,Total inorg. due to permafrost thaw,Pan-Arctic,2012,4.5559689373700705,4.5559689373700705
Tg_yr,mean,SSP5-8.5,Total inorg. due to permafrost thaw,Pan-Arctic,2013,1.982853934129181,1.982853934129181
Tg_yr,mean,SSP5-8.5,Total inorg. due to permafrost thaw,Pan-Arctic,2014,15.995799439594187,15.995799439594187
Tg_yr,mean,SSP5-8.5,Total inorg. due to permafrost thaw,Pan-Arctic,2015,0.5675999151480078,0.5675999151480078
Tg_yr,mean,SSP5-8.5,Total inorg. due to permafrost thaw,Pan-Arctic,2016,6.363607687712457,6.363607687712457
Tg_yr,mean,SSP5-8.5,Total inorg. due to permafrost thaw,Pan-Arctic,2017,5.117759449565561,5.117759449565561
Tg_yr,mean,SSP5-8.5,Total inorg. due to permafrost thaw,Pan-Arctic,2018,-1.4881506403104463,-1.4881506403104463
Tg_yr,mean,SSP5-8.5,Total inorg. due to permafrost thaw,Pan-Arctic,2019,12.663957995965637,12.663957995965637
Tg_yr,mean,SSP5-8.5,Total inorg. due to permafrost thaw,Pan-Arctic,2020,9.614377181130621,9.614377181130621
Tg_yr,mean,SSP5-8.5,Total inorg. due to permafrost thaw,Pan-Arctic,2080,26.29478906404865,26.29478906404865
Tg_yr,mean,SSP5-8.5,Total inorg. due to permafrost thaw,Pan-Arctic,2081,22.31929830370631,22.31929830370631
Tg_yr,mean,SSP5-8.5,Total inorg. due to permafrost thaw,Pan-Arctic,2082,24.906866251884466,24.906866251884466
Tg_yr,mean,SSP5-8.5,Total inorg. due to permafrost thaw,Pan-Arctic,2083,23.26856662193106,23.26856662193106
Tg_yr,mean,SSP5-8.5,Total inorg. due to permafrost thaw,Pan-Arctic,2084,24.09035006954132,24.09035006954132
Tg_yr,mean,SSP5-8.5,Total inorg. due to permafrost thaw,Pan-Arctic,2085,22.93181226032159,22.93181226032159
Tg_yr,mean,SSP5-8.5,Total inorg. due to permafrost thaw,Pan-Arctic,2086,26.45657948488502,26.45657948488502
Tg_yr,mean,SSP5-8.5,Total inorg. due to permafrost thaw,Pan-Arctic,2087,23.696408397544335,23.696408397544335
Tg_yr,mean,SSP5-8.5,Total inorg. due to permafrost thaw,Pan-Arctic,2088,24.975994763537493,24.975994763537493
Tg_yr,mean,SSP5-8.5,Total inorg. due to permafrost thaw,Pan-Arctic,2089,23.487191028851754,23.487191028851754
Tg_yr,mean,SSP5-8.5,Total inorg. due to permafrost thaw,Pan-Arctic,2090,27.642683124625986,27.642683124625986
Tg_yr,mean,SSP5-8.5,Total inorg. due to permafrost thaw,Pan-Arctic,2091,26.057901789914812,26.057901789914812
Tg_yr,mean,SSP5-8.5,Total inorg. due to permafrost thaw,Pan-Arctic,2092,24.457883726965,24.457883726965
Tg_yr,mean,SSP5-8.5,Total inorg. due to permafrost thaw,Pan-Arctic,2093,26.585167354011666,26.585167354011666
Tg_yr,mean,SSP5-8.5,Total inorg. due to permafrost thaw,Pan-Arctic,2094,26.234414553888026,26.234414553888026
Tg_yr,mean,SSP5-8.5,Total inorg. due to permafrost thaw,Pan-Arctic,2095,27.344614701834775,27.344614701834775
Tg_yr,mean,SSP5-8.5,Total inorg. due to permafrost thaw,Pan-Arctic,2096,26.18854573922366,26.18854573922366
Tg_yr,mean,SSP5-8.5,Total inorg. due to permafrost thaw,Pan-Arctic,2097,26.309466495090504,26.309466495090504
Tg_yr,mean,SSP5-8.5,Total inorg. due to permafrost thaw,Pan-Arctic,2098,28.50462110938856,28.50462110938856
Tg_yr,mean,SSP5-8.5,Total inorg. due to permafrost thaw,Pan-Arctic,2099,26.53994084855028,26.53994084855028
Tg_yr,plus,SSP5-8.5,Total inorg. due to permafrost thaw,Taiga,2000,3.7556806302347736,3.7556806302347736
Tg_yr,plus,SSP5-8.5,Total inorg. due to permafrost thaw,Taiga,2001,4.685899759791226,4.685899759791226
Tg_yr,plus,SSP5-8.5,Total inorg. due to permafrost thaw,Taiga,2002,1.3220316696998258,1.3220316696998258
Tg_yr,plus,SSP5-8.5,Total inorg. due to permafrost thaw,Taiga,2003,1.175741444001196,1.175741444001196
Tg_yr,plus,SSP5-8.5,Total inorg. due to permafrost thaw,Taiga,2004,3.7979238218139257,3.7979238218139257
Tg_yr,plus,SSP5-8.5,Total inorg. due to permafrost thaw,Taiga,2005,0.8260796543381812,0.8260796543381812
Tg_yr,plus,SSP5-8.5,Total inorg. due to permafrost thaw,Taiga,2006,6.181592118687957,6.181592118687957
Tg_yr,plus,SSP5-8.5,Total inorg. due to permafrost thaw,Taiga,2007,3.6243588046435673,3.6243588046435673
Tg_yr,plus,SSP5-8.5,Total inorg. due to permafrost thaw,Taiga,2008,3.328809531625605,3.328809531625605
Tg_yr,plus,SSP5-8.5,Total inorg. due to permafrost thaw,Taiga,2009,0.3728777200630724,0.3728777200630724
Tg_yr,plus,SSP5-8.5,Total inorg. due to permafrost thaw,Taiga,2010,4.0285697294237375,4.0285697294237375
Tg_yr,plus,SSP5-8.5,Total inorg. due to permafrost thaw,Taiga,2011,0.09739148230530392,0.09739148230530392
Tg_yr,plus,SSP5-8.5,Total inorg. due to permafrost thaw,Taiga,2012,2.1364383213230744,2.1364383213230744
Tg_yr,plus,SSP5-8.5,Total inorg. due to permafrost thaw,Taiga,2013,2.1773158485897444,2.1773158485897444
Tg_yr,plus,SSP5-8.5,Total inorg. due to permafrost thaw,Taiga,2014,6.616945869578286,6.616945869578286
Tg_yr,plus,SSP5-8.5,Total inorg. due to permafrost thaw,Taiga,2015,1.6689714764236945,1.6689714764236945
Tg_yr,plus,SSP5-8.5,Total inorg. due to permafrost thaw,Taiga,2016,3.7098005678421595,3.7098005678421595
Tg_yr,plus,SSP5-8.5,Total inorg. due to permafrost thaw,Taiga,2017,3.098895073141395,3.098895073141395
Tg_yr,plus,SSP5-8.5,Total inorg. due to permafrost thaw,Taiga,2018,1.5620660034579852,1.5620660034579852
Tg_yr,plus,SSP5-8.5,Total inorg. due to permafrost thaw,Taiga,2019,5.140358834524547,5.140358834524547
Tg_yr,plus,SSP5-8.5,Total inorg. due to permafrost thaw,Taiga,2020,4.291692202396387,4.291692202396387
Tg_yr,plus,SSP5-8.5,Total inorg. due to permafrost thaw,Taiga,2080,8.34647649253688,8.34647649253688
Tg_yr,plus,SSP5-8.5,Total inorg. due to permafrost thaw,Taiga,2081,8.171406569684173,8.171406569684173
Tg_yr,plus,SSP5-8.5,Total inorg. due to permafrost thaw,Taiga,2082,8.534538779387818,8.534538779387818
Tg_yr,plus,SSP5-8.5,Total inorg. due to permafrost thaw,Taiga,2083,8.279859010652167,8.279859010652167
Tg_yr,plus,SSP5-8.5,Total inorg. due to permafrost thaw,Taiga,2084,8.703939509030477,8.703939509030477
Tg_yr,plus,SSP5-8.5,Total inorg. due to permafrost thaw,Taiga,2085,8.546619712767006,8.546619712767006
Tg_yr,plus,SSP5-8.5,Total inorg. due to permafrost thaw,Taiga,2086,8.861561585312868,8.861561585312868
Tg_yr,plus,SSP5-8.5,Total inorg. due to permafrost thaw,Taiga,2087,9.12337007737054,9.12337007737054
Tg_yr,plus,SSP5-8.5,Total inorg. due to permafrost thaw,Taiga,2088,8.643892565317696,8.643892565317696
Tg_yr,plus,SSP5-8.5,Total inorg. due to permafrost thaw,Taiga,2089,8.726837764072298,8.726837764072298
Tg_yr,plus,SSP5-8.5,Total inorg. due to permafrost thaw,Taiga,2090,9.160256967615414,9.160256967615414
Tg_yr,plus,SSP5-8.5,Total inorg. due to permafrost thaw,Taiga,2091,8.85886293121607,8.85886293121607
Tg_yr,plus,SSP5-8.5,Total inorg. due to permafrost thaw,Taiga,2092,8.692494522387829,8.692494522387829
Tg_yr,plus,SSP5-8.5,Total inorg. due to permafrost thaw,Taiga,2093,8.783761041663459,8.783761041663459
Tg_yr,plus,SSP5-8.5,Total inorg. due to permafrost thaw,Taiga,2094,9.000588727878823,9.000588727878823
Tg_yr,plus,SSP5-8.5,Total inorg. due to permafrost thaw,Taiga,2095,8.973407436032241,8.973407436032241
Tg_yr,plus,SSP5-8.5,Total inorg. due to permafrost thaw,Taiga,2096,9.292890678230497,9.292890678230497
Tg_yr,plus,SSP5-8.5,Total inorg. due to permafrost thaw,Taiga,2097,9.333035606307908,9.333035606307908
Tg_yr,plus,SSP5-8.5,Total inorg. due to permafrost thaw,Taiga,2098,9.256809258235545,9.256809258235545
Tg_yr,plus,SSP5-8.5,Total inorg. due to permafrost thaw,Taiga,2099,9.667846895379594,9.667846895379594
Tg_yr,plus,SSP5-8.5,Total inorg. due to permafrost thaw,Tundra,2000,-2.4369363371227535,-2.4369363371227535
Tg_yr,plus,SSP5-8.5,Total inorg. due to permafrost thaw,Tundra,2001,7.285235330164988,7.285235330164988
Tg_yr,plus,SSP5-8.5,Total inorg. due to permafrost thaw,Tundra,2002,-0.5084253300135214,-0.5084253300135214
Tg_yr,plus,SSP5-8.5,Total inorg. due to permafrost thaw,Tundra,2003,1.4779115028303083,1.4779115028303083
Tg_yr,plus,SSP5-8.5,Total inorg. due to permafrost thaw,Tundra,2004,7.508950753072991,7.508950753072991
Tg_yr,plus,SSP5-8.5,Total inorg. due to permafrost thaw,Tundra,2005,0.2552737820842784,0.2552737820842784
Tg_yr,plus,SSP5-8.5,Total inorg. due to permafrost thaw,Tundra,2006,6.008135125109709,6.008135125109709
Tg_yr,plus,SSP5-8.5,Total inorg. due to permafrost thaw,Tundra,2007,7.279274616842909,7.279274616842909
Tg_yr,plus,SSP5-8.5,Total inorg. due to permafrost thaw,Tundra,2008,3.928634974848659,3.928634974848659
Tg_yr,plus,SSP5-8.5,Total inorg. due to permafrost thaw,Tundra,2009,4.212617701948753,4.212617701948753
Tg_yr,plus,SSP5-8.5,Total inorg. due to permafrost thaw,Tundra,2010,-6.214070884787333,-6.214070884787333
Tg_yr,plus,SSP5-8.5,Total inorg. due to permafrost thaw,Tundra,2011,3.196506944885029,3.196506944885029
Tg_yr,plus,SSP5-8.5,Total inorg. due to permafrost thaw,Tundra,2012,4.65774642526656,4.65774642526656
Tg_yr,plus,SSP5-8.5,Total inorg. due to permafrost thaw,Tundra,2013,-1.8092450539948306,-1.8092450539948306
Tg_yr,plus,SSP5-8.5,Total inorg. due to permafrost thaw,Tundra,2014,13.804577089726108,13.804577089726108
Tg_yr,plus,SSP5-8.5,Total inorg. due to permafrost thaw,Tundra,2015,-3.2562775514815447,-3.2562775514815447
Tg_yr,plus,SSP5-8.5,Total inorg. due to permafrost thaw,Tundra,2016,6.726993053805612,6.726993053805612
Tg_yr,plus,SSP5-8.5,Total inorg. due to permafrost thaw,Tundra,2017,7.527915046039817,7.527915046039817
Tg_yr,plus,SSP5-8.5,Total inorg. due to permafrost thaw,Tundra,2018,-4.340973705075667,-4.340973705075667
Tg_yr,plus,SSP5-8.5,Total inorg. due to permafrost thaw,Tundra,2019,9.135155377245978,9.135155377245978
Tg_yr,plus,SSP5-8.5,Total inorg. due to permafrost thaw,Tundra,2020,6.765156849447351,6.765156849447351
Tg_yr,plus,SSP5-8.5,Total inorg. due to permafrost thaw,Tundra,2080,13.153842353493426,13.153842353493426
Tg_yr,plus,SSP5-8.5,Total inorg. due to permafrost thaw,Tundra,2081,13.267607807080772,13.267607807080772
Tg_yr,plus,SSP5-8.5,Total inorg. due to permafrost thaw,Tundra,2082,14.202597640516133,14.202597640516133
Tg_yr,plus,SSP5-8.5,Total inorg. due to permafrost thaw,Tundra,2083,13.872162690683178,13.872162690683178
Tg_yr,plus,SSP5-8.5,Total inorg. due to permafrost thaw,Tundra,2084,13.549385139306489,13.549385139306489
Tg_yr,plus,SSP5-8.5,Total inorg. due to permafrost thaw,Tundra,2085,13.670818017250456,13.670818017250456
Tg_yr,plus,SSP5-8.5,Total inorg. due to permafrost thaw,Tundra,2086,14.369719028106177,14.369719028106177
Tg_yr,plus,SSP5-8.5,Total inorg. due to permafrost thaw,Tundra,2087,14.568547520914954,14.568547520914954
Tg_yr,plus,SSP5-8.5,Total inorg. due to permafrost thaw,Tundra,2088,13.936309341322573,13.936309341322573
Tg_yr,plus,SSP5-8.5,Total inorg. due to permafrost thaw,Tundra,2089,14.24219413746038,14.24219413746038
Tg_yr,plus,SSP5-8.5,Total inorg. due to permafrost thaw,Tundra,2090,15.571535654479083,15.571535654479083
Tg_yr,plus,SSP5-8.5,Total inorg. due to permafrost thaw,Tundra,2091,15.069657706576825,15.069657706576825
Tg_yr,plus,SSP5-8.5,Total inorg. due to permafrost thaw,Tundra,2092,14.543056155445523,14.543056155445523
Tg_yr,plus,SSP5-8.5,Total inorg. due to permafrost thaw,Tundra,2093,14.930110821212834,14.930110821212834
Tg_yr,plus,SSP5-8.5,Total inorg. due to permafrost thaw,Tundra,2094,13.57868396440383,13.57868396440383
Tg_yr,plus,SSP5-8.5,Total inorg. due to permafrost thaw,Tundra,2095,14.790350212871154,14.790350212871154
Tg_yr,plus,SSP5-8.5,Total inorg. due to permafrost thaw,Tundra,2096,16.123874330075665,16.123874330075665
Tg_yr,plus,SSP5-8.5,Total inorg. due to permafrost thaw,Tundra,2097,16.051530154700774,16.051530154700774
Tg_yr,plus,SSP5-8.5,Total inorg. due to permafrost thaw,Tundra,2098,15.43352521095324,15.43352521095324
Tg_yr,plus,SSP5-8.5,Total inorg. due to permafrost thaw,Tundra,2099,16.844075654322296,16.844075654322296
Tg_yr,plus,SSP5-8.5,Total inorg. due to permafrost thaw,Wetlands,2000,-0.19826896128049543,-0.19826896128049543
Tg_yr,plus,SSP5-8.5,Total inorg. due to permafrost thaw,Wetlands,2001,0.4643916514104358,0.4643916514104358
Tg_yr,plus,SSP5-8.5,Total inorg. due to permafrost thaw,Wetlands,2002,-0.05058185503497708,-0.05058185503497708
Tg_yr,plus,SSP5-8.5,Total inorg. due to permafrost thaw,Wetlands,2003,-0.3915460086891358,-0.3915460086891358
Tg_yr,plus,SSP5-8.5,Total inorg. due to permafrost thaw,Wetlands,2004,0.7759439362951333,0.7759439362951333
Tg_yr,plus,SSP5-8.5,Total inorg. due to permafrost thaw,Wetlands,2005,0.44393417570524363,0.44393417570524363
Tg_yr,plus,SSP5-8.5,Total inorg. due to permafrost thaw,Wetlands,2006,1.2289365000342904,1.2289365000342904
Tg_yr,plus,SSP5-8.5,Total inorg. due to permafrost thaw,Wetlands,2007,0.33870600146813196,0.33870600146813196
Tg_yr,plus,SSP5-8.5,Total inorg. due to permafrost thaw,Wetlands,2008,0.36989814354420986,0.36989814354420986
Tg_yr,plus,SSP5-8.5,Total inorg. due to permafrost thaw,Wetlands,2009,0.11387882084900845,0.11387882084900845
Tg_yr,plus,SSP5-8.5,Total inorg. due to permafrost thaw,Wetlands,2010,0.6978473943821737,0.6978473943821737
Tg_yr,plus,SSP5-8.5,Total inorg. due to permafrost thaw,Wetlands,2011,-0.03725864440717512,-0.03725864440717512
Tg_yr,plus,SSP5-8.5,Total inorg. due to permafrost thaw,Wetlands,2012,1.336590387783114,1.336590387783114
Tg_yr,plus,SSP5-8.5,Total inorg. due to permafrost thaw,Wetlands,2013,-0.5885888701739652,-0.5885888701739652
Tg_yr,plus,SSP5-8.5,Total inorg. due to permafrost thaw,Wetlands,2014,1.1463686895964575,1.1463686895964575
Tg_yr,plus,SSP5-8.5,Total inorg. due to permafrost thaw,Wetlands,2015,1.4315862017441514,1.4315862017441514
Tg_yr,plus,SSP5-8.5,Total inorg. due to permafrost thaw,Wetlands,2016,-0.45475034190081226,-0.45475034190081226
Tg_yr,plus,SSP5-8.5,Total inorg. due to permafrost thaw,Wetlands,2017,0.08689250730249586,0.08689250730249586
Tg_yr,plus,SSP5-8.5,Total inorg. due to permafrost thaw,Wetlands,2018,-0.14962129560188187,-0.14962129560188187
Tg_yr,plus,SSP5-8.5,Total inorg. due to permafrost thaw,Wetlands,2019,0.6482987226003604,0.6482987226003604
Tg_yr,plus,SSP5-8.5,Total inorg. due to permafrost thaw,Wetlands,2020,1.2391677739731557,1.2391677739731557
Tg_yr,plus,SSP5-8.5,Total inorg. due to permafrost thaw,Wetlands,2080,1.923733257366341,1.923733257366341
Tg_yr,plus,SSP5-8.5,Total inorg. due to permafrost thaw,Wetlands,2081,1.95011391138926,1.95011391138926
Tg_yr,plus,SSP5-8.5,Total inorg. due to permafrost thaw,Wetlands,2082,1.9895423944870327,1.9895423944870327
Tg_yr,plus,SSP5-8.5,Total inorg. due to permafrost thaw,Wetlands,2083,2.013993519350823,2.013993519350823
Tg_yr,plus,SSP5-8.5,Total inorg. due to permafrost thaw,Wetlands,2084,2.1036057433054687,2.1036057433054687
Tg_yr,plus,SSP5-8.5,Total inorg. due to permafrost thaw,Wetlands,2085,2.0622177805786417,2.0622177805786417
Tg_yr,plus,SSP5-8.5,Total inorg. due to permafrost thaw,Wetlands,2086,2.1192246343537087,2.1192246343537087
Tg_yr,plus,SSP5-8.5,Total inorg. due to permafrost thaw,Wetlands,2087,2.169829516716686,2.169829516716686
Tg_yr,plus,SSP5-8.5,Total inorg. due to permafrost thaw,Wetlands,2088,2.0823669477484716,2.0823669477484716
Tg_yr,plus,SSP5-8.5,Total inorg. due to permafrost thaw,Wetlands,2089,2.0819707302870563,2.0819707302870563
Tg_yr,plus,SSP5-8.5,Total inorg. due to permafrost thaw,Wetlands,2090,2.1214446268148945,2.1214446268148945
Tg_yr,plus,SSP5-8.5,Total inorg. due to permafrost thaw,Wetlands,2091,2.1047952959803644,2.1047952959803644
Tg_yr,plus,SSP5-8.5,Total inorg. due to permafrost thaw,Wetlands,2092,2.1099963675484865,2.1099963675484865
Tg_yr,plus,SSP5-8.5,Total inorg. due to permafrost thaw,Wetlands,2093,2.113096435855795,2.113096435855795
Tg_yr,plus,SSP5-8.5,Total inorg. due to permafrost thaw,Wetlands,2094,2.1626837515967794,2.1626837515967794
Tg_yr,plus,SSP5-8.5,Total inorg. due to permafrost thaw,Wetlands,2095,2.0962161979486025,2.0962161979486025
Tg_yr,plus,SSP5-8.5,Total inorg. due to permafrost thaw,Wetlands,2096,2.133958855847344,2.133958855847344
Tg_yr,plus,SSP5-8.5,Total inorg. due to permafrost thaw,Wetlands,2097,2.145759847661907,2.145759847661907
Tg_yr,plus,SSP5-8.5,Total inorg. due to permafrost thaw,Wetlands,2098,2.233695858319602,2.233695858319602
Tg_yr,plus,SSP5-8.5,Total inorg. due to permafrost thaw,Wetlands,2099,2.3083731353736416,2.3083731353736416
Tg_yr,plus,SSP5-8.5,Total inorg. due to permafrost thaw,Barren,2000,0.31445246252883385,0.31445246252883385
Tg_yr,plus,SSP5-8.5,Total inorg. due to permafrost thaw,Barren,2001,0.8631529791370093,0.8631529791370093
Tg_yr,plus,SSP5-8.5,Total inorg. due to permafrost thaw,Barren,2002,0.9310481872149785,0.9310481872149785
Tg_yr,plus,SSP5-8.5,Total inorg. due to permafrost thaw,Barren,2003,-1.1934499518240593,-1.1934499518240593
Tg_yr,plus,SSP5-8.5,Total inorg. due to permafrost thaw,Barren,2004,0.10895670928619641,0.10895670928619641
Tg_yr,plus,SSP5-8.5,Total inorg. due to permafrost thaw,Barren,2005,0.059649299655409486,0.059649299655409486
Tg_yr,plus,SSP5-8.5,Total inorg. due to permafrost thaw,Barren,2006,-0.6329065469704216,-0.6329065469704216
Tg_yr,plus,SSP5-8.5,Total inorg. due to permafrost thaw,Barren,2007,0.635922150543465,0.635922150543465
Tg_yr,plus,SSP5-8.5,Total inorg. due to permafrost thaw,Barren,2008,0.8015720414971359,0.8015720414971359
Tg_yr,plus,SSP5-8.5,Total inorg. due to permafrost thaw,Barren,2009,0.5439452037770344,0.5439452037770344
Tg_yr,plus,SSP5-8.5,Total inorg. due to permafrost thaw,Barren,2010,-1.1160645492641579,-1.1160645492641579
Tg_yr,plus,SSP5-8.5,Total inorg. due to permafrost thaw,Barren,2011,0.4641068197417393,0.4641068197417393
Tg_yr,plus,SSP5-8.5,Total inorg. due to permafrost thaw,Barren,2012,-0.305504066405123,-0.305504066405123
Tg_yr,plus,SSP5-8.5,Total inorg. due to permafrost thaw,Barren,2013,-0.666268471205664,-0.666268471205664
Tg_yr,plus,SSP5-8.5,Total inorg. due to permafrost thaw,Barren,2014,1.3909579620699806,1.3909579620699806
Tg_yr,plus,SSP5-8.5,Total inorg. due to permafrost thaw,Barren,2015,-0.6974733771429551,-0.6974733771429551
Tg_yr,plus,SSP5-8.5,Total inorg. due to permafrost thaw,Barren,2016,0.3688060722030717,0.3688060722030717
Tg_yr,plus,SSP5-8.5,Total inorg. due to permafrost thaw,Barren,2017,-0.4430636515700598,-0.4430636515700598
Tg_yr,plus,SSP5-8.5,Total inorg. due to permafrost thaw,Barren,2018,-0.15788723605555074,-0.15788723605555074
Tg_yr,plus,SSP5-8.5,Total inorg. due to permafrost thaw,Barren,2019,0.8559525270361779,0.8559525270361779
Tg_yr,plus,SSP5-8.5,Total inorg. due to permafrost thaw,Barren,2020,-0.49879286137236806,-0.49879286137236806
Tg_yr,plus,SSP5-8.5,Total inorg. due to permafrost thaw,Barren,2080,0.4666250028023837,0.4666250028023837
Tg_yr,plus,SSP5-8.5,Total inorg. due to permafrost thaw,Barren,2081,0.39338552572138763,0.39338552572138763
Tg_yr,plus,SSP5-8.5,Total inorg. due to permafrost thaw,Barren,2082,0.4165251245947768,0.4165251245947768
Tg_yr,plus,SSP5-8.5,Total inorg. due to permafrost thaw,Barren,2083,0.09020299207273612,0.09020299207273612
Tg_yr,plus,SSP5-8.5,Total inorg. due to permafrost thaw,Barren,2084,0.7135677352162886,0.7135677352162886
Tg_yr,plus,SSP5-8.5,Total inorg. due to permafrost thaw,Barren,2085,0.6089983480918352,0.6089983480918352
Tg_yr,plus,SSP5-8.5,Total inorg. due to permafrost thaw,Barren,2086,0.39925671347110836,0.39925671347110836
Tg_yr,plus,SSP5-8.5,Total inorg. due to permafrost thaw,Barren,2087,0.2419287120971528,0.2419287120971528
Tg_yr,plus,SSP5-8.5,Total inorg. due to permafrost thaw,Barren,2088,0.5435738683404711,0.5435738683404711
Tg_yr,plus,SSP5-8.5,Total inorg. due to permafrost thaw,Barren,2089,0.41608642172189003,0.41608642172189003
Tg_yr,plus,SSP5-8.5,Total inorg. due to permafrost thaw,Barren,2090,0.3953933763433933,0.3953933763433933
Tg_yr,plus,SSP5-8.5,Total inorg. due to permafrost thaw,Barren,2091,0.4317723810583645,0.4317723810583645
Tg_yr,plus,SSP5-8.5,Total inorg. due to permafrost thaw,Barren,2092,0.5190043714447518,0.5190043714447518
Tg_yr,plus,SSP5-8.5,Total inorg. due to permafrost thaw,Barren,2093,0.4710582504835746,0.4710582504835746
Tg_yr,plus,SSP5-8.5,Total inorg. due to permafrost thaw,Barren,2094,0.421226654793807,0.421226654793807
Tg_yr,plus,SSP5-8.5,Total inorg. due to permafrost thaw,Barren,2095,0.4915777636018721,0.4915777636018721
Tg_yr,plus,SSP5-8.5,Total inorg. due to permafrost thaw,Barren,2096,0.48152926098096094,0.48152926098096094
Tg_yr,plus,SSP5-8.5,Total inorg. due to permafrost thaw,Barren,2097,0.46263608448297927,0.46263608448297927
Tg_yr,plus,SSP5-8.5,Total inorg. due to permafrost thaw,Barren,2098,0.43436562671407086,0.43436562671407086
Tg_yr,plus,SSP5-8.5,Total inorg. due to permafrost thaw,Barren,2099,0.5345161403142865,0.5345161403142865
Tg_yr,plus,SSP5-8.5,Total inorg. due to permafrost thaw,Pan-Arctic,2000,1.4349277943603584,1.4349277943603584
Tg_yr,plus,SSP5-8.5,Total inorg. due to permafrost thaw,Pan-Arctic,2001,13.29867972050366,13.29867972050366
Tg_yr,plus,SSP5-8.5,Total inorg. due to permafrost thaw,Pan-Arctic,2002,1.6940726718663057,1.6940726718663057
Tg_yr,plus,SSP5-8.5,Total inorg. due to permafrost thaw,Pan-Arctic,2003,1.0686569863183093,1.0686569863183093
Tg_yr,plus,SSP5-8.5,Total inorg. due to permafrost thaw,Pan-Arctic,2004,12.191775220468246,12.191775220468246
Tg_yr,plus,SSP5-8.5,Total inorg. due to permafrost thaw,Pan-Arctic,2005,1.5849369117831127,1.5849369117831127
Tg_yr,plus,SSP5-8.5,Total inorg. due to permafrost thaw,Pan-Arctic,2006,12.785757196861535,12.785757196861535
Tg_yr,plus,SSP5-8.5,Total inorg. due to permafrost thaw,Pan-Arctic,2007,11.878261573498074,11.878261573498074
Tg_yr,plus,SSP5-8.5,Total inorg. due to permafrost thaw,Pan-Arctic,2008,8.42891469151561,8.42891469151561
Tg_yr,plus,SSP5-8.5,Total inorg. due to permafrost thaw,Pan-Arctic,2009,5.2433194466378685,5.2433194466378685
Tg_yr,plus,SSP5-8.5,Total inorg. due to permafrost thaw,Pan-Arctic,2010,-2.60371831024558,-2.60371831024558
Tg_yr,plus,SSP5-8.5,Total inorg. due to permafrost thaw,Pan-Arctic,2011,3.7207466025248976,3.7207466025248976
Tg_yr,plus,SSP5-8.5,Total inorg. due to permafrost thaw,Pan-Arctic,2012,7.825271067967626,7.825271067967626
Tg_yr,plus,SSP5-8.5,Total inorg. due to permafrost thaw,Pan-Arctic,2013,-0.8867865467847157,-0.8867865467847157
Tg_yr,plus,SSP5-8.5,Total inorg. due to permafrost thaw,Pan-Arctic,2014,22.958849610970834,22.958849610970834
Tg_yr,plus,SSP5-8.5,Total inorg. due to permafrost thaw,Pan-Arctic,2015,-0.8531932504566541,-0.8531932504566541
Tg_yr,plus,SSP5-8.5,Total inorg. due to permafrost thaw,Pan-Arctic,2016,10.350849351950032,10.350849351950032
Tg_yr,plus,SSP5-8.5,Total inorg. due to permafrost thaw,Pan-Arctic,2017,10.270638974913648,10.270638974913648
Tg_yr,plus,SSP5-8.5,Total inorg. due to permafrost thaw,Pan-Arctic,2018,-3.086416233275115,-3.086416233275115
Tg_yr,plus,SSP5-8.5,Total inorg. due to permafrost thaw,Pan-Arctic,2019,15.779765461407065,15.779765461407065
Tg_yr,plus,SSP5-8.5,Total inorg. due to permafrost thaw,Pan-Arctic,2020,11.797223964444525,11.797223964444525
Tg_yr,plus,SSP5-8.5,Total inorg. due to permafrost thaw,Pan-Arctic,2080,23.890677106199032,23.890677106199032
Tg_yr,plus,SSP5-8.5,Total inorg. due to permafrost thaw,Pan-Arctic,2081,23.782513813875592,23.782513813875592
Tg_yr,plus,SSP5-8.5,Total inorg. due to permafrost thaw,Pan-Arctic,2082,25.143203938985756,25.143203938985756
Tg_yr,plus,SSP5-8.5,Total inorg. due to permafrost thaw,Pan-Arctic,2083,24.256218212758906,24.256218212758906
Tg_yr,plus,SSP5-8.5,Total inorg. due to permafrost thaw,Pan-Arctic,2084,25.070498126858723,25.070498126858723
Tg_yr,plus,SSP5-8.5,Total inorg. due to permafrost thaw,Pan-Arctic,2085,24.888653858687938,24.888653858687938
Tg_yr,plus,SSP5-8.5,Total inorg. due to permafrost thaw,Pan-Arctic,2086,25.749761961243863,25.749761961243863
Tg_yr,plus,SSP5-8.5,Total inorg. due to permafrost thaw,Pan-Arctic,2087,26.10367582709933,26.10367582709933
Tg_yr,plus,SSP5-8.5,Total inorg. due to permafrost thaw,Pan-Arctic,2088,25.206142722729215,25.206142722729215
Tg_yr,plus,SSP5-8.5,Total inorg. due to permafrost thaw,Pan-Arctic,2089,25.467089053541624,25.467089053541624
Tg_yr,plus,SSP5-8.5,Total inorg. due to permafrost thaw,Pan-Arctic,2090,27.248630625252787,27.248630625252787
Tg_yr,plus,SSP5-8.5,Total inorg. due to permafrost thaw,Pan-Arctic,2091,26.465088314831625,26.465088314831625
Tg_yr,plus,SSP5-8.5,Total inorg. due to permafrost thaw,Pan-Arctic,2092,25.86455141682659,25.86455141682659
Tg_yr,plus,SSP5-8.5,Total inorg. due to permafrost thaw,Pan-Arctic,2093,26.29802654921566,26.29802654921566
Tg_yr,plus,SSP5-8.5,Total inorg. due to permafrost thaw,Pan-Arctic,2094,25.163183098673237,25.163183098673237
Tg_yr,plus,SSP5-8.5,Total inorg. due to permafrost thaw,Pan-Arctic,2095,26.35155161045387,26.35155161045387
Tg_yr,plus,SSP5-8.5,Total inorg. due to permafrost thaw,Pan-Arctic,2096,28.032253125134467,28.032253125134467
Tg_yr,plus,SSP5-8.5,Total inorg. due to permafrost thaw,Pan-Arctic,2097,27.992961693153568,27.992961693153568
Tg_yr,plus,SSP5-8.5,Total inorg. due to permafrost thaw,Pan-Arctic,2098,27.358395954222456,27.358395954222456
Tg_yr,plus,SSP5-8.5,Total inorg. due to permafrost thaw,Pan-Arctic,2099,29.354811825389817,29.354811825389817
Tg_yr,minus,SSP5-8.5,Total inorg. due to permafrost thaw,Taiga,2000,2.380894771588168,2.380894771588168
Tg_yr,minus,SSP5-8.5,Total inorg. due to permafrost thaw,Taiga,2001,5.088987723464028e-4,5.088987723464028e-4
Tg_yr,minus,SSP5-8.5,Total inorg. due to permafrost thaw,Taiga,2002,2.479348815410617,2.479348815410617
Tg_yr,minus,SSP5-8.5,Total inorg. due to permafrost thaw,Taiga,2003,0.26801377910130153,0.26801377910130153
Tg_yr,minus,SSP5-8.5,Total inorg. due to permafrost thaw,Taiga,2004,2.301994166332532,2.301994166332532
Tg_yr,minus,SSP5-8.5,Total inorg. due to permafrost thaw,Taiga,2005,0.027774882277488075,0.027774882277488075
Tg_yr,minus,SSP5-8.5,Total inorg. due to permafrost thaw,Taiga,2006,3.342612581140488,3.342612581140488
Tg_yr,minus,SSP5-8.5,Total inorg. due to permafrost thaw,Taiga,2007,0.46916149580025995,0.46916149580025995
Tg_yr,minus,SSP5-8.5,Total inorg. due to permafrost thaw,Taiga,2008,2.6365482658583694,2.6365482658583694
Tg_yr,minus,SSP5-8.5,Total inorg. due to permafrost thaw,Taiga,2009,-0.8166502382708092,-0.8166502382708092
Tg_yr,minus,SSP5-8.5,Total inorg. due to permafrost thaw,Taiga,2010,2.3101438628811417,2.3101438628811417
Tg_yr,minus,SSP5-8.5,Total inorg. due to permafrost thaw,Taiga,2011,-0.02597720278301506,-0.02597720278301506
Tg_yr,minus,SSP5-8.5,Total inorg. due to permafrost thaw,Taiga,2012,-0.11894751797898807,-0.11894751797898807
Tg_yr,minus,SSP5-8.5,Total inorg. due to permafrost thaw,Taiga,2013,2.4749516798389726,2.4749516798389726
Tg_yr,minus,SSP5-8.5,Total inorg. due to permafrost thaw,Taiga,2014,3.8288267840541153,3.8288267840541153
Tg_yr,minus,SSP5-8.5,Total inorg. due to permafrost thaw,Taiga,2015,0.6570037309048344,0.6570037309048344
Tg_yr,minus,SSP5-8.5,Total inorg. due to permafrost thaw,Taiga,2016,1.565337765038292,1.565337765038292
Tg_yr,minus,SSP5-8.5,Total inorg. due to permafrost thaw,Taiga,2017,0.827522976805625,0.827522976805625
Tg_yr,minus,SSP5-8.5,Total inorg. due to permafrost thaw,Taiga,2018,1.155105208433173,1.155105208433173
Tg_yr,minus,SSP5-8.5,Total inorg. due to permafrost thaw,Taiga,2019,2.204906486932912,2.204906486932912
Tg_yr,minus,SSP5-8.5,Total inorg. due to permafrost thaw,Taiga,2020,3.300662296511635,3.300662296511635
Tg_yr,minus,SSP5-8.5,Total inorg. due to permafrost thaw,Taiga,2080,9.643080709151107,9.643080709151107
Tg_yr,minus,SSP5-8.5,Total inorg. due to permafrost thaw,Taiga,2081,8.708802372668291,8.708802372668291
Tg_yr,minus,SSP5-8.5,Total inorg. due to permafrost thaw,Taiga,2082,8.768176179082682,8.768176179082682
Tg_yr,minus,SSP5-8.5,Total inorg. due to permafrost thaw,Taiga,2083,9.69711835672277,9.69711835672277
Tg_yr,minus,SSP5-8.5,Total inorg. due to permafrost thaw,Taiga,2084,9.48750055133659,9.48750055133659
Tg_yr,minus,SSP5-8.5,Total inorg. due to permafrost thaw,Taiga,2085,10.274404665112785,10.274404665112785
Tg_yr,minus,SSP5-8.5,Total inorg. due to permafrost thaw,Taiga,2086,9.639143374151415,9.639143374151415
Tg_yr,minus,SSP5-8.5,Total inorg. due to permafrost thaw,Taiga,2087,9.393482445571637,9.393482445571637
Tg_yr,minus,SSP5-8.5,Total inorg. due to permafrost thaw,Taiga,2088,9.873068560375128,9.873068560375128
Tg_yr,minus,SSP5-8.5,Total inorg. due to permafrost thaw,Taiga,2089,10.00824576264188,10.00824576264188
Tg_yr,minus,SSP5-8.5,Total inorg. due to permafrost thaw,Taiga,2090,10.563541880698399,10.563541880698399
Tg_yr,minus,SSP5-8.5,Total inorg. due to permafrost thaw,Taiga,2091,10.322315086130278,10.322315086130278
Tg_yr,minus,SSP5-8.5,Total inorg. due to permafrost thaw,Taiga,2092,10.39006643393596,10.39006643393596
Tg_yr,minus,SSP5-8.5,Total inorg. due to permafrost thaw,Taiga,2093,10.991004613519053,10.991004613519053
Tg_yr,minus,SSP5-8.5,Total inorg. due to permafrost thaw,Taiga,2094,10.529338528482803,10.529338528482803
Tg_yr,minus,SSP5-8.5,Total inorg. due to permafrost thaw,Taiga,2095,10.626414782794031,10.626414782794031
Tg_yr,minus,SSP5-8.5,Total inorg. due to permafrost thaw,Taiga,2096,10.773604335610512,10.773604335610512
Tg_yr,minus,SSP5-8.5,Total inorg. due to permafrost thaw,Taiga,2097,10.44725908727072,10.44725908727072
Tg_yr,minus,SSP5-8.5,Total inorg. due to permafrost thaw,Taiga,2098,11.348612056039476,11.348612056039476
Tg_yr,minus,SSP5-8.5,Total inorg. due to permafrost thaw,Taiga,2099,11.048232962901423,11.048232962901423
Tg_yr,minus,SSP5-8.5,Total inorg. due to permafrost thaw,Tundra,2000,-0.978456492354497,-0.978456492354497
Tg_yr,minus,SSP5-8.5,Total inorg. due to permafrost thaw,Tundra,2001,2.585499725271316,2.585499725271316
Tg_yr,minus,SSP5-8.5,Total inorg. due to permafrost thaw,Tundra,2002,-0.20250319654456148,-0.20250319654456148
Tg_yr,minus,SSP5-8.5,Total inorg. due to permafrost thaw,Tundra,2003,-2.416282527869025,-2.416282527869025
Tg_yr,minus,SSP5-8.5,Total inorg. due to permafrost thaw,Tundra,2004,3.927178059270467,3.927178059270467
Tg_yr,minus,SSP5-8.5,Total inorg. due to permafrost thaw,Tundra,2005,3.0582906960907787,3.0582906960907787
Tg_yr,minus,SSP5-8.5,Total inorg. due to permafrost thaw,Tundra,2006,0.5080044231189401,0.5080044231189401
Tg_yr,minus,SSP5-8.5,Total inorg. due to permafrost thaw,Tundra,2007,-0.7511387509304044,-0.7511387509304044
Tg_yr,minus,SSP5-8.5,Total inorg. due to permafrost thaw,Tundra,2008,1.8288639786967429,1.8288639786967429
Tg_yr,minus,SSP5-8.5,Total inorg. due to permafrost thaw,Tundra,2009,1.183485648646076,1.183485648646076
Tg_yr,minus,SSP5-8.5,Total inorg. due to permafrost thaw,Tundra,2010,1.1115624135991737,1.1115624135991737
Tg_yr,minus,SSP5-8.5,Total inorg. due to permafrost thaw,Tundra,2011,-0.7797228869492854,-0.7797228869492854
Tg_yr,minus,SSP5-8.5,Total inorg. due to permafrost thaw,Tundra,2012,0.7675406654389263,0.7675406654389263
Tg_yr,minus,SSP5-8.5,Total inorg. due to permafrost thaw,Tundra,2013,1.8336185147013102,1.8336185147013102
Tg_yr,minus,SSP5-8.5,Total inorg. due to permafrost thaw,Tundra,2014,4.240930970888318,4.240930970888318
Tg_yr,minus,SSP5-8.5,Total inorg. due to permafrost thaw,Tundra,2015,0.9655822305306043,0.9655822305306043
Tg_yr,minus,SSP5-8.5,Total inorg. due to permafrost thaw,Tundra,2016,0.3087390739473793,0.3087390739473793
Tg_yr,minus,SSP5-8.5,Total inorg. due to permafrost thaw,Tundra,2017,-1.3084687718539827,-1.3084687718539827
Tg_yr,minus,SSP5-8.5,Total inorg. due to permafrost thaw,Tundra,2018,-1.2039068001181843,-1.2039068001181843
Tg_yr,minus,SSP5-8.5,Total inorg. due to permafrost thaw,Tundra,2019,6.581113045875369,6.581113045875369
Tg_yr,minus,SSP5-8.5,Total inorg. due to permafrost thaw,Tundra,2020,3.000522476890522,3.000522476890522
Tg_yr,minus,SSP5-8.5,Total inorg. due to permafrost thaw,Tundra,2080,17.14154040540922,17.14154040540922
Tg_yr,minus,SSP5-8.5,Total inorg. due to permafrost thaw,Tundra,2081,10.420756308871745,10.420756308871745
Tg_yr,minus,SSP5-8.5,Total inorg. due to permafrost thaw,Tundra,2082,14.41724259661412,14.41724259661412
Tg_yr,minus,SSP5-8.5,Total inorg. due to permafrost thaw,Tundra,2083,10.532001008611937,10.532001008611937
Tg_yr,minus,SSP5-8.5,Total inorg. due to permafrost thaw,Tundra,2084,12.153233588895144,12.153233588895144
Tg_yr,minus,SSP5-8.5,Total inorg. due to permafrost thaw,Tundra,2085,9.289517025646578,9.289517025646578
Tg_yr,minus,SSP5-8.5,Total inorg. due to permafrost thaw,Tundra,2086,15.611613002044928,15.611613002044928
Tg_yr,minus,SSP5-8.5,Total inorg. due to permafrost thaw,Tundra,2087,10.383323308319206,10.383323308319206
Tg_yr,minus,SSP5-8.5,Total inorg. due to permafrost thaw,Tundra,2088,13.56229243862379,13.56229243862379
Tg_yr,minus,SSP5-8.5,Total inorg. due to permafrost thaw,Tundra,2089,10.24555592088837,10.24555592088837
Tg_yr,minus,SSP5-8.5,Total inorg. due to permafrost thaw,Tundra,2090,16.130918920889226,16.130918920889226
Tg_yr,minus,SSP5-8.5,Total inorg. due to permafrost thaw,Tundra,2091,14.113743899709021,14.113743899709021
Tg_yr,minus,SSP5-8.5,Total inorg. due to permafrost thaw,Tundra,2092,11.706131191576366,11.706131191576366
Tg_yr,minus,SSP5-8.5,Total inorg. due to permafrost thaw,Tundra,2093,14.92376818295309,14.92376818295309
Tg_yr,minus,SSP5-8.5,Total inorg. due to permafrost thaw,Tundra,2094,15.821797820390891,15.821797820390891
Tg_yr,minus,SSP5-8.5,Total inorg. due to permafrost thaw,Tundra,2095,16.891196519625055,16.891196519625055
Tg_yr,minus,SSP5-8.5,Total inorg. due to permafrost thaw,Tundra,2096,12.83536435961505,12.83536435961505
Tg_yr,minus,SSP5-8.5,Total inorg. due to permafrost thaw,Tundra,2097,13.742008178313986,13.742008178313986
Tg_yr,minus,SSP5-8.5,Total inorg. due to permafrost thaw,Tundra,2098,17.645396484981124,17.645396484981124
Tg_yr,minus,SSP5-8.5,Total inorg. due to permafrost thaw,Tundra,2099,12.048004492259876,12.048004492259876
Tg_yr,minus,SSP5-8.5,Total inorg. due to permafrost thaw,Wetlands,2000,0.5639380396549869,0.5639380396549869
Tg_yr,minus,SSP5-8.5,Total inorg. due to permafrost thaw,Wetlands,2001,-0.17514353686972445,-0.17514353686972445
Tg_yr,minus,SSP5-8.5,Total inorg. due to permafrost thaw,Wetlands,2002,0.5906622073354194,0.5906622073354194
Tg_yr,minus,SSP5-8.5,Total inorg. due to permafrost thaw,Wetlands,2003,-0.6669055208491177,-0.6669055208491177
Tg_yr,minus,SSP5-8.5,Total inorg. due to permafrost thaw,Wetlands,2004,0.4788864770203095,0.4788864770203095
Tg_yr,minus,SSP5-8.5,Total inorg. due to permafrost thaw,Wetlands,2005,0.40557352251627843,0.40557352251627843
Tg_yr,minus,SSP5-8.5,Total inorg. due to permafrost thaw,Wetlands,2006,-0.01601871744274072,-0.01601871744274072
Tg_yr,minus,SSP5-8.5,Total inorg. due to permafrost thaw,Wetlands,2007,-0.18031391377062173,-0.18031391377062173
Tg_yr,minus,SSP5-8.5,Total inorg. due to permafrost thaw,Wetlands,2008,0.42512024898885387,0.42512024898885387
Tg_yr,minus,SSP5-8.5,Total inorg. due to permafrost thaw,Wetlands,2009,-0.05770942225663619,-0.05770942225663619
Tg_yr,minus,SSP5-8.5,Total inorg. due to permafrost thaw,Wetlands,2010,0.6197923674272123,0.6197923674272123
Tg_yr,minus,SSP5-8.5,Total inorg. due to permafrost thaw,Wetlands,2011,-0.2839099838329217,-0.2839099838329217
Tg_yr,minus,SSP5-8.5,Total inorg. due to permafrost thaw,Wetlands,2012,0.2828960577207421,0.2828960577207421
Tg_yr,minus,SSP5-8.5,Total inorg. due to permafrost thaw,Wetlands,2013,0.36921453540462107,0.36921453540462107
Tg_yr,minus,SSP5-8.5,Total inorg. due to permafrost thaw,Wetlands,2014,0.31525800501477624,0.31525800501477624
Tg_yr,minus,SSP5-8.5,Total inorg. due to permafrost thaw,Wetlands,2015,0.49793763129060303,0.49793763129060303
Tg_yr,minus,SSP5-8.5,Total inorg. due to permafrost thaw,Wetlands,2016,-0.29239455174757245,-0.29239455174757245
Tg_yr,minus,SSP5-8.5,Total inorg. due to permafrost thaw,Wetlands,2017,0.4178790276453295,0.4178790276453295
Tg_yr,minus,SSP5-8.5,Total inorg. due to permafrost thaw,Wetlands,2018,-0.17044263424561235,-0.17044263424561235
Tg_yr,minus,SSP5-8.5,Total inorg. due to permafrost thaw,Wetlands,2019,0.44907078336119505,0.44907078336119505
Tg_yr,minus,SSP5-8.5,Total inorg. due to permafrost thaw,Wetlands,2020,0.762544058341383,0.762544058341383
Tg_yr,minus,SSP5-8.5,Total inorg. due to permafrost thaw,Wetlands,2080,2.0573084887256687,2.0573084887256687
Tg_yr,minus,SSP5-8.5,Total inorg. due to permafrost thaw,Wetlands,2081,2.1758328606953032,2.1758328606953032
Tg_yr,minus,SSP5-8.5,Total inorg. due to permafrost thaw,Wetlands,2082,2.143521620688353,2.143521620688353
Tg_yr,minus,SSP5-8.5,Total inorg. due to permafrost thaw,Wetlands,2083,2.6070381032301553,2.6070381032301553
Tg_yr,minus,SSP5-8.5,Total inorg. due to permafrost thaw,Wetlands,2084,2.2518336688059746,2.2518336688059746
Tg_yr,minus,SSP5-8.5,Total inorg. due to permafrost thaw,Wetlands,2085,2.4530602473224126,2.4530602473224126
Tg_yr,minus,SSP5-8.5,Total inorg. due to permafrost thaw,Wetlands,2086,2.611565025017048,2.611565025017048
Tg_yr,minus,SSP5-8.5,Total inorg. due to permafrost thaw,Wetlands,2087,2.3034104357318883,2.3034104357318883
Tg_yr,minus,SSP5-8.5,Total inorg. due to permafrost thaw,Wetlands,2088,2.306096454634849,2.306096454634849
Tg_yr,minus,SSP5-8.5,Total inorg. due to permafrost thaw,Wetlands,2089,2.363036163993171,2.363036163993171
Tg_yr,minus,SSP5-8.5,Total inorg. due to permafrost thaw,Wetlands,2090,2.378180847129652,2.378180847129652
Tg_yr,minus,SSP5-8.5,Total inorg. due to permafrost thaw,Wetlands,2091,2.4072018265739796,2.4072018265739796
Tg_yr,minus,SSP5-8.5,Total inorg. due to permafrost thaw,Wetlands,2092,2.324588667393957,2.324588667393957
Tg_yr,minus,SSP5-8.5,Total inorg. due to permafrost thaw,Wetlands,2093,2.4304661857845766,2.4304661857845766
Tg_yr,minus,SSP5-8.5,Total inorg. due to permafrost thaw,Wetlands,2094,2.4407784864338895,2.4407784864338895
Tg_yr,minus,SSP5-8.5,Total inorg. due to permafrost thaw,Wetlands,2095,2.40290005185632,2.40290005185632
Tg_yr,minus,SSP5-8.5,Total inorg. due to permafrost thaw,Wetlands,2096,2.4924367191525763,2.4924367191525763
Tg_yr,minus,SSP5-8.5,Total inorg. due to permafrost thaw,Wetlands,2097,2.455747872298883,2.455747872298883
Tg_yr,minus,SSP5-8.5,Total inorg. due to permafrost thaw,Wetlands,2098,2.5396098220299077,2.5396098220299077
Tg_yr,minus,SSP5-8.5,Total inorg. due to permafrost thaw,Wetlands,2099,2.7284711329247564,2.7284711329247564
Tg_yr,minus,SSP5-8.5,Total inorg. due to permafrost thaw,Barren,2000,-0.13212115685967254,-0.13212115685967254
Tg_yr,minus,SSP5-8.5,Total inorg. due to permafrost thaw,Barren,2001,0.4933348192081739,0.4933348192081739
Tg_yr,minus,SSP5-8.5,Total inorg. due to permafrost thaw,Barren,2002,-0.010666962056899761,-0.010666962056899761
Tg_yr,minus,SSP5-8.5,Total inorg. due to permafrost thaw,Barren,2003,-0.25996118066920976,-0.25996118066920976
Tg_yr,minus,SSP5-8.5,Total inorg. due to permafrost thaw,Barren,2004,0.1584604933563884,0.1584604933563884
Tg_yr,minus,SSP5-8.5,Total inorg. due to permafrost thaw,Barren,2005,0.6671331757971376,0.6671331757971376
Tg_yr,minus,SSP5-8.5,Total inorg. due to permafrost thaw,Barren,2006,-0.368392462066532,-0.368392462066532
Tg_yr,minus,SSP5-8.5,Total inorg. due to permafrost thaw,Barren,2007,0.04278623301970398,0.04278623301970398
Tg_yr,minus,SSP5-8.5,Total inorg. due to permafrost thaw,Barren,2008,-0.47371000267841007,-0.47371000267841007
Tg_yr,minus,SSP5-8.5,Total inorg. due to permafrost thaw,Barren,2009,0.741334305408261,0.741334305408261
Tg_yr,minus,SSP5-8.5,Total inorg. due to permafrost thaw,Barren,2010,-0.06995910133342753,-0.06995910133342753
Tg_yr,minus,SSP5-8.5,Total inorg. due to permafrost thaw,Barren,2011,-0.18023847162525403,-0.18023847162525403
Tg_yr,minus,SSP5-8.5,Total inorg. due to permafrost thaw,Barren,2012,0.12569628779561826,0.12569628779561826
Tg_yr,minus,SSP5-8.5,Total inorg. due to permafrost thaw,Barren,2013,-0.08110025279769263,-0.08110025279769263
Tg_yr,minus,SSP5-8.5,Total inorg. due to permafrost thaw,Barren,2014,0.433141608643269,0.433141608643269
Tg_yr,minus,SSP5-8.5,Total inorg. due to permafrost thaw,Barren,2015,-0.33680085773765883,-0.33680085773765883
Tg_yr,minus,SSP5-8.5,Total inorg. due to permafrost thaw,Barren,2016,0.5944473912538912,0.5944473912538912
Tg_yr,minus,SSP5-8.5,Total inorg. due to permafrost thaw,Barren,2017,-0.2329644644046169,-0.2329644644046169
Tg_yr,minus,SSP5-8.5,Total inorg. due to permafrost thaw,Barren,2018,0.0716848779808659,0.0716848779808659
Tg_yr,minus,SSP5-8.5,Total inorg. due to permafrost thaw,Barren,2019,0.049763986444912575,0.049763986444912575
Tg_yr,minus,SSP5-8.5,Total inorg. due to permafrost thaw,Barren,2020,0.09961506977908091,0.09961506977908091
Tg_yr,minus,SSP5-8.5,Total inorg. due to permafrost thaw,Barren,2080,0.4300807707560423,0.4300807707560423
Tg_yr,minus,SSP5-8.5,Total inorg. due to permafrost thaw,Barren,2081,0.14695634415083483,0.14695634415083483
Tg_yr,minus,SSP5-8.5,Total inorg. due to permafrost thaw,Barren,2082,0.05659866670467042,0.05659866670467042
Tg_yr,minus,SSP5-8.5,Total inorg. due to permafrost thaw,Barren,2083,0.2813832928884925,0.2813832928884925
Tg_yr,minus,SSP5-8.5,Total inorg. due to permafrost thaw,Barren,2084,0.059891837578717744,0.059891837578717744
Tg_yr,minus,SSP5-8.5,Total inorg. due to permafrost thaw,Barren,2085,-0.12365565126901173,-0.12365565126901173
Tg_yr,minus,SSP5-8.5,Total inorg. due to permafrost thaw,Barren,2086,0.34164914535461305,0.34164914535461305
Tg_yr,minus,SSP5-8.5,Total inorg. due to permafrost thaw,Barren,2087,0.26940840085036816,0.26940840085036816
Tg_yr,minus,SSP5-8.5,Total inorg. due to permafrost thaw,Barren,2088,0.14937237846487725,0.14937237846487725
Tg_yr,minus,SSP5-8.5,Total inorg. due to permafrost thaw,Barren,2089,0.09895077607509767,0.09895077607509767
Tg_yr,minus,SSP5-8.5,Total inorg. due to permafrost thaw,Barren,2090,0.25586994881445996,0.25586994881445996
Tg_yr,minus,SSP5-8.5,Total inorg. due to permafrost thaw,Barren,2091,0.178331615744818,0.178331615744818
Tg_yr,minus,SSP5-8.5,Total inorg. due to permafrost thaw,Barren,2092,0.18710696504533192,0.18710696504533192
Tg_yr,minus,SSP5-8.5,Total inorg. due to permafrost thaw,Barren,2093,0.10632848330119431,0.10632848330119431
Tg_yr,minus,SSP5-8.5,Total inorg. due to permafrost thaw,Barren,2094,0.2543010311433745,0.2543010311433745
Tg_yr,minus,SSP5-8.5,Total inorg. due to permafrost thaw,Barren,2095,0.2686554537821817,0.2686554537821817
Tg_yr,minus,SSP5-8.5,Total inorg. due to permafrost thaw,Barren,2096,0.16222660189206484,0.16222660189206484
Tg_yr,minus,SSP5-8.5,Total inorg. due to permafrost thaw,Barren,2097,-0.02099858692575138,-0.02099858692575138
Tg_yr,minus,SSP5-8.5,Total inorg. due to permafrost thaw,Barren,2098,0.28971074694049603,0.28971074694049603
Tg_yr,minus,SSP5-8.5,Total inorg. due to permafrost thaw,Barren,2099,0.06617724621276858,0.06617724621276858
Tg_yr,minus,SSP5-8.5,Total inorg. due to permafrost thaw,Pan-Arctic,2000,1.8342551620289853,1.8342551620289853
Tg_yr,minus,SSP5-8.5,Total inorg. due to permafrost thaw,Pan-Arctic,2001,2.904199906382112,2.904199906382112
Tg_yr,minus,SSP5-8.5,Total inorg. due to permafrost thaw,Pan-Arctic,2002,2.856840864144575,2.856840864144575
Tg_yr,minus,SSP5-8.5,Total inorg. due to permafrost thaw,Pan-Arctic,2003,-3.075135450286051,-3.075135450286051
Tg_yr,minus,SSP5-8.5,Total inorg. due to permafrost thaw,Pan-Arctic,2004,6.866519195979697,6.866519195979697
Tg_yr,minus,SSP5-8.5,Total inorg. due to permafrost thaw,Pan-Arctic,2005,4.158772276681683,4.158772276681683
Tg_yr,minus,SSP5-8.5,Total inorg. due to permafrost thaw,Pan-Arctic,2006,3.4662058247501557,3.4662058247501557
Tg_yr,minus,SSP5-8.5,Total inorg. due to permafrost thaw,Pan-Arctic,2007,-0.41950493588106225,-0.41950493588106225
Tg_yr,minus,SSP5-8.5,Total inorg. due to permafrost thaw,Pan-Arctic,2008,4.416822490865557,4.416822490865557
Tg_yr,minus,SSP5-8.5,Total inorg. due to permafrost thaw,Pan-Arctic,2009,1.0504602935268916,1.0504602935268916
Tg_yr,minus,SSP5-8.5,Total inorg. due to permafrost thaw,Pan-Arctic,2010,3.9715395425741002,3.9715395425741002
Tg_yr,minus,SSP5-8.5,Total inorg. due to permafrost thaw,Pan-Arctic,2011,-1.269848545190476,-1.269848545190476
Tg_yr,minus,SSP5-8.5,Total inorg. due to permafrost thaw,Pan-Arctic,2012,1.0571854929762985,1.0571854929762985
Tg_yr,minus,SSP5-8.5,Total inorg. due to permafrost thaw,Pan-Arctic,2013,4.596684477147211,4.596684477147211
Tg_yr,minus,SSP5-8.5,Total inorg. due to permafrost thaw,Pan-Arctic,2014,8.81815736860048,8.81815736860048
Tg_yr,minus,SSP5-8.5,Total inorg. due to permafrost thaw,Pan-Arctic,2015,1.783722734988383,1.783722734988383
Tg_yr,minus,SSP5-8.5,Total inorg. due to permafrost thaw,Pan-Arctic,2016,2.17612967849199,2.17612967849199
Tg_yr,minus,SSP5-8.5,Total inorg. due to permafrost thaw,Pan-Arctic,2017,-0.296031231807645,-0.296031231807645
Tg_yr,minus,SSP5-8.5,Total inorg. due to permafrost thaw,Pan-Arctic,2018,-0.1475593479497577,-0.1475593479497577
Tg_yr,minus,SSP5-8.5,Total inorg. due to permafrost thaw,Pan-Arctic,2019,9.284854302614388,9.284854302614388
Tg_yr,minus,SSP5-8.5,Total inorg. due to permafrost thaw,Pan-Arctic,2020,7.16334390152262,7.16334390152262
Tg_yr,minus,SSP5-8.5,Total inorg. due to permafrost thaw,Pan-Arctic,2080,29.27201037404204,29.27201037404204
Tg_yr,minus,SSP5-8.5,Total inorg. due to permafrost thaw,Pan-Arctic,2081,21.45234788638617,21.45234788638617
Tg_yr,minus,SSP5-8.5,Total inorg. due to permafrost thaw,Pan-Arctic,2082,25.385539063089823,25.385539063089823
Tg_yr,minus,SSP5-8.5,Total inorg. due to permafrost thaw,Pan-Arctic,2083,23.117540761453355,23.117540761453355
Tg_yr,minus,SSP5-8.5,Total inorg. due to permafrost thaw,Pan-Arctic,2084,23.952459646616425,23.952459646616425
Tg_yr,minus,SSP5-8.5,Total inorg. due to permafrost thaw,Pan-Arctic,2085,21.893326286812766,21.893326286812766
Tg_yr,minus,SSP5-8.5,Total inorg. due to permafrost thaw,Pan-Arctic,2086,28.203970546568005,28.203970546568005
Tg_yr,minus,SSP5-8.5,Total inorg. due to permafrost thaw,Pan-Arctic,2087,22.3496245904731,22.3496245904731
Tg_yr,minus,SSP5-8.5,Total inorg. due to permafrost thaw,Pan-Arctic,2088,25.890829832098646,25.890829832098646
Tg_yr,minus,SSP5-8.5,Total inorg. due to permafrost thaw,Pan-Arctic,2089,22.71578862359852,22.71578862359852
Tg_yr,minus,SSP5-8.5,Total inorg. due to permafrost thaw,Pan-Arctic,2090,29.328511597531733,29.328511597531733
Tg_yr,minus,SSP5-8.5,Total inorg. due to permafrost thaw,Pan-Arctic,2091,27.021592428158097,27.021592428158097
Tg_yr,minus,SSP5-8.5,Total inorg. due to permafrost thaw,Pan-Arctic,2092,24.607893257951616,24.607893257951616
Tg_yr,minus,SSP5-8.5,Total inorg. due to permafrost thaw,Pan-Arctic,2093,28.451567465557915,28.451567465557915
Tg_yr,minus,SSP5-8.5,Total inorg. due to permafrost thaw,Pan-Arctic,2094,29.046215866450957,29.046215866450957
Tg_yr,minus,SSP5-8.5,Total inorg. due to permafrost thaw,Pan-Arctic,2095,30.189166808057585,30.189166808057585
Tg_yr,minus,SSP5-8.5,Total inorg. due to permafrost thaw,Pan-Arctic,2096,26.263632016270204,26.263632016270204
Tg_yr,minus,SSP5-8.5,Total inorg. due to permafrost thaw,Pan-Arctic,2097,26.624016550957837,26.624016550957837
Tg_yr,minus,SSP5-8.5,Total inorg. due to permafrost thaw,Pan-Arctic,2098,31.823329109991004,31.823329109991004
Tg_yr,minus,SSP5-8.5,Total inorg. due to permafrost thaw,Pan-Arctic,2099,25.890885834298825,25.890885834298825
Tg_yr,mean,SSP1-2.6,N Deposition,Taiga,2000,0.9157947575965287,0.9157947575965287
Tg_yr,mean,SSP1-2.6,N Deposition,Taiga,2001,0.8767605348135828,0.8767605348135828
Tg_yr,mean,SSP1-2.6,N Deposition,Taiga,2002,0.9522358705670971,0.9522358705670971
Tg_yr,mean,SSP1-2.6,N Deposition,Taiga,2003,0.9071303483368606,0.9071303483368606
Tg_yr,mean,SSP1-2.6,N Deposition,Taiga,2004,0.8999975384589193,0.8999975384589193
Tg_yr,mean,SSP1-2.6,N Deposition,Taiga,2005,0.9438867832212522,0.9438867832212522
Tg_yr,mean,SSP1-2.6,N Deposition,Taiga,2006,0.9150403852674694,0.9150403852674694
Tg_yr,mean,SSP1-2.6,N Deposition,Taiga,2007,0.9000642373214167,0.9000642373214167
Tg_yr,mean,SSP1-2.6,N Deposition,Taiga,2008,0.966717298320871,0.966717298320871
Tg_yr,mean,SSP1-2.6,N Deposition,Taiga,2009,0.9483566774394998,0.9483566774394998
Tg_yr,mean,SSP1-2.6,N Deposition,Taiga,2010,0.9522049280762187,0.9522049280762187
Tg_yr,mean,SSP1-2.6,N Deposition,Taiga,2011,0.9045900589114079,0.9045900589114079
Tg_yr,mean,SSP1-2.6,N Deposition,Taiga,2012,0.9595213002251194,0.9595213002251194
Tg_yr,mean,SSP1-2.6,N Deposition,Taiga,2013,0.9336281579457789,0.9336281579457789
Tg_yr,mean,SSP1-2.6,N Deposition,Taiga,2014,0.9175353779510415,0.9175353779510415
Tg_yr,mean,SSP1-2.6,N Deposition,Taiga,2015,0.822790844022499,0.822790844022499
Tg_yr,mean,SSP1-2.6,N Deposition,Taiga,2016,0.8598474983708088,0.8598474983708088
Tg_yr,mean,SSP1-2.6,N Deposition,Taiga,2017,0.8266760817175062,0.8266760817175062
Tg_yr,mean,SSP1-2.6,N Deposition,Taiga,2018,0.7827577874596416,0.7827577874596416
Tg_yr,mean,SSP1-2.6,N Deposition,Taiga,2019,0.8100484049641316,0.8100484049641316
Tg_yr,mean,SSP1-2.6,N Deposition,Taiga,2020,0.783363614231468,0.783363614231468
Tg_yr,mean,SSP1-2.6,N Deposition,Taiga,2080,0.493528072286288,0.493528072286288
Tg_yr,mean,SSP1-2.6,N Deposition,Taiga,2081,0.46285066853446627,0.46285066853446627
Tg_yr,mean,SSP1-2.6,N Deposition,Taiga,2082,0.45987098743885924,0.45987098743885924
Tg_yr,mean,SSP1-2.6,N Deposition,Taiga,2083,0.4559846072711941,0.4559846072711941
Tg_yr,mean,SSP1-2.6,N Deposition,Taiga,2084,0.4658177476515152,0.4658177476515152
Tg_yr,mean,SSP1-2.6,N Deposition,Taiga,2085,0.4650620439177882,0.4650620439177882
Tg_yr,mean,SSP1-2.6,N Deposition,Taiga,2086,0.449806016032191,0.449806016032191
Tg_yr,mean,SSP1-2.6,N Deposition,Taiga,2087,0.43869220857959823,0.43869220857959823
Tg_yr,mean,SSP1-2.6,N Deposition,Taiga,2088,0.44363453301201816,0.44363453301201816
Tg_yr,mean,SSP1-2.6,N Deposition,Taiga,2089,0.4165135214303385,0.4165135214303385
Tg_yr,mean,SSP1-2.6,N Deposition,Taiga,2090,0.3983926473163145,0.3983926473163145
Tg_yr,mean,SSP1-2.6,N Deposition,Taiga,2091,0.39384334934781057,0.39384334934781057
Tg_yr,mean,SSP1-2.6,N Deposition,Taiga,2092,0.3813347462351149,0.3813347462351149
Tg_yr,mean,SSP1-2.6,N Deposition,Taiga,2093,0.42379713083890497,0.42379713083890497
Tg_yr,mean,SSP1-2.6,N Deposition,Taiga,2094,0.3957669380265176,0.3957669380265176
Tg_yr,mean,SSP1-2.6,N Deposition,Taiga,2095,0.3788400653172846,0.3788400653172846
Tg_yr,mean,SSP1-2.6,N Deposition,Taiga,2096,0.3714434695311776,0.3714434695311776
Tg_yr,mean,SSP1-2.6,N Deposition,Taiga,2097,0.37500587237371796,0.37500587237371796
Tg_yr,mean,SSP1-2.6,N Deposition,Taiga,2098,0.37549394648616746,0.37549394648616746
Tg_yr,mean,SSP1-2.6,N Deposition,Taiga,2099,0.3716113924099576,0.3716113924099576
Tg_yr,mean,SSP1-2.6,N Deposition,Tundra,2000,0.6401049668719331,0.6401049668719331
Tg_yr,mean,SSP1-2.6,N Deposition,Tundra,2001,0.5988099668641698,0.5988099668641698
Tg_yr,mean,SSP1-2.6,N Deposition,Tundra,2002,0.617995709456435,0.617995709456435
Tg_yr,mean,SSP1-2.6,N Deposition,Tundra,2003,0.5645464031325695,0.5645464031325695
Tg_yr,mean,SSP1-2.6,N Deposition,Tundra,2004,0.5913930293113715,0.5913930293113715
Tg_yr,mean,SSP1-2.6,N Deposition,Tundra,2005,0.5824810919850864,0.5824810919850864
Tg_yr,mean,SSP1-2.6,N Deposition,Tundra,2006,0.586468282592707,0.586468282592707
Tg_yr,mean,SSP1-2.6,N Deposition,Tundra,2007,0.6294452768255785,0.6294452768255785
Tg_yr,mean,SSP1-2.6,N Deposition,Tundra,2008,0.6628064340300072,0.6628064340300072
Tg_yr,mean,SSP1-2.6,N Deposition,Tundra,2009,0.6449425408866877,0.6449425408866877
Tg_yr,mean,SSP1-2.6,N Deposition,Tundra,2010,0.6640953069818787,0.6640953069818787
Tg_yr,mean,SSP1-2.6,N Deposition,Tundra,2011,0.6141859674274913,0.6141859674274913
Tg_yr,mean,SSP1-2.6,N Deposition,Tundra,2012,0.6426674843505288,0.6426674843505288
Tg_yr,mean,SSP1-2.6,N Deposition,Tundra,2013,0.6626602611359201,0.6626602611359201
Tg_yr,mean,SSP1-2.6,N Deposition,Tundra,2014,0.641955612814469,0.641955612814469
Tg_yr,mean,SSP1-2.6,N Deposition,Tundra,2015,0.5864456016338342,0.5864456016338342
Tg_yr,mean,SSP1-2.6,N Deposition,Tundra,2016,0.6001791596331538,0.6001791596331538
Tg_yr,mean,SSP1-2.6,N Deposition,Tundra,2017,0.5478364804284943,0.5478364804284943
Tg_yr,mean,SSP1-2.6,N Deposition,Tundra,2018,0.536581757362257,0.536581757362257
Tg_yr,mean,SSP1-2.6,N Deposition,Tundra,2019,0.5414217952550311,0.5414217952550311
Tg_yr,mean,SSP1-2.6,N Deposition,Tundra,2020,0.5522436558511632,0.5522436558511632
Tg_yr,mean,SSP1-2.6,N Deposition,Tundra,2080,0.31628758691756304,0.31628758691756304
Tg_yr,mean,SSP1-2.6,N Deposition,Tundra,2081,0.31964973540626074,0.31964973540626074
Tg_yr,mean,SSP1-2.6,N Deposition,Tundra,2082,0.3038249863698798,0.3038249863698798
Tg_yr,mean,SSP1-2.6,N Deposition,Tundra,2083,0.2899751557962988,0.2899751557962988
Tg_yr,mean,SSP1-2.6,N Deposition,Tundra,2084,0.3281163699797888,0.3281163699797888
Tg_yr,mean,SSP1-2.6,N Deposition,Tundra,2085,0.30667998261479923,0.30667998261479923
Tg_yr,mean,SSP1-2.6,N Deposition,Tundra,2086,0.3097695022207238,0.3097695022207238
Tg_yr,mean,SSP1-2.6,N Deposition,Tundra,2087,0.3278375541079968,0.3278375541079968
Tg_yr,mean,SSP1-2.6,N Deposition,Tundra,2088,0.30485865577924653,0.30485865577924653
Tg_yr,mean,SSP1-2.6,N Deposition,Tundra,2089,0.2941284054079583,0.2941284054079583
Tg_yr,mean,SSP1-2.6,N Deposition,Tundra,2090,0.27786004561278904,0.27786004561278904
Tg_yr,mean,SSP1-2.6,N Deposition,Tundra,2091,0.26601551435067294,0.26601551435067294
Tg_yr,mean,SSP1-2.6,N Deposition,Tundra,2092,0.25856732341834593,0.25856732341834593
Tg_yr,mean,SSP1-2.6,N Deposition,Tundra,2093,0.2865248405568812,0.2865248405568812
Tg_yr,mean,SSP1-2.6,N Deposition,Tundra,2094,0.2985856144127707,0.2985856144127707
Tg_yr,mean,SSP1-2.6,N Deposition,Tundra,2095,0.274577634921544,0.274577634921544
Tg_yr,mean,SSP1-2.6,N Deposition,Tundra,2096,0.26454425982244023,0.26454425982244023
Tg_yr,mean,SSP1-2.6,N Deposition,Tundra,2097,0.2570928277353859,0.2570928277353859
Tg_yr,mean,SSP1-2.6,N Deposition,Tundra,2098,0.28555293610845933,0.28555293610845933
Tg_yr,mean,SSP1-2.6,N Deposition,Tundra,2099,0.2672269540420452,0.2672269540420452
Tg_yr,mean,SSP1-2.6,N Deposition,Wetlands,2000,0.05057704683550434,0.05057704683550434
Tg_yr,mean,SSP1-2.6,N Deposition,Wetlands,2001,0.047902922425934434,0.047902922425934434
Tg_yr,mean,SSP1-2.6,N Deposition,Wetlands,2002,0.051497437116229165,0.051497437116229165
Tg_yr,mean,SSP1-2.6,N Deposition,Wetlands,2003,0.045960755399958926,0.045960755399958926
Tg_yr,mean,SSP1-2.6,N Deposition,Wetlands,2004,0.05080006914035172,0.05080006914035172
Tg_yr,mean,SSP1-2.6,N Deposition,Wetlands,2005,0.04512500613809615,0.04512500613809615
Tg_yr,mean,SSP1-2.6,N Deposition,Wetlands,2006,0.052615990239962544,0.052615990239962544
Tg_yr,mean,SSP1-2.6,N Deposition,Wetlands,2007,0.050717127072501755,0.050717127072501755
Tg_yr,mean,SSP1-2.6,N Deposition,Wetlands,2008,0.053342766554574185,0.053342766554574185
Tg_yr,mean,SSP1-2.6,N Deposition,Wetlands,2009,0.05095540386518985,0.05095540386518985
Tg_yr,mean,SSP1-2.6,N Deposition,Wetlands,2010,0.05213581972664299,0.05213581972664299
Tg_yr,mean,SSP1-2.6,N Deposition,Wetlands,2011,0.048292716720768736,0.048292716720768736
Tg_yr,mean,SSP1-2.6,N Deposition,Wetlands,2012,0.0478026548818595,0.0478026548818595
Tg_yr,mean,SSP1-2.6,N Deposition,Wetlands,2013,0.050652879363711815,0.050652879363711815
Tg_yr,mean,SSP1-2.6,N Deposition,Wetlands,2014,0.049291464700461134,0.049291464700461134
Tg_yr,mean,SSP1-2.6,N Deposition,Wetlands,2015,0.04219431154528801,0.04219431154528801
Tg_yr,mean,SSP1-2.6,N Deposition,Wetlands,2016,0.04223410747214261,0.04223410747214261
Tg_yr,mean,SSP1-2.6,N Deposition,Wetlands,2017,0.0447568911712887,0.0447568911712887
Tg_yr,mean,SSP1-2.6,N Deposition,Wetlands,2018,0.04092372204300851,0.04092372204300851
Tg_yr,mean,SSP1-2.6,N Deposition,Wetlands,2019,0.04276168463693424,0.04276168463693424
Tg_yr,mean,SSP1-2.6,N Deposition,Wetlands,2020,0.04266702248360092,0.04266702248360092
Tg_yr,mean,SSP1-2.6,N Deposition,Wetlands,2080,0.024850788444623496,0.024850788444623496
Tg_yr,mean,SSP1-2.6,N Deposition,Wetlands,2081,0.027409192964676105,0.027409192964676105
Tg_yr,mean,SSP1-2.6,N Deposition,Wetlands,2082,0.026093823585078363,0.026093823585078363
Tg_yr,mean,SSP1-2.6,N Deposition,Wetlands,2083,0.023692862301117695,0.023692862301117695
Tg_yr,mean,SSP1-2.6,N Deposition,Wetlands,2084,0.028001175314781884,0.028001175314781884
Tg_yr,mean,SSP1-2.6,N Deposition,Wetlands,2085,0.027321271325660184,0.027321271325660184
Tg_yr,mean,SSP1-2.6,N Deposition,Wetlands,2086,0.02849358706635474,0.02849358706635474
Tg_yr,mean,SSP1-2.6,N Deposition,Wetlands,2087,0.02607949478174407,0.02607949478174407
Tg_yr,mean,SSP1-2.6,N Deposition,Wetlands,2088,0.026740127945796686,0.026740127945796686
Tg_yr,mean,SSP1-2.6,N Deposition,Wetlands,2089,0.025654722164414757,0.025654722164414757
Tg_yr,mean,SSP1-2.6,N Deposition,Wetlands,2090,0.025386608942101402,0.025386608942101402
Tg_yr,mean,SSP1-2.6,N Deposition,Wetlands,2091,0.02746760892756764,0.02746760892756764
Tg_yr,mean,SSP1-2.6,N Deposition,Wetlands,2092,0.023429510178435066,0.023429510178435066
Tg_yr,mean,SSP1-2.6,N Deposition,Wetlands,2093,0.028379834120485843,0.028379834120485843
Tg_yr,mean,SSP1-2.6,N Deposition,Wetlands,2094,0.025366427870549935,0.025366427870549935
Tg_yr,mean,SSP1-2.6,N Deposition,Wetlands,2095,0.024216281901786808,0.024216281901786808
Tg_yr,mean,SSP1-2.6,N Deposition,Wetlands,2096,0.022594483020977354,0.022594483020977354
Tg_yr,mean,SSP1-2.6,N Deposition,Wetlands,2097,0.024487982909289847,0.024487982909289847
Tg_yr,mean,SSP1-2.6,N Deposition,Wetlands,2098,0.02253720356437536,0.02253720356437536
Tg_yr,mean,SSP1-2.6,N Deposition,Wetlands,2099,0.021339289853350044,0.021339289853350044
Tg_yr,mean,SSP1-2.6,N Deposition,Barren,2000,0.032440339306973716,0.032440339306973716
Tg_yr,mean,SSP1-2.6,N Deposition,Barren,2001,0.031175273675182396,0.031175273675182396
Tg_yr,mean,SSP1-2.6,N Deposition,Barren,2002,0.03168654660437997,0.03168654660437997
Tg_yr,mean,SSP1-2.6,N Deposition,Barren,2003,0.029998286327919087,0.029998286327919087
Tg_yr,mean,SSP1-2.6,N Deposition,Barren,2004,0.030851869841999675,0.030851869841999675
Tg_yr,mean,SSP1-2.6,N Deposition,Barren,2005,0.030767701999971146,0.030767701999971146
Tg_yr,mean,SSP1-2.6,N Deposition,Barren,2006,0.03028180823930617,0.03028180823930617
Tg_yr,mean,SSP1-2.6,N Deposition,Barren,2007,0.03355107456333307,0.03355107456333307
Tg_yr,mean,SSP1-2.6,N Deposition,Barren,2008,0.031248307354718327,0.031248307354718327
Tg_yr,mean,SSP1-2.6,N Deposition,Barren,2009,0.03267982777797787,0.03267982777797787
Tg_yr,mean,SSP1-2.6,N Deposition,Barren,2010,0.03215779976489163,0.03215779976489163
Tg_yr,mean,SSP1-2.6,N Deposition,Barren,2011,0.03279948456967355,0.03279948456967355
Tg_yr,mean,SSP1-2.6,N Deposition,Barren,2012,0.032994993640211905,0.032994993640211905
Tg_yr,mean,SSP1-2.6,N Deposition,Barren,2013,0.033295138415223996,0.033295138415223996
Tg_yr,mean,SSP1-2.6,N Deposition,Barren,2014,0.03212000655322099,0.03212000655322099
Tg_yr,mean,SSP1-2.6,N Deposition,Barren,2015,0.029296176457494227,0.029296176457494227
Tg_yr,mean,SSP1-2.6,N Deposition,Barren,2016,0.031036765361345878,0.031036765361345878
Tg_yr,mean,SSP1-2.6,N Deposition,Barren,2017,0.028366569630949894,0.028366569630949894
Tg_yr,mean,SSP1-2.6,N Deposition,Barren,2018,0.029515415814154594,0.029515415814154594
Tg_yr,mean,SSP1-2.6,N Deposition,Barren,2019,0.027573850865711312,0.027573850865711312
Tg_yr,mean,SSP1-2.6,N Deposition,Barren,2020,0.0275855577591143,0.0275855577591143
Tg_yr,mean,SSP1-2.6,N Deposition,Barren,2080,0.016543884648038378,0.016543884648038378
Tg_yr,mean,SSP1-2.6,N Deposition,Barren,2081,0.018228496970524474,0.018228496970524474
Tg_yr,mean,SSP1-2.6,N Deposition,Barren,2082,0.016559876585867363,0.016559876585867363
Tg_yr,mean,SSP1-2.6,N Deposition,Barren,2083,0.01582397407295023,0.01582397407295023
Tg_yr,mean,SSP1-2.6,N Deposition,Barren,2084,0.017541774317813542,0.017541774317813542
Tg_yr,mean,SSP1-2.6,N Deposition,Barren,2085,0.017316337971924972,0.017316337971924972
Tg_yr,mean,SSP1-2.6,N Deposition,Barren,2086,0.016759768305064766,0.016759768305064766
Tg_yr,mean,SSP1-2.6,N Deposition,Barren,2087,0.0176835647139303,0.0176835647139303
Tg_yr,mean,SSP1-2.6,N Deposition,Barren,2088,0.01639721709724075,0.01639721709724075
Tg_yr,mean,SSP1-2.6,N Deposition,Barren,2089,0.015480849851319388,0.015480849851319388
Tg_yr,mean,SSP1-2.6,N Deposition,Barren,2090,0.015361681835859477,0.015361681835859477
Tg_yr,mean,SSP1-2.6,N Deposition,Barren,2091,0.015521059475194122,0.015521059475194122
Tg_yr,mean,SSP1-2.6,N Deposition,Barren,2092,0.015241173254956102,0.015241173254956102
Tg_yr,mean,SSP1-2.6,N Deposition,Barren,2093,0.016587032685203184,0.016587032685203184
Tg_yr,mean,SSP1-2.6,N Deposition,Barren,2094,0.01670959009610074,0.01670959009610074
Tg_yr,mean,SSP1-2.6,N Deposition,Barren,2095,0.015233428379301556,0.015233428379301556
Tg_yr,mean,SSP1-2.6,N Deposition,Barren,2096,0.014603293749481251,0.014603293749481251
Tg_yr,mean,SSP1-2.6,N Deposition,Barren,2097,0.014727810892591666,0.014727810892591666
Tg_yr,mean,SSP1-2.6,N Deposition,Barren,2098,0.016191250065992528,0.016191250065992528
Tg_yr,mean,SSP1-2.6,N Deposition,Barren,2099,0.015361907375227753,0.015361907375227753
Tg_yr,mean,SSP1-2.6,N Deposition,Pan-Arctic,2000,1.63891711061094,1.63891711061094
Tg_yr,mean,SSP1-2.6,N Deposition,Pan-Arctic,2001,1.5546486977788696,1.5546486977788696
Tg_yr,mean,SSP1-2.6,N Deposition,Pan-Arctic,2002,1.6534155637441414,1.6534155637441414
Tg_yr,mean,SSP1-2.6,N Deposition,Pan-Arctic,2003,1.5476357931973082,1.5476357931973082
Tg_yr,mean,SSP1-2.6,N Deposition,Pan-Arctic,2004,1.5730425067526421,1.5730425067526421
Tg_yr,mean,SSP1-2.6,N Deposition,Pan-Arctic,2005,1.6022605833444057,1.6022605833444057
Tg_yr,mean,SSP1-2.6,N Deposition,Pan-Arctic,2006,1.5844064663394453,1.5844064663394453
Tg_yr,mean,SSP1-2.6,N Deposition,Pan-Arctic,2007,1.6137777157828301,1.6137777157828301
Tg_yr,mean,SSP1-2.6,N Deposition,Pan-Arctic,2008,1.714114806260171,1.714114806260171
Tg_yr,mean,SSP1-2.6,N Deposition,Pan-Arctic,2009,1.676934449969355,1.676934449969355
Tg_yr,mean,SSP1-2.6,N Deposition,Pan-Arctic,2010,1.7005938545496322,1.7005938545496322
Tg_yr,mean,SSP1-2.6,N Deposition,Pan-Arctic,2011,1.5998682276293414,1.5998682276293414
Tg_yr,mean,SSP1-2.6,N Deposition,Pan-Arctic,2012,1.6829864330977196,1.6829864330977196
Tg_yr,mean,SSP1-2.6,N Deposition,Pan-Arctic,2013,1.680236436860635,1.680236436860635
Tg_yr,mean,SSP1-2.6,N Deposition,Pan-Arctic,2014,1.6409024620191925,1.6409024620191925
Tg_yr,mean,SSP1-2.6,N Deposition,Pan-Arctic,2015,1.4807269336591156,1.4807269336591156
Tg_yr,mean,SSP1-2.6,N Deposition,Pan-Arctic,2016,1.533297530837451,1.533297530837451
Tg_yr,mean,SSP1-2.6,N Deposition,Pan-Arctic,2017,1.447636022948239,1.447636022948239
Tg_yr,mean,SSP1-2.6,N Deposition,Pan-Arctic,2018,1.3897786826790617,1.3897786826790617
Tg_yr,mean,SSP1-2.6,N Deposition,Pan-Arctic,2019,1.4218057357218084,1.4218057357218084
Tg_yr,mean,SSP1-2.6,N Deposition,Pan-Arctic,2020,1.4058598503253463,1.4058598503253463
Tg_yr,mean,SSP1-2.6,N Deposition,Pan-Arctic,2080,0.851210332296513,0.851210332296513
Tg_yr,mean,SSP1-2.6,N Deposition,Pan-Arctic,2081,0.8281380938759276,0.8281380938759276
Tg_yr,mean,SSP1-2.6,N Deposition,Pan-Arctic,2082,0.8063496739796848,0.8063496739796848
Tg_yr,mean,SSP1-2.6,N Deposition,Pan-Arctic,2083,0.7854765994415608,0.7854765994415608
Tg_yr,mean,SSP1-2.6,N Deposition,Pan-Arctic,2084,0.8394770672638994,0.8394770672638994
Tg_yr,mean,SSP1-2.6,N Deposition,Pan-Arctic,2085,0.8163796358301726,0.8163796358301726
Tg_yr,mean,SSP1-2.6,N Deposition,Pan-Arctic,2086,0.8048288736243343,0.8048288736243343
Tg_yr,mean,SSP1-2.6,N Deposition,Pan-Arctic,2087,0.8102928221832694,0.8102928221832694
Tg_yr,mean,SSP1-2.6,N Deposition,Pan-Arctic,2088,0.7916305338343022,0.7916305338343022
Tg_yr,mean,SSP1-2.6,N Deposition,Pan-Arctic,2089,0.751777498854031,0.751777498854031
Tg_yr,mean,SSP1-2.6,N Deposition,Pan-Arctic,2090,0.7170009837070644,0.7170009837070644
Tg_yr,mean,SSP1-2.6,N Deposition,Pan-Arctic,2091,0.7028475321012453,0.7028475321012453
Tg_yr,mean,SSP1-2.6,N Deposition,Pan-Arctic,2092,0.6785727530868519,0.6785727530868519
Tg_yr,mean,SSP1-2.6,N Deposition,Pan-Arctic,2093,0.7552888382014752,0.7552888382014752
Tg_yr,mean,SSP1-2.6,N Deposition,Pan-Arctic,2094,0.736428570405939,0.736428570405939
Tg_yr,mean,SSP1-2.6,N Deposition,Pan-Arctic,2095,0.692867410519917,0.692867410519917
Tg_yr,mean,SSP1-2.6,N Deposition,Pan-Arctic,2096,0.6731855061240765,0.6731855061240765
Tg_yr,mean,SSP1-2.6,N Deposition,Pan-Arctic,2097,0.6713144939109853,0.6713144939109853
Tg_yr,mean,SSP1-2.6,N Deposition,Pan-Arctic,2098,0.6997753362249948,0.6997753362249948
Tg_yr,mean,SSP1-2.6,N Deposition,Pan-Arctic,2099,0.6755395436805806,0.6755395436805806
Tg_yr,mean,SSP1-2.6,N Fixation,Taiga,2000,1.3063464020730549,1.3063464020730549
Tg_yr,mean,SSP1-2.6,N Fixation,Taiga,2001,1.3299605512904928,1.3299605512904928
Tg_yr,mean,SSP1-2.6,N Fixation,Taiga,2002,1.0393244674407838,1.0393244674407838
Tg_yr,mean,SSP1-2.6,N Fixation,Taiga,2003,1.3145396835777523,1.3145396835777523
Tg_yr,mean,SSP1-2.6,N Fixation,Taiga,2004,1.1105934177882277,1.1105934177882277
Tg_yr,mean,SSP1-2.6,N Fixation,Taiga,2005,1.4791144993535166,1.4791144993535166
Tg_yr,mean,SSP1-2.6,N Fixation,Taiga,2006,1.3216433333663808,1.3216433333663808
Tg_yr,mean,SSP1-2.6,N Fixation,Taiga,2007,1.4916703847896873,1.4916703847896873
Tg_yr,mean,SSP1-2.6,N Fixation,Taiga,2008,1.3585751918787519,1.3585751918787519
Tg_yr,mean,SSP1-2.6,N Fixation,Taiga,2009,1.8021956659891343,1.8021956659891343
Tg_yr,mean,SSP1-2.6,N Fixation,Taiga,2010,1.7709357851419112,1.7709357851419112
Tg_yr,mean,SSP1-2.6,N Fixation,Taiga,2011,1.615356559297178,1.615356559297178
Tg_yr,mean,SSP1-2.6,N Fixation,Taiga,2012,1.144953153513934,1.144953153513934
Tg_yr,mean,SSP1-2.6,N Fixation,Taiga,2013,1.9320282656114707,1.9320282656114707
Tg_yr,mean,SSP1-2.6,N Fixation,Taiga,2014,1.6605378130999577,1.6605378130999577
Tg_yr,mean,SSP1-2.6,N Fixation,Taiga,2015,1.907728490686146,1.907728490686146
Tg_yr,mean,SSP1-2.6,N Fixation,Taiga,2016,1.5618095103087715,1.5618095103087715
Tg_yr,mean,SSP1-2.6,N Fixation,Taiga,2017,1.3367304186551434,1.3367304186551434
Tg_yr,mean,SSP1-2.6,N Fixation,Taiga,2018,1.6126610649325057,1.6126610649325057
Tg_yr,mean,SSP1-2.6,N Fixation,Taiga,2019,1.7300212630869183,1.7300212630869183
Tg_yr,mean,SSP1-2.6,N Fixation,Taiga,2020,1.7316395972597953,1.7316395972597953
Tg_yr,mean,SSP1-2.6,N Fixation,Taiga,2080,2.563195385968285,2.563195385968285
Tg_yr,mean,SSP1-2.6,N Fixation,Taiga,2081,2.2945722376721953,2.2945722376721953
Tg_yr,mean,SSP1-2.6,N Fixation,Taiga,2082,2.437887258547065,2.437887258547065
Tg_yr,mean,SSP1-2.6,N Fixation,Taiga,2083,2.582029479740223,2.582029479740223
Tg_yr,mean,SSP1-2.6,N Fixation,Taiga,2084,2.1424215582929595,2.1424215582929595
Tg_yr,mean,SSP1-2.6,N Fixation,Taiga,2085,2.772217620902785,2.772217620902785
Tg_yr,mean,SSP1-2.6,N Fixation,Taiga,2086,2.5697091819340363,2.5697091819340363
Tg_yr,mean,SSP1-2.6,N Fixation,Taiga,2087,2.233452640069128,2.233452640069128
Tg_yr,mean,SSP1-2.6,N Fixation,Taiga,2088,2.5830183876312725,2.5830183876312725
Tg_yr,mean,SSP1-2.6,N Fixation,Taiga,2089,2.4654570986903956,2.4654570986903956
Tg_yr,mean,SSP1-2.6,N Fixation,Taiga,2090,3.0535544623242914,3.0535544623242914
Tg_yr,mean,SSP1-2.6,N Fixation,Taiga,2091,2.8303624241842305,2.8303624241842305
Tg_yr,mean,SSP1-2.6,N Fixation,Taiga,2092,2.2776646834425516,2.2776646834425516
Tg_yr,mean,SSP1-2.6,N Fixation,Taiga,2093,2.911933329899259,2.911933329899259
Tg_yr,mean,SSP1-2.6,N Fixation,Taiga,2094,2.8849618785862017,2.8849618785862017
Tg_yr,mean,SSP1-2.6,N Fixation,Taiga,2095,2.632475308979574,2.632475308979574
Tg_yr,mean,SSP1-2.6,N Fixation,Taiga,2096,2.6006663720001835,2.6006663720001835
Tg_yr,mean,SSP1-2.6,N Fixation,Taiga,2097,2.56280121994598,2.56280121994598
Tg_yr,mean,SSP1-2.6,N Fixation,Taiga,2098,3.18484266809923,3.18484266809923
Tg_yr,mean,SSP1-2.6,N Fixation,Taiga,2099,2.6280606549284338,2.6280606549284338
Tg_yr,mean,SSP1-2.6,N Fixation,Tundra,2000,0.9249597960377139,0.9249597960377139
Tg_yr,mean,SSP1-2.6,N Fixation,Tundra,2001,0.9348788821382188,0.9348788821382188
Tg_yr,mean,SSP1-2.6,N Fixation,Tundra,2002,0.6194250605644144,0.6194250605644144
Tg_yr,mean,SSP1-2.6,N Fixation,Tundra,2003,1.0209055042444626,1.0209055042444626
Tg_yr,mean,SSP1-2.6,N Fixation,Tundra,2004,0.7263317893235232,0.7263317893235232
Tg_yr,mean,SSP1-2.6,N Fixation,Tundra,2005,0.9969824095763772,0.9969824095763772
Tg_yr,mean,SSP1-2.6,N Fixation,Tundra,2006,0.8508068365318707,0.8508068365318707
Tg_yr,mean,SSP1-2.6,N Fixation,Tundra,2007,1.2445846146615183,1.2445846146615183
Tg_yr,mean,SSP1-2.6,N Fixation,Tundra,2008,0.9066258349151511,0.9066258349151511
Tg_yr,mean,SSP1-2.6,N Fixation,Tundra,2009,1.2963713383993893,1.2963713383993893
Tg_yr,mean,SSP1-2.6,N Fixation,Tundra,2010,1.3711657861977578,1.3711657861977578
Tg_yr,mean,SSP1-2.6,N Fixation,Tundra,2011,0.992424391331423,0.992424391331423
Tg_yr,mean,SSP1-2.6,N Fixation,Tundra,2012,0.6831908478384653,0.6831908478384653
Tg_yr,mean,SSP1-2.6,N Fixation,Tundra,2013,1.134286008250846,1.134286008250846
Tg_yr,mean,SSP1-2.6,N Fixation,Tundra,2014,1.3886034134920509,1.3886034134920509
Tg_yr,mean,SSP1-2.6,N Fixation,Tundra,2015,1.1707186367387978,1.1707186367387978
Tg_yr,mean,SSP1-2.6,N Fixation,Tundra,2016,0.7013555367622073,0.7013555367622073
Tg_yr,mean,SSP1-2.6,N Fixation,Tundra,2017,0.6418122152983309,0.6418122152983309
Tg_yr,mean,SSP1-2.6,N Fixation,Tundra,2018,1.1886350791162228,1.1886350791162228
Tg_yr,mean,SSP1-2.6,N Fixation,Tundra,2019,1.17564089379378,1.17564089379378
Tg_yr,mean,SSP1-2.6,N Fixation,Tundra,2020,1.62286774175615,1.62286774175615
Tg_yr,mean,SSP1-2.6,N Fixation,Tundra,2080,2.3161097724899418,2.3161097724899418
Tg_yr,mean,SSP1-2.6,N Fixation,Tundra,2081,1.786641985563618,1.786641985563618
Tg_yr,mean,SSP1-2.6,N Fixation,Tundra,2082,1.815460650967921,1.815460650967921
Tg_yr,mean,SSP1-2.6,N Fixation,Tundra,2083,2.283798353924121,2.283798353924121
Tg_yr,mean,SSP1-2.6,N Fixation,Tundra,2084,1.4812026211318943,1.4812026211318943
Tg_yr,mean,SSP1-2.6,N Fixation,Tundra,2085,1.9243781095753068,1.9243781095753068
Tg_yr,mean,SSP1-2.6,N Fixation,Tundra,2086,1.8108629767768512,1.8108629767768512
Tg_yr,mean,SSP1-2.6,N Fixation,Tundra,2087,1.2897829167210995,1.2897829167210995
Tg_yr,mean,SSP1-2.6,N Fixation,Tundra,2088,1.601755807488876,1.601755807488876
Tg_yr,mean,SSP1-2.6,N Fixation,Tundra,2089,1.3902379344420224,1.3902379344420224
Tg_yr,mean,SSP1-2.6,N Fixation,Tundra,2090,2.1062513583449536,2.1062513583449536
Tg_yr,mean,SSP1-2.6,N Fixation,Tundra,2091,2.039108808947142,2.039108808947142
Tg_yr,mean,SSP1-2.6,N Fixation,Tundra,2092,1.562539456006092,1.562539456006092
Tg_yr,mean,SSP1-2.6,N Fixation,Tundra,2093,2.2313857408068123,2.2313857408068123
Tg_yr,mean,SSP1-2.6,N Fixation,Tundra,2094,2.2372342543768524,2.2372342543768524
Tg_yr,mean,SSP1-2.6,N Fixation,Tundra,2095,1.5643782094283891,1.5643782094283891
Tg_yr,mean,SSP1-2.6,N Fixation,Tundra,2096,2.0971993816479486,2.0971993816479486
Tg_yr,mean,SSP1-2.6,N Fixation,Tundra,2097,1.6578326158579844,1.6578326158579844
Tg_yr,mean,SSP1-2.6,N Fixation,Tundra,2098,2.335485683282582,2.335485683282582
Tg_yr,mean,SSP1-2.6,N Fixation,Tundra,2099,1.9724934477774765,1.9724934477774765
Tg_yr,mean,SSP1-2.6,N Fixation,Wetlands,2000,0.03817035205842453,0.03817035205842453
Tg_yr,mean,SSP1-2.6,N Fixation,Wetlands,2001,0.05324496753425792,0.05324496753425792
Tg_yr,mean,SSP1-2.6,N Fixation,Wetlands,2002,0.058718036613482814,0.058718036613482814
Tg_yr,mean,SSP1-2.6,N Fixation,Wetlands,2003,0.04675385523846607,0.04675385523846607
Tg_yr,mean,SSP1-2.6,N Fixation,Wetlands,2004,0.03095553606501653,0.03095553606501653
Tg_yr,mean,SSP1-2.6,N Fixation,Wetlands,2005,0.060240213048163405,0.060240213048163405
Tg_yr,mean,SSP1-2.6,N Fixation,Wetlands,2006,0.05019515679326573,0.05019515679326573
Tg_yr,mean,SSP1-2.6,N Fixation,Wetlands,2007,0.043144239179945636,0.043144239179945636
Tg_yr,mean,SSP1-2.6,N Fixation,Wetlands,2008,0.053514149151021644,0.053514149151021644
Tg_yr,mean,SSP1-2.6,N Fixation,Wetlands,2009,0.11391464882114638,0.11391464882114638
Tg_yr,mean,SSP1-2.6,N Fixation,Wetlands,2010,0.08846029821211585,0.08846029821211585
Tg_yr,mean,SSP1-2.6,N Fixation,Wetlands,2011,0.07368496406177978,0.07368496406177978
Tg_yr,mean,SSP1-2.6,N Fixation,Wetlands,2012,0.06244174295890284,0.06244174295890284
Tg_yr,mean,SSP1-2.6,N Fixation,Wetlands,2013,0.1288009469116056,0.1288009469116056
Tg_yr,mean,SSP1-2.6,N Fixation,Wetlands,2014,0.053336372299293715,0.053336372299293715
Tg_yr,mean,SSP1-2.6,N Fixation,Wetlands,2015,0.0819583382250666,0.0819583382250666
Tg_yr,mean,SSP1-2.6,N Fixation,Wetlands,2016,0.09332008613915684,0.09332008613915684
Tg_yr,mean,SSP1-2.6,N Fixation,Wetlands,2017,0.04888448130314699,0.04888448130314699
Tg_yr,mean,SSP1-2.6,N Fixation,Wetlands,2018,0.0588689826497172,0.0588689826497172
Tg_yr,mean,SSP1-2.6,N Fixation,Wetlands,2019,0.050717940010681396,0.050717940010681396
Tg_yr,mean,SSP1-2.6,N Fixation,Wetlands,2020,0.07367073297435964,0.07367073297435964
Tg_yr,mean,SSP1-2.6,N Fixation,Wetlands,2080,0.09614758669673525,0.09614758669673525
Tg_yr,mean,SSP1-2.6,N Fixation,Wetlands,2081,0.09579956836616546,0.09579956836616546
Tg_yr,mean,SSP1-2.6,N Fixation,Wetlands,2082,0.14555636237612865,0.14555636237612865
Tg_yr,mean,SSP1-2.6,N Fixation,Wetlands,2083,0.17052845582954487,0.17052845582954487
Tg_yr,mean,SSP1-2.6,N Fixation,Wetlands,2084,0.14454186945308692,0.14454186945308692
Tg_yr,mean,SSP1-2.6,N Fixation,Wetlands,2085,0.19973763411982293,0.19973763411982293
Tg_yr,mean,SSP1-2.6,N Fixation,Wetlands,2086,0.16005236247849786,0.16005236247849786
Tg_yr,mean,SSP1-2.6,N Fixation,Wetlands,2087,0.1016884760534934,0.1016884760534934
Tg_yr,mean,SSP1-2.6,N Fixation,Wetlands,2088,0.14600053352777972,0.14600053352777972
Tg_yr,mean,SSP1-2.6,N Fixation,Wetlands,2089,0.11991385247811273,0.11991385247811273
Tg_yr,mean,SSP1-2.6,N Fixation,Wetlands,2090,0.15772456762343076,0.15772456762343076
Tg_yr,mean,SSP1-2.6,N Fixation,Wetlands,2091,0.11504320275939653,0.11504320275939653
Tg_yr,mean,SSP1-2.6,N Fixation,Wetlands,2092,0.08577047834791847,0.08577047834791847
Tg_yr,mean,SSP1-2.6,N Fixation,Wetlands,2093,0.16822680152507055,0.16822680152507055
Tg_yr,mean,SSP1-2.6,N Fixation,Wetlands,2094,0.11758567175375227,0.11758567175375227
Tg_yr,mean,SSP1-2.6,N Fixation,Wetlands,2095,0.14282099624905442,0.14282099624905442
Tg_yr,mean,SSP1-2.6,N Fixation,Wetlands,2096,0.13589449585984717,0.13589449585984717
Tg_yr,mean,SSP1-2.6,N Fixation,Wetlands,2097,0.1417889525617698,0.1417889525617698
Tg_yr,mean,SSP1-2.6,N Fixation,Wetlands,2098,0.18048778511281238,0.18048778511281238
Tg_yr,mean,SSP1-2.6,N Fixation,Wetlands,2099,0.14781995644932672,0.14781995644932672
Tg_yr,mean,SSP1-2.6,N Fixation,Barren,2000,0.03567396832127858,0.03567396832127858
Tg_yr,mean,SSP1-2.6,N Fixation,Barren,2001,0.04336540615699949,0.04336540615699949
Tg_yr,mean,SSP1-2.6,N Fixation,Barren,2002,0.027824461910201458,0.027824461910201458
Tg_yr,mean,SSP1-2.6,N Fixation,Barren,2003,0.033057204124160904,0.033057204124160904
Tg_yr,mean,SSP1-2.6,N Fixation,Barren,2004,0.03069353519229741,0.03069353519229741
Tg_yr,mean,SSP1-2.6,N Fixation,Barren,2005,0.04232019479276799,0.04232019479276799
Tg_yr,mean,SSP1-2.6,N Fixation,Barren,2006,0.02972148460342395,0.02972148460342395
Tg_yr,mean,SSP1-2.6,N Fixation,Barren,2007,0.04075036247022177,0.04075036247022177
Tg_yr,mean,SSP1-2.6,N Fixation,Barren,2008,0.03207093636102018,0.03207093636102018
Tg_yr,mean,SSP1-2.6,N Fixation,Barren,2009,0.03821987689578022,0.03821987689578022
Tg_yr,mean,SSP1-2.6,N Fixation,Barren,2010,0.04214981802642545,0.04214981802642545
Tg_yr,mean,SSP1-2.6,N Fixation,Barren,2011,0.0366869634619342,0.0366869634619342
Tg_yr,mean,SSP1-2.6,N Fixation,Barren,2012,0.022033147113756372,0.022033147113756372
Tg_yr,mean,SSP1-2.6,N Fixation,Barren,2013,0.03712578110207539,0.03712578110207539
Tg_yr,mean,SSP1-2.6,N Fixation,Barren,2014,0.05322734216915412,0.05322734216915412
Tg_yr,mean,SSP1-2.6,N Fixation,Barren,2015,0.0517417603220531,0.0517417603220531
Tg_yr,mean,SSP1-2.6,N Fixation,Barren,2016,0.03688352884980928,0.03688352884980928
Tg_yr,mean,SSP1-2.6,N Fixation,Barren,2017,0.03167777899076528,0.03167777899076528
Tg_yr,mean,SSP1-2.6,N Fixation,Barren,2018,0.04660239193618019,0.04660239193618019
Tg_yr,mean,SSP1-2.6,N Fixation,Barren,2019,0.05660434940032142,0.05660434940032142
Tg_yr,mean,SSP1-2.6,N Fixation,Barren,2020,0.06076244283082298,0.06076244283082298
Tg_yr,mean,SSP1-2.6,N Fixation,Barren,2080,0.08507230357229328,0.08507230357229328
Tg_yr,mean,SSP1-2.6,N Fixation,Barren,2081,0.06164516527292412,0.06164516527292412
Tg_yr,mean,SSP1-2.6,N Fixation,Barren,2082,0.05996354938549875,0.05996354938549875
Tg_yr,mean,SSP1-2.6,N Fixation,Barren,2083,0.07022774875661328,0.07022774875661328
Tg_yr,mean,SSP1-2.6,N Fixation,Barren,2084,0.049897181919487575,0.049897181919487575
Tg_yr,mean,SSP1-2.6,N Fixation,Barren,2085,0.07238084069266676,0.07238084069266676
Tg_yr,mean,SSP1-2.6,N Fixation,Barren,2086,0.061302751789448266,0.061302751789448266
Tg_yr,mean,SSP1-2.6,N Fixation,Barren,2087,0.04668412027672816,0.04668412027672816
Tg_yr,mean,SSP1-2.6,N Fixation,Barren,2088,0.06326005373487495,0.06326005373487495
Tg_yr,mean,SSP1-2.6,N Fixation,Barren,2089,0.05298487126948317,0.05298487126948317
Tg_yr,mean,SSP1-2.6,N Fixation,Barren,2090,0.07239582176577637,0.07239582176577637
Tg_yr,mean,SSP1-2.6,N Fixation,Barren,2091,0.07223593103232455,0.07223593103232455
Tg_yr,mean,SSP1-2.6,N Fixation,Barren,2092,0.05904710022502796,0.05904710022502796
Tg_yr,mean,SSP1-2.6,N Fixation,Barren,2093,0.07020076917722928,0.07020076917722928
Tg_yr,mean,SSP1-2.6,N Fixation,Barren,2094,0.07796971568503244,0.07796971568503244
Tg_yr,mean,SSP1-2.6,N Fixation,Barren,2095,0.05097406440066764,0.05097406440066764
Tg_yr,mean,SSP1-2.6,N Fixation,Barren,2096,0.06957801525994478,0.06957801525994478
Tg_yr,mean,SSP1-2.6,N Fixation,Barren,2097,0.06557665785767551,0.06557665785767551
Tg_yr,mean,SSP1-2.6,N Fixation,Barren,2098,0.08276525893868239,0.08276525893868239
Tg_yr,mean,SSP1-2.6,N Fixation,Barren,2099,0.07239501883317767,0.07239501883317767
Tg_yr,mean,SSP1-2.6,N Fixation,Pan-Arctic,2000,2.305150518490472,2.305150518490472
Tg_yr,mean,SSP1-2.6,N Fixation,Pan-Arctic,2001,2.3614498071199694,2.3614498071199694
Tg_yr,mean,SSP1-2.6,N Fixation,Pan-Arctic,2002,1.7452920265288823,1.7452920265288823
Tg_yr,mean,SSP1-2.6,N Fixation,Pan-Arctic,2003,2.4152562471848418,2.4152562471848418
Tg_yr,mean,SSP1-2.6,N Fixation,Pan-Arctic,2004,1.898574278369065,1.898574278369065
Tg_yr,mean,SSP1-2.6,N Fixation,Pan-Arctic,2005,2.5786573167708253,2.5786573167708253
Tg_yr,mean,SSP1-2.6,N Fixation,Pan-Arctic,2006,2.2523668112949413,2.2523668112949413
Tg_yr,mean,SSP1-2.6,N Fixation,Pan-Arctic,2007,2.820149601101373,2.820149601101373
Tg_yr,mean,SSP1-2.6,N Fixation,Pan-Arctic,2008,2.350786112305945,2.350786112305945
Tg_yr,mean,SSP1-2.6,N Fixation,Pan-Arctic,2009,3.25070153010545,3.25070153010545
Tg_yr,mean,SSP1-2.6,N Fixation,Pan-Arctic,2010,3.2727116875782105,3.2727116875782105
Tg_yr,mean,SSP1-2.6,N Fixation,Pan-Arctic,2011,2.7181528781523148,2.7181528781523148
Tg_yr,mean,SSP1-2.6,N Fixation,Pan-Arctic,2012,1.9126188914250584,1.9126188914250584
Tg_yr,mean,SSP1-2.6,N Fixation,Pan-Arctic,2013,3.2322410018759977,3.2322410018759977
Tg_yr,mean,SSP1-2.6,N Fixation,Pan-Arctic,2014,3.1557049410604567,3.1557049410604567
Tg_yr,mean,SSP1-2.6,N Fixation,Pan-Arctic,2015,3.2121472259720636,3.2121472259720636
Tg_yr,mean,SSP1-2.6,N Fixation,Pan-Arctic,2016,2.393368662059945,2.393368662059945
Tg_yr,mean,SSP1-2.6,N Fixation,Pan-Arctic,2017,2.0591048942473864,2.0591048942473864
Tg_yr,mean,SSP1-2.6,N Fixation,Pan-Arctic,2018,2.906767518634626,2.906767518634626
Tg_yr,mean,SSP1-2.6,N Fixation,Pan-Arctic,2019,3.012984446291701,3.012984446291701
Tg_yr,mean,SSP1-2.6,N Fixation,Pan-Arctic,2020,3.488940514821128,3.488940514821128
Tg_yr,mean,SSP1-2.6,N Fixation,Pan-Arctic,2080,5.060525048727255,5.060525048727255
Tg_yr,mean,SSP1-2.6,N Fixation,Pan-Arctic,2081,4.238658956874903,4.238658956874903
Tg_yr,mean,SSP1-2.6,N Fixation,Pan-Arctic,2082,4.4588678212766135,4.4588678212766135
Tg_yr,mean,SSP1-2.6,N Fixation,Pan-Arctic,2083,5.106584038250502,5.106584038250502
Tg_yr,mean,SSP1-2.6,N Fixation,Pan-Arctic,2084,3.8180632307974287,3.8180632307974287
Tg_yr,mean,SSP1-2.6,N Fixation,Pan-Arctic,2085,4.968714205290581,4.968714205290581
Tg_yr,mean,SSP1-2.6,N Fixation,Pan-Arctic,2086,4.601927272978833,4.601927272978833
Tg_yr,mean,SSP1-2.6,N Fixation,Pan-Arctic,2087,3.6716081531204487,3.6716081531204487
Tg_yr,mean,SSP1-2.6,N Fixation,Pan-Arctic,2088,4.394034782382803,4.394034782382803
Tg_yr,mean,SSP1-2.6,N Fixation,Pan-Arctic,2089,4.028593756880014,4.028593756880014
Tg_yr,mean,SSP1-2.6,N Fixation,Pan-Arctic,2090,5.389926210058452,5.389926210058452
Tg_yr,mean,SSP1-2.6,N Fixation,Pan-Arctic,2091,5.056750366923094,5.056750366923094
Tg_yr,mean,SSP1-2.6,N Fixation,Pan-Arctic,2092,3.98502171802159,3.98502171802159
Tg_yr,mean,SSP1-2.6,N Fixation,Pan-Arctic,2093,5.3817466414083714,5.3817466414083714
Tg_yr,mean,SSP1-2.6,N Fixation,Pan-Arctic,2094,5.317751520401839,5.317751520401839
Tg_yr,mean,SSP1-2.6,N Fixation,Pan-Arctic,2095,4.390648579057685,4.390648579057685
Tg_yr,mean,SSP1-2.6,N Fixation,Pan-Arctic,2096,4.903338264767924,4.903338264767924
Tg_yr,mean,SSP1-2.6,N Fixation,Pan-Arctic,2097,4.42799944622341,4.42799944622341
Tg_yr,mean,SSP1-2.6,N Fixation,Pan-Arctic,2098,5.783581395433306,5.783581395433306
Tg_yr,mean,SSP1-2.6,N Fixation,Pan-Arctic,2099,4.820769077988414,4.820769077988414
Tg_yr,mean,SSP3-7.0,N Deposition,Taiga,2000,0.9157947575965287,0.9157947575965287
Tg_yr,mean,SSP3-7.0,N Deposition,Taiga,2001,0.8767605348135828,0.8767605348135828
Tg_yr,mean,SSP3-7.0,N Deposition,Taiga,2002,0.9522358705670971,0.9522358705670971
Tg_yr,mean,SSP3-7.0,N Deposition,Taiga,2003,0.9071303483368606,0.9071303483368606
Tg_yr,mean,SSP3-7.0,N Deposition,Taiga,2004,0.8999975384589193,0.8999975384589193
Tg_yr,mean,SSP3-7.0,N Deposition,Taiga,2005,0.9438867832212522,0.9438867832212522
Tg_yr,mean,SSP3-7.0,N Deposition,Taiga,2006,0.9150403852674694,0.9150403852674694
Tg_yr,mean,SSP3-7.0,N Deposition,Taiga,2007,0.9000642373214167,0.9000642373214167
Tg_yr,mean,SSP3-7.0,N Deposition,Taiga,2008,0.966717298320871,0.966717298320871
Tg_yr,mean,SSP3-7.0,N Deposition,Taiga,2009,0.9483566774394998,0.9483566774394998
Tg_yr,mean,SSP3-7.0,N Deposition,Taiga,2010,0.9522049280762187,0.9522049280762187
Tg_yr,mean,SSP3-7.0,N Deposition,Taiga,2011,0.9045900589114079,0.9045900589114079
Tg_yr,mean,SSP3-7.0,N Deposition,Taiga,2012,0.9595213002251194,0.9595213002251194
Tg_yr,mean,SSP3-7.0,N Deposition,Taiga,2013,0.9336281579457789,0.9336281579457789
Tg_yr,mean,SSP3-7.0,N Deposition,Taiga,2014,0.9175353779510415,0.9175353779510415
Tg_yr,mean,SSP3-7.0,N Deposition,Taiga,2015,0.7662090624769657,0.7662090624769657
Tg_yr,mean,SSP3-7.0,N Deposition,Taiga,2016,0.7986791376374461,0.7986791376374461
Tg_yr,mean,SSP3-7.0,N Deposition,Taiga,2017,0.8441821095397177,0.8441821095397177
Tg_yr,mean,SSP3-7.0,N Deposition,Taiga,2018,0.8491920769144086,0.8491920769144086
Tg_yr,mean,SSP3-7.0,N Deposition,Taiga,2019,0.8640352027074193,0.8640352027074193
Tg_yr,mean,SSP3-7.0,N Deposition,Taiga,2020,0.8142621990490378,0.8142621990490378
Tg_yr,mean,SSP3-7.0,N Deposition,Taiga,2080,1.0020448171119938,1.0020448171119938
Tg_yr,mean,SSP3-7.0,N Deposition,Taiga,2081,0.9956374089355934,0.9956374089355934
Tg_yr,mean,SSP3-7.0,N Deposition,Taiga,2082,1.0008676642990517,1.0008676642990517
Tg_yr,mean,SSP3-7.0,N Deposition,Taiga,2083,0.9413858017998845,0.9413858017998845
Tg_yr,mean,SSP3-7.0,N Deposition,Taiga,2084,0.9762974933010437,0.9762974933010437
Tg_yr,mean,SSP3-7.0,N Deposition,Taiga,2085,0.9632708406388063,0.9632708406388063
Tg_yr,mean,SSP3-7.0,N Deposition,Taiga,2086,0.9290478045718993,0.9290478045718993
Tg_yr,mean,SSP3-7.0,N Deposition,Taiga,2087,1.0403161683716535,1.0403161683716535
Tg_yr,mean,SSP3-7.0,N Deposition,Taiga,2088,0.9888284448597363,0.9888284448597363
Tg_yr,mean,SSP3-7.0,N Deposition,Taiga,2089,0.9568294499395312,0.9568294499395312
Tg_yr,mean,SSP3-7.0,N Deposition,Taiga,2090,1.019475153154802,1.019475153154802
Tg_yr,mean,SSP3-7.0,N Deposition,Taiga,2091,1.0704075478891186,1.0704075478891186
Tg_yr,mean,SSP3-7.0,N Deposition,Taiga,2092,1.057430143172678,1.057430143172678
Tg_yr,mean,SSP3-7.0,N Deposition,Taiga,2093,0.9590437870359237,0.9590437870359237
Tg_yr,mean,SSP3-7.0,N Deposition,Taiga,2094,1.0366138245457002,1.0366138245457002
Tg_yr,mean,SSP3-7.0,N Deposition,Taiga,2095,1.0398711088343469,1.0398711088343469
Tg_yr,mean,SSP3-7.0,N Deposition,Taiga,2096,0.9792563526648557,0.9792563526648557
Tg_yr,mean,SSP3-7.0,N Deposition,Taiga,2097,1.0659179525913411,1.0659179525913411
Tg_yr,mean,SSP3-7.0,N Deposition,Taiga,2098,1.0514513006470854,1.0514513006470854
Tg_yr,mean,SSP3-7.0,N Deposition,Taiga,2099,1.0696088293349413,1.0696088293349413
Tg_yr,mean,SSP3-7.0,N Deposition,Tundra,2000,0.6401049668719331,0.6401049668719331
Tg_yr,mean,SSP3-7.0,N Deposition,Tundra,2001,0.5988099668641698,0.5988099668641698
Tg_yr,mean,SSP3-7.0,N Deposition,Tundra,2002,0.617995709456435,0.617995709456435
Tg_yr,mean,SSP3-7.0,N Deposition,Tundra,2003,0.5645464031325695,0.5645464031325695
Tg_yr,mean,SSP3-7.0,N Deposition,Tundra,2004,0.5913930293113715,0.5913930293113715
Tg_yr,mean,SSP3-7.0,N Deposition,Tundra,2005,0.5824810919850864,0.5824810919850864
Tg_yr,mean,SSP3-7.0,N Deposition,Tundra,2006,0.586468282592707,0.586468282592707
Tg_yr,mean,SSP3-7.0,N Deposition,Tundra,2007,0.6294452768255785,0.6294452768255785
Tg_yr,mean,SSP3-7.0,N Deposition,Tundra,2008,0.6628064340300072,0.6628064340300072
Tg_yr,mean,SSP3-7.0,N Deposition,Tundra,2009,0.6449425408866877,0.6449425408866877
Tg_yr,mean,SSP3-7.0,N Deposition,Tundra,2010,0.6640953069818787,0.6640953069818787
Tg_yr,mean,SSP3-7.0,N Deposition,Tundra,2011,0.6141859674274913,0.6141859674274913
Tg_yr,mean,SSP3-7.0,N Deposition,Tundra,2012,0.6426674843505288,0.6426674843505288
Tg_yr,mean,SSP3-7.0,N Deposition,Tundra,2013,0.6626602611359201,0.6626602611359201
Tg_yr,mean,SSP3-7.0,N Deposition,Tundra,2014,0.641955612814469,0.641955612814469
Tg_yr,mean,SSP3-7.0,N Deposition,Tundra,2015,0.5261282202297385,0.5261282202297385
Tg_yr,mean,SSP3-7.0,N Deposition,Tundra,2016,0.5673074654341503,0.5673074654341503
Tg_yr,mean,SSP3-7.0,N Deposition,Tundra,2017,0.5785907025811615,0.5785907025811615
Tg_yr,mean,SSP3-7.0,N Deposition,Tundra,2018,0.5749370081650031,0.5749370081650031
Tg_yr,mean,SSP3-7.0,N Deposition,Tundra,2019,0.601215596386887,0.601215596386887
Tg_yr,mean,SSP3-7.0,N Deposition,Tundra,2020,0.5798450897847857,0.5798450897847857
Tg_yr,mean,SSP3-7.0,N Deposition,Tundra,2080,0.6525521803816232,0.6525521803816232
Tg_yr,mean,SSP3-7.0,N Deposition,Tundra,2081,0.6619802502112183,0.6619802502112183
Tg_yr,mean,SSP3-7.0,N Deposition,Tundra,2082,0.661916635308868,0.661916635308868
Tg_yr,mean,SSP3-7.0,N Deposition,Tundra,2083,0.5897133116430207,0.5897133116430207
Tg_yr,mean,SSP3-7.0,N Deposition,Tundra,2084,0.6550755422111855,0.6550755422111855
Tg_yr,mean,SSP3-7.0,N Deposition,Tundra,2085,0.6190679903388379,0.6190679903388379
Tg_yr,mean,SSP3-7.0,N Deposition,Tundra,2086,0.6343726033095998,0.6343726033095998
Tg_yr,mean,SSP3-7.0,N Deposition,Tundra,2087,0.6847095664810087,0.6847095664810087
Tg_yr,mean,SSP3-7.0,N Deposition,Tundra,2088,0.6774591714758801,0.6774591714758801
Tg_yr,mean,SSP3-7.0,N Deposition,Tundra,2089,0.6251139750325665,0.6251139750325665
Tg_yr,mean,SSP3-7.0,N Deposition,Tundra,2090,0.673476304433007,0.673476304433007
Tg_yr,mean,SSP3-7.0,N Deposition,Tundra,2091,0.7222633044112322,0.7222633044112322
Tg_yr,mean,SSP3-7.0,N Deposition,Tundra,2092,0.6355995479333597,0.6355995479333597
Tg_yr,mean,SSP3-7.0,N Deposition,Tundra,2093,0.6323704072191426,0.6323704072191426
Tg_yr,mean,SSP3-7.0,N Deposition,Tundra,2094,0.6607531305791113,0.6607531305791113
Tg_yr,mean,SSP3-7.0,N Deposition,Tundra,2095,0.7064797883876478,0.7064797883876478
Tg_yr,mean,SSP3-7.0,N Deposition,Tundra,2096,0.6490595474908886,0.6490595474908886
Tg_yr,mean,SSP3-7.0,N Deposition,Tundra,2097,0.7122132932959129,0.7122132932959129
Tg_yr,mean,SSP3-7.0,N Deposition,Tundra,2098,0.6806596934524201,0.6806596934524201
Tg_yr,mean,SSP3-7.0,N Deposition,Tundra,2099,0.6882235793756135,0.6882235793756135
Tg_yr,mean,SSP3-7.0,N Deposition,Wetlands,2000,0.05057704683550434,0.05057704683550434
Tg_yr,mean,SSP3-7.0,N Deposition,Wetlands,2001,0.047902922425934434,0.047902922425934434
Tg_yr,mean,SSP3-7.0,N Deposition,Wetlands,2002,0.051497437116229165,0.051497437116229165
Tg_yr,mean,SSP3-7.0,N Deposition,Wetlands,2003,0.045960755399958926,0.045960755399958926
Tg_yr,mean,SSP3-7.0,N Deposition,Wetlands,2004,0.05080006914035172,0.05080006914035172
Tg_yr,mean,SSP3-7.0,N Deposition,Wetlands,2005,0.04512500613809615,0.04512500613809615
Tg_yr,mean,SSP3-7.0,N Deposition,Wetlands,2006,0.052615990239962544,0.052615990239962544
Tg_yr,mean,SSP3-7.0,N Deposition,Wetlands,2007,0.050717127072501755,0.050717127072501755
Tg_yr,mean,SSP3-7.0,N Deposition,Wetlands,2008,0.053342766554574185,0.053342766554574185
Tg_yr,mean,SSP3-7.0,N Deposition,Wetlands,2009,0.05095540386518985,0.05095540386518985
Tg_yr,mean,SSP3-7.0,N Deposition,Wetlands,2010,0.05213581972664299,0.05213581972664299
Tg_yr,mean,SSP3-7.0,N Deposition,Wetlands,2011,0.048292716720768736,0.048292716720768736
Tg_yr,mean,SSP3-7.0,N Deposition,Wetlands,2012,0.0478026548818595,0.0478026548818595
Tg_yr,mean,SSP3-7.0,N Deposition,Wetlands,2013,0.050652879363711815,0.050652879363711815
Tg_yr,mean,SSP3-7.0,N Deposition,Wetlands,2014,0.049291464700461134,0.049291464700461134
Tg_yr,mean,SSP3-7.0,N Deposition,Wetlands,2015,0.043828829700161415,0.043828829700161415
Tg_yr,mean,SSP3-7.0,N Deposition,Wetlands,2016,0.04187234799716096,0.04187234799716096
Tg_yr,mean,SSP3-7.0,N Deposition,Wetlands,2017,0.04292635750669728,0.04292635750669728
Tg_yr,mean,SSP3-7.0,N Deposition,Wetlands,2018,0.051772509033318086,0.051772509033318086
Tg_yr,mean,SSP3-7.0,N Deposition,Wetlands,2019,0.04508693530370721,0.04508693530370721
Tg_yr,mean,SSP3-7.0,N Deposition,Wetlands,2020,0.050075762700129804,0.050075762700129804
Tg_yr,mean,SSP3-7.0,N Deposition,Wetlands,2080,0.053375191346558715,0.053375191346558715
Tg_yr,mean,SSP3-7.0,N Deposition,Wetlands,2081,0.04740013244996989,0.04740013244996989
Tg_yr,mean,SSP3-7.0,N Deposition,Wetlands,2082,0.050248559706528056,0.050248559706528056
Tg_yr,mean,SSP3-7.0,N Deposition,Wetlands,2083,0.04629354874250655,0.04629354874250655
Tg_yr,mean,SSP3-7.0,N Deposition,Wetlands,2084,0.044127356954114835,0.044127356954114835
Tg_yr,mean,SSP3-7.0,N Deposition,Wetlands,2085,0.0472946247784373,0.0472946247784373
Tg_yr,mean,SSP3-7.0,N Deposition,Wetlands,2086,0.04132953019472509,0.04132953019472509
Tg_yr,mean,SSP3-7.0,N Deposition,Wetlands,2087,0.04926943606782258,0.04926943606782258
Tg_yr,mean,SSP3-7.0,N Deposition,Wetlands,2088,0.04532989661149469,0.04532989661149469
Tg_yr,mean,SSP3-7.0,N Deposition,Wetlands,2089,0.04748617595938646,0.04748617595938646
Tg_yr,mean,SSP3-7.0,N Deposition,Wetlands,2090,0.05362070159890436,0.05362070159890436
Tg_yr,mean,SSP3-7.0,N Deposition,Wetlands,2091,0.04729210987878531,0.04729210987878531
Tg_yr,mean,SSP3-7.0,N Deposition,Wetlands,2092,0.05074757178121887,0.05074757178121887
Tg_yr,mean,SSP3-7.0,N Deposition,Wetlands,2093,0.043829438652931194,0.043829438652931194
Tg_yr,mean,SSP3-7.0,N Deposition,Wetlands,2094,0.05090506422570428,0.05090506422570428
Tg_yr,mean,SSP3-7.0,N Deposition,Wetlands,2095,0.04929684275736099,0.04929684275736099
Tg_yr,mean,SSP3-7.0,N Deposition,Wetlands,2096,0.04656752881321194,0.04656752881321194
Tg_yr,mean,SSP3-7.0,N Deposition,Wetlands,2097,0.053191729951731256,0.053191729951731256
Tg_yr,mean,SSP3-7.0,N Deposition,Wetlands,2098,0.05407034887488794,0.05407034887488794
Tg_yr,mean,SSP3-7.0,N Deposition,Wetlands,2099,0.05079592612535087,0.05079592612535087
Tg_yr,mean,SSP3-7.0,N Deposition,Barren,2000,0.032440339306973716,0.032440339306973716
Tg_yr,mean,SSP3-7.0,N Deposition,Barren,2001,0.031175273675182396,0.031175273675182396
Tg_yr,mean,SSP3-7.0,N Deposition,Barren,2002,0.03168654660437997,0.03168654660437997
Tg_yr,mean,SSP3-7.0,N Deposition,Barren,2003,0.029998286327919087,0.029998286327919087
Tg_yr,mean,SSP3-7.0,N Deposition,Barren,2004,0.030851869841999675,0.030851869841999675
Tg_yr,mean,SSP3-7.0,N Deposition,Barren,2005,0.030767701999971146,0.030767701999971146
Tg_yr,mean,SSP3-7.0,N Deposition,Barren,2006,0.03028180823930617,0.03028180823930617
Tg_yr,mean,SSP3-7.0,N Deposition,Barren,2007,0.03355107456333307,0.03355107456333307
Tg_yr,mean,SSP3-7.0,N Deposition,Barren,2008,0.031248307354718327,0.031248307354718327
Tg_yr,mean,SSP3-7.0,N Deposition,Barren,2009,0.03267982777797787,0.03267982777797787
Tg_yr,mean,SSP3-7.0,N Deposition,Barren,2010,0.03215779976489163,0.03215779976489163
Tg_yr,mean,SSP3-7.0,N Deposition,Barren,2011,0.03279948456967355,0.03279948456967355
Tg_yr,mean,SSP3-7.0,N Deposition,Barren,2012,0.032994993640211905,0.032994993640211905
Tg_yr,mean,SSP3-7.0,N Deposition,Barren,2013,0.033295138415223996,0.033295138415223996
Tg_yr,mean,SSP3-7.0,N Deposition,Barren,2014,0.03212000655322099,0.03212000655322099
Tg_yr,mean,SSP3-7.0,N Deposition,Barren,2015,0.028090117476712216,0.028090117476712216
Tg_yr,mean,SSP3-7.0,N Deposition,Barren,2016,0.029406039856050253,0.029406039856050253
Tg_yr,mean,SSP3-7.0,N Deposition,Barren,2017,0.031169827775100276,0.031169827775100276
Tg_yr,mean,SSP3-7.0,N Deposition,Barren,2018,0.029270721251102565,0.029270721251102565
Tg_yr,mean,SSP3-7.0,N Deposition,Barren,2019,0.029920777603467334,0.029920777603467334
Tg_yr,mean,SSP3-7.0,N Deposition,Barren,2020,0.030776362125496053,0.030776362125496053
Tg_yr,mean,SSP3-7.0,N Deposition,Barren,2080,0.030455771273077033,0.030455771273077033
Tg_yr,mean,SSP3-7.0,N Deposition,Barren,2081,0.031118179330840084,0.031118179330840084
Tg_yr,mean,SSP3-7.0,N Deposition,Barren,2082,0.03240839866384253,0.03240839866384253
Tg_yr,mean,SSP3-7.0,N Deposition,Barren,2083,0.029136665776065364,0.029136665776065364
Tg_yr,mean,SSP3-7.0,N Deposition,Barren,2084,0.03323555407047763,0.03323555407047763
Tg_yr,mean,SSP3-7.0,N Deposition,Barren,2085,0.030189113833318588,0.030189113833318588
Tg_yr,mean,SSP3-7.0,N Deposition,Barren,2086,0.03189723342577172,0.03189723342577172
Tg_yr,mean,SSP3-7.0,N Deposition,Barren,2087,0.03261052629830883,0.03261052629830883
Tg_yr,mean,SSP3-7.0,N Deposition,Barren,2088,0.03194316969379726,0.03194316969379726
Tg_yr,mean,SSP3-7.0,N Deposition,Barren,2089,0.029461791831326245,0.029461791831326245
Tg_yr,mean,SSP3-7.0,N Deposition,Barren,2090,0.03145163055885707,0.03145163055885707
Tg_yr,mean,SSP3-7.0,N Deposition,Barren,2091,0.03400619029193866,0.03400619029193866
Tg_yr,mean,SSP3-7.0,N Deposition,Barren,2092,0.029621803792592848,0.029621803792592848
Tg_yr,mean,SSP3-7.0,N Deposition,Barren,2093,0.030810600847426407,0.030810600847426407
Tg_yr,mean,SSP3-7.0,N Deposition,Barren,2094,0.03217126368222543,0.03217126368222543
Tg_yr,mean,SSP3-7.0,N Deposition,Barren,2095,0.03432426783911684,0.03432426783911684
Tg_yr,mean,SSP3-7.0,N Deposition,Barren,2096,0.030091485243597855,0.030091485243597855
Tg_yr,mean,SSP3-7.0,N Deposition,Barren,2097,0.03277783214044742,0.03277783214044742
Tg_yr,mean,SSP3-7.0,N Deposition,Barren,2098,0.0317243013005723,0.0317243013005723
Tg_yr,mean,SSP3-7.0,N Deposition,Barren,2099,0.03280019130752939,0.03280019130752939
Tg_yr,mean,SSP3-7.0,N Deposition,Pan-Arctic,2000,1.63891711061094,1.63891711061094
Tg_yr,mean,SSP3-7.0,N Deposition,Pan-Arctic,2001,1.5546486977788696,1.5546486977788696
Tg_yr,mean,SSP3-7.0,N Deposition,Pan-Arctic,2002,1.6534155637441414,1.6534155637441414
Tg_yr,mean,SSP3-7.0,N Deposition,Pan-Arctic,2003,1.5476357931973082,1.5476357931973082
Tg_yr,mean,SSP3-7.0,N Deposition,Pan-Arctic,2004,1.5730425067526421,1.5730425067526421
Tg_yr,mean,SSP3-7.0,N Deposition,Pan-Arctic,2005,1.6022605833444057,1.6022605833444057
Tg_yr,mean,SSP3-7.0,N Deposition,Pan-Arctic,2006,1.5844064663394453,1.5844064663394453
Tg_yr,mean,SSP3-7.0,N Deposition,Pan-Arctic,2007,1.6137777157828301,1.6137777157828301
Tg_yr,mean,SSP3-7.0,N Deposition,Pan-Arctic,2008,1.714114806260171,1.714114806260171
Tg_yr,mean,SSP3-7.0,N Deposition,Pan-Arctic,2009,1.676934449969355,1.676934449969355
Tg_yr,mean,SSP3-7.0,N Deposition,Pan-Arctic,2010,1.7005938545496322,1.7005938545496322
Tg_yr,mean,SSP3-7.0,N Deposition,Pan-Arctic,2011,1.5998682276293414,1.5998682276293414
Tg_yr,mean,SSP3-7.0,N Deposition,Pan-Arctic,2012,1.6829864330977196,1.6829864330977196
Tg_yr,mean,SSP3-7.0,N Deposition,Pan-Arctic,2013,1.680236436860635,1.680236436860635
Tg_yr,mean,SSP3-7.0,N Deposition,Pan-Arctic,2014,1.6409024620191925,1.6409024620191925
Tg_yr,mean,SSP3-7.0,N Deposition,Pan-Arctic,2015,1.3642562298835779,1.3642562298835779
Tg_yr,mean,SSP3-7.0,N Deposition,Pan-Arctic,2016,1.4372649909248079,1.4372649909248079
Tg_yr,mean,SSP3-7.0,N Deposition,Pan-Arctic,2017,1.4968689974026768,1.4968689974026768
Tg_yr,mean,SSP3-7.0,N Deposition,Pan-Arctic,2018,1.5051723153638323,1.5051723153638323
Tg_yr,mean,SSP3-7.0,N Deposition,Pan-Arctic,2019,1.540258512001481,1.540258512001481
Tg_yr,mean,SSP3-7.0,N Deposition,Pan-Arctic,2020,1.4749594136594495,1.4749594136594495
Tg_yr,mean,SSP3-7.0,N Deposition,Pan-Arctic,2080,1.7384279601132526,1.7384279601132526
Tg_yr,mean,SSP3-7.0,N Deposition,Pan-Arctic,2081,1.7361359709276216,1.7361359709276216
Tg_yr,mean,SSP3-7.0,N Deposition,Pan-Arctic,2082,1.7454412579782903,1.7454412579782903
Tg_yr,mean,SSP3-7.0,N Deposition,Pan-Arctic,2083,1.606529327961477,1.606529327961477
Tg_yr,mean,SSP3-7.0,N Deposition,Pan-Arctic,2084,1.7087359465368215,1.7087359465368215
Tg_yr,mean,SSP3-7.0,N Deposition,Pan-Arctic,2085,1.6598225695894002,1.6598225695894002
Tg_yr,mean,SSP3-7.0,N Deposition,Pan-Arctic,2086,1.636647171501996,1.636647171501996
Tg_yr,mean,SSP3-7.0,N Deposition,Pan-Arctic,2087,1.8069056972187938,1.8069056972187938
Tg_yr,mean,SSP3-7.0,N Deposition,Pan-Arctic,2088,1.7435606826409085,1.7435606826409085
Tg_yr,mean,SSP3-7.0,N Deposition,Pan-Arctic,2089,1.6588913927628106,1.6588913927628106
Tg_yr,mean,SSP3-7.0,N Deposition,Pan-Arctic,2090,1.7780237897455704,1.7780237897455704
Tg_yr,mean,SSP3-7.0,N Deposition,Pan-Arctic,2091,1.8739691524710747,1.8739691524710747
Tg_yr,mean,SSP3-7.0,N Deposition,Pan-Arctic,2092,1.7733990666798496,1.7733990666798496
Tg_yr,mean,SSP3-7.0,N Deposition,Pan-Arctic,2093,1.6660542337554238,1.6660542337554238
Tg_yr,mean,SSP3-7.0,N Deposition,Pan-Arctic,2094,1.7804432830327412,1.7804432830327412
Tg_yr,mean,SSP3-7.0,N Deposition,Pan-Arctic,2095,1.8299720078184727,1.8299720078184727
Tg_yr,mean,SSP3-7.0,N Deposition,Pan-Arctic,2096,1.7049749142125539,1.7049749142125539
Tg_yr,mean,SSP3-7.0,N Deposition,Pan-Arctic,2097,1.8641008079794326,1.8641008079794326
Tg_yr,mean,SSP3-7.0,N Deposition,Pan-Arctic,2098,1.817905644274966,1.817905644274966
Tg_yr,mean,SSP3-7.0,N Deposition,Pan-Arctic,2099,1.841428526143435,1.841428526143435
Tg_yr,mean,SSP3-7.0,N Fixation,Taiga,2000,1.3063464020730549,1.3063464020730549
Tg_yr,mean,SSP3-7.0,N Fixation,Taiga,2001,1.3299605512904928,1.3299605512904928
Tg_yr,mean,SSP3-7.0,N Fixation,Taiga,2002,1.0393244674407838,1.0393244674407838
Tg_yr,mean,SSP3-7.0,N Fixation,Taiga,2003,1.3145396835777523,1.3145396835777523
Tg_yr,mean,SSP3-7.0,N Fixation,Taiga,2004,1.1105934177882277,1.1105934177882277
Tg_yr,mean,SSP3-7.0,N Fixation,Taiga,2005,1.4791144993535166,1.4791144993535166
Tg_yr,mean,SSP3-7.0,N Fixation,Taiga,2006,1.3216433333663808,1.3216433333663808
Tg_yr,mean,SSP3-7.0,N Fixation,Taiga,2007,1.4916703847896873,1.4916703847896873
Tg_yr,mean,SSP3-7.0,N Fixation,Taiga,2008,1.3585751918787519,1.3585751918787519
Tg_yr,mean,SSP3-7.0,N Fixation,Taiga,2009,1.8021956659891343,1.8021956659891343
Tg_yr,mean,SSP3-7.0,N Fixation,Taiga,2010,1.7709357851419112,1.7709357851419112
Tg_yr,mean,SSP3-7.0,N Fixation,Taiga,2011,1.615356559297178,1.615356559297178
Tg_yr,mean,SSP3-7.0,N Fixation,Taiga,2012,1.144953153513934,1.144953153513934
Tg_yr,mean,SSP3-7.0,N Fixation,Taiga,2013,1.9320282656114707,1.9320282656114707
Tg_yr,mean,SSP3-7.0,N Fixation,Taiga,2014,1.6605378130999577,1.6605378130999577
Tg_yr,mean,SSP3-7.0,N Fixation,Taiga,2015,1.4137164366718933,1.4137164366718933
Tg_yr,mean,SSP3-7.0,N Fixation,Taiga,2016,0.9556006109485612,0.9556006109485612
Tg_yr,mean,SSP3-7.0,N Fixation,Taiga,2017,1.0939612683105728,1.0939612683105728
Tg_yr,mean,SSP3-7.0,N Fixation,Taiga,2018,1.2863735877251279,1.2863735877251279
Tg_yr,mean,SSP3-7.0,N Fixation,Taiga,2019,1.6100870697918783,1.6100870697918783
Tg_yr,mean,SSP3-7.0,N Fixation,Taiga,2020,1.2587322034704254,1.2587322034704254
Tg_yr,mean,SSP3-7.0,N Fixation,Taiga,2080,3.0361235497314096,3.0361235497314096
Tg_yr,mean,SSP3-7.0,N Fixation,Taiga,2081,2.942355390609188,2.942355390609188
Tg_yr,mean,SSP3-7.0,N Fixation,Taiga,2082,3.3577619672346466,3.3577619672346466
Tg_yr,mean,SSP3-7.0,N Fixation,Taiga,2083,2.947459350154584,2.947459350154584
Tg_yr,mean,SSP3-7.0,N Fixation,Taiga,2084,2.9238368872198173,2.9238368872198173
Tg_yr,mean,SSP3-7.0,N Fixation,Taiga,2085,3.0503941674613415,3.0503941674613415
Tg_yr,mean,SSP3-7.0,N Fixation,Taiga,2086,3.357571643228406,3.357571643228406
Tg_yr,mean,SSP3-7.0,N Fixation,Taiga,2087,3.541753447037713,3.541753447037713
Tg_yr,mean,SSP3-7.0,N Fixation,Taiga,2088,4.574449879104261,4.574449879104261
Tg_yr,mean,SSP3-7.0,N Fixation,Taiga,2089,3.9399276025842074,3.9399276025842074
Tg_yr,mean,SSP3-7.0,N Fixation,Taiga,2090,3.286315811764016,3.286315811764016
Tg_yr,mean,SSP3-7.0,N Fixation,Taiga,2091,3.7159475806751954,3.7159475806751954
Tg_yr,mean,SSP3-7.0,N Fixation,Taiga,2092,3.509120622262659,3.509120622262659
Tg_yr,mean,SSP3-7.0,N Fixation,Taiga,2093,3.9174509777895534,3.9174509777895534
Tg_yr,mean,SSP3-7.0,N Fixation,Taiga,2094,3.96309744080584,3.96309744080584
Tg_yr,mean,SSP3-7.0,N Fixation,Taiga,2095,3.69397435474228,3.69397435474228
Tg_yr,mean,SSP3-7.0,N Fixation,Taiga,2096,4.550429666696105,4.550429666696105
Tg_yr,mean,SSP3-7.0,N Fixation,Taiga,2097,4.130980374271735,4.130980374271735
Tg_yr,mean,SSP3-7.0,N Fixation,Taiga,2098,4.225162043801574,4.225162043801574
Tg_yr,mean,SSP3-7.0,N Fixation,Taiga,2099,4.712599700292086,4.712599700292086
Tg_yr,mean,SSP3-7.0,N Fixation,Tundra,2000,0.9249597960377139,0.9249597960377139
Tg_yr,mean,SSP3-7.0,N Fixation,Tundra,2001,0.9348788821382188,0.9348788821382188
Tg_yr,mean,SSP3-7.0,N Fixation,Tundra,2002,0.6194250605644144,0.6194250605644144
Tg_yr,mean,SSP3-7.0,N Fixation,Tundra,2003,1.0209055042444626,1.0209055042444626
Tg_yr,mean,SSP3-7.0,N Fixation,Tundra,2004,0.7263317893235232,0.7263317893235232
Tg_yr,mean,SSP3-7.0,N Fixation,Tundra,2005,0.9969824095763772,0.9969824095763772
Tg_yr,mean,SSP3-7.0,N Fixation,Tundra,2006,0.8508068365318707,0.8508068365318707
Tg_yr,mean,SSP3-7.0,N Fixation,Tundra,2007,1.2445846146615183,1.2445846146615183
Tg_yr,mean,SSP3-7.0,N Fixation,Tundra,2008,0.9066258349151511,0.9066258349151511
Tg_yr,mean,SSP3-7.0,N Fixation,Tundra,2009,1.2963713383993893,1.2963713383993893
Tg_yr,mean,SSP3-7.0,N Fixation,Tundra,2010,1.3711657861977578,1.3711657861977578
Tg_yr,mean,SSP3-7.0,N Fixation,Tundra,2011,0.992424391331423,0.992424391331423
Tg_yr,mean,SSP3-7.0,N Fixation,Tundra,2012,0.6831908478384653,0.6831908478384653
Tg_yr,mean,SSP3-7.0,N Fixation,Tundra,2013,1.134286008250846,1.134286008250846
Tg_yr,mean,SSP3-7.0,N Fixation,Tundra,2014,1.3886034134920509,1.3886034134920509
Tg_yr,mean,SSP3-7.0,N Fixation,Tundra,2015,0.9021447147647613,0.9021447147647613
Tg_yr,mean,SSP3-7.0,N Fixation,Tundra,2016,0.5341157821822741,0.5341157821822741
Tg_yr,mean,SSP3-7.0,N Fixation,Tundra,2017,0.6953904007786089,0.6953904007786089
Tg_yr,mean,SSP3-7.0,N Fixation,Tundra,2018,0.8890338170424,0.8890338170424
Tg_yr,mean,SSP3-7.0,N Fixation,Tundra,2019,1.0934595206946407,1.0934595206946407
Tg_yr,mean,SSP3-7.0,N Fixation,Tundra,2020,0.7065197243469146,0.7065197243469146
Tg_yr,mean,SSP3-7.0,N Fixation,Tundra,2080,1.9779468952084556,1.9779468952084556
Tg_yr,mean,SSP3-7.0,N Fixation,Tundra,2081,2.0344993141861414,2.0344993141861414
Tg_yr,mean,SSP3-7.0,N Fixation,Tundra,2082,2.353932467532181,2.353932467532181
Tg_yr,mean,SSP3-7.0,N Fixation,Tundra,2083,1.8684091853166334,1.8684091853166334
Tg_yr,mean,SSP3-7.0,N Fixation,Tundra,2084,1.7528123872350418,1.7528123872350418
Tg_yr,mean,SSP3-7.0,N Fixation,Tundra,2085,1.9001982874264778,1.9001982874264778
Tg_yr,mean,SSP3-7.0,N Fixation,Tundra,2086,2.093036736604057,2.093036736604057
Tg_yr,mean,SSP3-7.0,N Fixation,Tundra,2087,2.192633043293205,2.192633043293205
Tg_yr,mean,SSP3-7.0,N Fixation,Tundra,2088,3.039184628310548,3.039184628310548
Tg_yr,mean,SSP3-7.0,N Fixation,Tundra,2089,2.5706074910472854,2.5706074910472854
Tg_yr,mean,SSP3-7.0,N Fixation,Tundra,2090,2.1616430998728178,2.1616430998728178
Tg_yr,mean,SSP3-7.0,N Fixation,Tundra,2091,2.3484124782340428,2.3484124782340428
Tg_yr,mean,SSP3-7.0,N Fixation,Tundra,2092,2.6974443054354396,2.6974443054354396
Tg_yr,mean,SSP3-7.0,N Fixation,Tundra,2093,3.250698227703128,3.250698227703128
Tg_yr,mean,SSP3-7.0,N Fixation,Tundra,2094,2.8535120945142385,2.8535120945142385
Tg_yr,mean,SSP3-7.0,N Fixation,Tundra,2095,2.6698253779784378,2.6698253779784378
Tg_yr,mean,SSP3-7.0,N Fixation,Tundra,2096,2.87892933658951,2.87892933658951
Tg_yr,mean,SSP3-7.0,N Fixation,Tundra,2097,2.8321641261796153,2.8321641261796153
Tg_yr,mean,SSP3-7.0,N Fixation,Tundra,2098,3.140138401008837,3.140138401008837
Tg_yr,mean,SSP3-7.0,N Fixation,Tundra,2099,3.046939577389376,3.046939577389376
Tg_yr,mean,SSP3-7.0,N Fixation,Wetlands,2000,0.03817035205842453,0.03817035205842453
Tg_yr,mean,SSP3-7.0,N Fixation,Wetlands,2001,0.05324496753425792,0.05324496753425792
Tg_yr,mean,SSP3-7.0,N Fixation,Wetlands,2002,0.058718036613482814,0.058718036613482814
Tg_yr,mean,SSP3-7.0,N Fixation,Wetlands,2003,0.04675385523846607,0.04675385523846607
Tg_yr,mean,SSP3-7.0,N Fixation,Wetlands,2004,0.03095553606501653,0.03095553606501653
Tg_yr,mean,SSP3-7.0,N Fixation,Wetlands,2005,0.060240213048163405,0.060240213048163405
Tg_yr,mean,SSP3-7.0,N Fixation,Wetlands,2006,0.05019515679326573,0.05019515679326573
Tg_yr,mean,SSP3-7.0,N Fixation,Wetlands,2007,0.043144239179945636,0.043144239179945636
Tg_yr,mean,SSP3-7.0,N Fixation,Wetlands,2008,0.053514149151021644,0.053514149151021644
Tg_yr,mean,SSP3-7.0,N Fixation,Wetlands,2009,0.11391464882114638,0.11391464882114638
Tg_yr,mean,SSP3-7.0,N Fixation,Wetlands,2010,0.08846029821211585,0.08846029821211585
Tg_yr,mean,SSP3-7.0,N Fixation,Wetlands,2011,0.07368496406177978,0.07368496406177978
Tg_yr,mean,SSP3-7.0,N Fixation,Wetlands,2012,0.06244174295890284,0.06244174295890284
Tg_yr,mean,SSP3-7.0,N Fixation,Wetlands,2013,0.1288009469116056,0.1288009469116056
Tg_yr,mean,SSP3-7.0,N Fixation,Wetlands,2014,0.053336372299293715,0.053336372299293715
Tg_yr,mean,SSP3-7.0,N Fixation,Wetlands,2015,0.08486092374740745,0.08486092374740745
Tg_yr,mean,SSP3-7.0,N Fixation,Wetlands,2016,0.038990124939417684,0.038990124939417684
Tg_yr,mean,SSP3-7.0,N Fixation,Wetlands,2017,0.0344049454619191,0.0344049454619191
Tg_yr,mean,SSP3-7.0,N Fixation,Wetlands,2018,0.036823202020441724,0.036823202020441724
Tg_yr,mean,SSP3-7.0,N Fixation,Wetlands,2019,0.05387340211784904,0.05387340211784904
Tg_yr,mean,SSP3-7.0,N Fixation,Wetlands,2020,0.06173678089371103,0.06173678089371103
Tg_yr,mean,SSP3-7.0,N Fixation,Wetlands,2080,0.11514539156454921,0.11514539156454921
Tg_yr,mean,SSP3-7.0,N Fixation,Wetlands,2081,0.15098216718054175,0.15098216718054175
Tg_yr,mean,SSP3-7.0,N Fixation,Wetlands,2082,0.1544504797398759,0.1544504797398759
Tg_yr,mean,SSP3-7.0,N Fixation,Wetlands,2083,0.1688561332091208,0.1688561332091208
Tg_yr,mean,SSP3-7.0,N Fixation,Wetlands,2084,0.2352091935336477,0.2352091935336477
Tg_yr,mean,SSP3-7.0,N Fixation,Wetlands,2085,0.21673587749915546,0.21673587749915546
Tg_yr,mean,SSP3-7.0,N Fixation,Wetlands,2086,0.24209887108182981,0.24209887108182981
Tg_yr,mean,SSP3-7.0,N Fixation,Wetlands,2087,0.2605217426457181,0.2605217426457181
Tg_yr,mean,SSP3-7.0,N Fixation,Wetlands,2088,0.29487265754388037,0.29487265754388037
Tg_yr,mean,SSP3-7.0,N Fixation,Wetlands,2089,0.26542300308028977,0.26542300308028977
Tg_yr,mean,SSP3-7.0,N Fixation,Wetlands,2090,0.22550498479071204,0.22550498479071204
Tg_yr,mean,SSP3-7.0,N Fixation,Wetlands,2091,0.32103979047459985,0.32103979047459985
Tg_yr,mean,SSP3-7.0,N Fixation,Wetlands,2092,0.20875131749128797,0.20875131749128797
Tg_yr,mean,SSP3-7.0,N Fixation,Wetlands,2093,0.26994594754330364,0.26994594754330364
Tg_yr,mean,SSP3-7.0,N Fixation,Wetlands,2094,0.26643431549361063,0.26643431549361063
Tg_yr,mean,SSP3-7.0,N Fixation,Wetlands,2095,0.2464301823768331,0.2464301823768331
Tg_yr,mean,SSP3-7.0,N Fixation,Wetlands,2096,0.3108301470493296,0.3108301470493296
Tg_yr,mean,SSP3-7.0,N Fixation,Wetlands,2097,0.3012052690913609,0.3012052690913609
Tg_yr,mean,SSP3-7.0,N Fixation,Wetlands,2098,0.26620791096603874,0.26620791096603874
Tg_yr,mean,SSP3-7.0,N Fixation,Wetlands,2099,0.36718724302027583,0.36718724302027583
Tg_yr,mean,SSP3-7.0,N Fixation,Barren,2000,0.03567396832127858,0.03567396832127858
Tg_yr,mean,SSP3-7.0,N Fixation,Barren,2001,0.04336540615699949,0.04336540615699949
Tg_yr,mean,SSP3-7.0,N Fixation,Barren,2002,0.027824461910201458,0.027824461910201458
Tg_yr,mean,SSP3-7.0,N Fixation,Barren,2003,0.033057204124160904,0.033057204124160904
Tg_yr,mean,SSP3-7.0,N Fixation,Barren,2004,0.03069353519229741,0.03069353519229741
Tg_yr,mean,SSP3-7.0,N Fixation,Barren,2005,0.04232019479276799,0.04232019479276799
Tg_yr,mean,SSP3-7.0,N Fixation,Barren,2006,0.02972148460342395,0.02972148460342395
Tg_yr,mean,SSP3-7.0,N Fixation,Barren,2007,0.04075036247022177,0.04075036247022177
Tg_yr,mean,SSP3-7.0,N Fixation,Barren,2008,0.03207093636102018,0.03207093636102018
Tg_yr,mean,SSP3-7.0,N Fixation,Barren,2009,0.03821987689578022,0.03821987689578022
Tg_yr,mean,SSP3-7.0,N Fixation,Barren,2010,0.04214981802642545,0.04214981802642545
Tg_yr,mean,SSP3-7.0,N Fixation,Barren,2011,0.0366869634619342,0.0366869634619342
Tg_yr,mean,SSP3-7.0,N Fixation,Barren,2012,0.022033147113756372,0.022033147113756372
Tg_yr,mean,SSP3-7.0,N Fixation,Barren,2013,0.03712578110207539,0.03712578110207539
Tg_yr,mean,SSP3-7.0,N Fixation,Barren,2014,0.05322734216915412,0.05322734216915412
Tg_yr,mean,SSP3-7.0,N Fixation,Barren,2015,0.03294733640018135,0.03294733640018135
Tg_yr,mean,SSP3-7.0,N Fixation,Barren,2016,0.027097364423709698,0.027097364423709698
Tg_yr,mean,SSP3-7.0,N Fixation,Barren,2017,0.029316165728742415,0.029316165728742415
Tg_yr,mean,SSP3-7.0,N Fixation,Barren,2018,0.03795440544564407,0.03795440544564407
Tg_yr,mean,SSP3-7.0,N Fixation,Barren,2019,0.05008994013289299,0.05008994013289299
Tg_yr,mean,SSP3-7.0,N Fixation,Barren,2020,0.032799408535495386,0.032799408535495386
Tg_yr,mean,SSP3-7.0,N Fixation,Barren,2080,0.086712019669827,0.086712019669827
Tg_yr,mean,SSP3-7.0,N Fixation,Barren,2081,0.07551951367345527,0.07551951367345527
Tg_yr,mean,SSP3-7.0,N Fixation,Barren,2082,0.07728767468651304,0.07728767468651304
Tg_yr,mean,SSP3-7.0,N Fixation,Barren,2083,0.07737305729626452,0.07737305729626452
Tg_yr,mean,SSP3-7.0,N Fixation,Barren,2084,0.07397571950168201,0.07397571950168201
Tg_yr,mean,SSP3-7.0,N Fixation,Barren,2085,0.07389289537527545,0.07389289537527545
Tg_yr,mean,SSP3-7.0,N Fixation,Barren,2086,0.09038742022366106,0.09038742022366106
Tg_yr,mean,SSP3-7.0,N Fixation,Barren,2087,0.09180734413936915,0.09180734413936915
Tg_yr,mean,SSP3-7.0,N Fixation,Barren,2088,0.12826812079689437,0.12826812079689437
Tg_yr,mean,SSP3-7.0,N Fixation,Barren,2089,0.11455915062424099,0.11455915062424099
Tg_yr,mean,SSP3-7.0,N Fixation,Barren,2090,0.09162585550404291,0.09162585550404291
Tg_yr,mean,SSP3-7.0,N Fixation,Barren,2091,0.08756882811424177,0.08756882811424177
Tg_yr,mean,SSP3-7.0,N Fixation,Barren,2092,0.09901642895605164,0.09901642895605164
Tg_yr,mean,SSP3-7.0,N Fixation,Barren,2093,0.11288719612387062,0.11288719612387062
Tg_yr,mean,SSP3-7.0,N Fixation,Barren,2094,0.11961854978217369,0.11961854978217369
Tg_yr,mean,SSP3-7.0,N Fixation,Barren,2095,0.11418228399173373,0.11418228399173373
Tg_yr,mean,SSP3-7.0,N Fixation,Barren,2096,0.10889520049203426,0.10889520049203426
Tg_yr,mean,SSP3-7.0,N Fixation,Barren,2097,0.10321415139677415,0.10321415139677415
Tg_yr,mean,SSP3-7.0,N Fixation,Barren,2098,0.1157130988618234,0.1157130988618234
Tg_yr,mean,SSP3-7.0,N Fixation,Barren,2099,0.11014459126676504,0.11014459126676504
Tg_yr,mean,SSP3-7.0,N Fixation,Pan-Arctic,2000,2.305150518490472,2.305150518490472
Tg_yr,mean,SSP3-7.0,N Fixation,Pan-Arctic,2001,2.3614498071199694,2.3614498071199694
Tg_yr,mean,SSP3-7.0,N Fixation,Pan-Arctic,2002,1.7452920265288823,1.7452920265288823
Tg_yr,mean,SSP3-7.0,N Fixation,Pan-Arctic,2003,2.4152562471848418,2.4152562471848418
Tg_yr,mean,SSP3-7.0,N Fixation,Pan-Arctic,2004,1.898574278369065,1.898574278369065
Tg_yr,mean,SSP3-7.0,N Fixation,Pan-Arctic,2005,2.5786573167708253,2.5786573167708253
Tg_yr,mean,SSP3-7.0,N Fixation,Pan-Arctic,2006,2.2523668112949413,2.2523668112949413
Tg_yr,mean,SSP3-7.0,N Fixation,Pan-Arctic,2007,2.820149601101373,2.820149601101373
Tg_yr,mean,SSP3-7.0,N Fixation,Pan-Arctic,2008,2.350786112305945,2.350786112305945
Tg_yr,mean,SSP3-7.0,N Fixation,Pan-Arctic,2009,3.25070153010545,3.25070153010545
Tg_yr,mean,SSP3-7.0,N Fixation,Pan-Arctic,2010,3.2727116875782105,3.2727116875782105
Tg_yr,mean,SSP3-7.0,N Fixation,Pan-Arctic,2011,2.7181528781523148,2.7181528781523148
Tg_yr,mean,SSP3-7.0,N Fixation,Pan-Arctic,2012,1.9126188914250584,1.9126188914250584
Tg_yr,mean,SSP3-7.0,N Fixation,Pan-Arctic,2013,3.2322410018759977,3.2322410018759977
Tg_yr,mean,SSP3-7.0,N Fixation,Pan-Arctic,2014,3.1557049410604567,3.1557049410604567
Tg_yr,mean,SSP3-7.0,N Fixation,Pan-Arctic,2015,2.4336694115842437,2.4336694115842437
Tg_yr,mean,SSP3-7.0,N Fixation,Pan-Arctic,2016,1.5558038824939626,1.5558038824939626
Tg_yr,mean,SSP3-7.0,N Fixation,Pan-Arctic,2017,1.8530727802798432,1.8530727802798432
Tg_yr,mean,SSP3-7.0,N Fixation,Pan-Arctic,2018,2.250185012233614,2.250185012233614
Tg_yr,mean,SSP3-7.0,N Fixation,Pan-Arctic,2019,2.8075099327372612,2.8075099327372612
Tg_yr,mean,SSP3-7.0,N Fixation,Pan-Arctic,2020,2.059788117246546,2.059788117246546
Tg_yr,mean,SSP3-7.0,N Fixation,Pan-Arctic,2080,5.2159278561742415,5.2159278561742415
Tg_yr,mean,SSP3-7.0,N Fixation,Pan-Arctic,2081,5.203356385649326,5.203356385649326
Tg_yr,mean,SSP3-7.0,N Fixation,Pan-Arctic,2082,5.943432589193216,5.943432589193216
Tg_yr,mean,SSP3-7.0,N Fixation,Pan-Arctic,2083,5.062097725976603,5.062097725976603
Tg_yr,mean,SSP3-7.0,N Fixation,Pan-Arctic,2084,4.985834187490188,4.985834187490188
Tg_yr,mean,SSP3-7.0,N Fixation,Pan-Arctic,2085,5.24122122776225,5.24122122776225
Tg_yr,mean,SSP3-7.0,N Fixation,Pan-Arctic,2086,5.783094671137954,5.783094671137954
Tg_yr,mean,SSP3-7.0,N Fixation,Pan-Arctic,2087,6.086715577116005,6.086715577116005
Tg_yr,mean,SSP3-7.0,N Fixation,Pan-Arctic,2088,8.036775285755583,8.036775285755583
Tg_yr,mean,SSP3-7.0,N Fixation,Pan-Arctic,2089,6.890517247336024,6.890517247336024
Tg_yr,mean,SSP3-7.0,N Fixation,Pan-Arctic,2090,5.765089751931589,5.765089751931589
Tg_yr,mean,SSP3-7.0,N Fixation,Pan-Arctic,2091,6.47296867749808,6.47296867749808
Tg_yr,mean,SSP3-7.0,N Fixation,Pan-Arctic,2092,6.514332674145439,6.514332674145439
Tg_yr,mean,SSP3-7.0,N Fixation,Pan-Arctic,2093,7.550982349159855,7.550982349159855
Tg_yr,mean,SSP3-7.0,N Fixation,Pan-Arctic,2094,7.202662400595863,7.202662400595863
Tg_yr,mean,SSP3-7.0,N Fixation,Pan-Arctic,2095,6.724412199089284,6.724412199089284
Tg_yr,mean,SSP3-7.0,N Fixation,Pan-Arctic,2096,7.8490843508269785,7.8490843508269785
Tg_yr,mean,SSP3-7.0,N Fixation,Pan-Arctic,2097,7.367563920939484,7.367563920939484
Tg_yr,mean,SSP3-7.0,N Fixation,Pan-Arctic,2098,7.747221454638273,7.747221454638273
Tg_yr,mean,SSP3-7.0,N Fixation,Pan-Arctic,2099,8.236871111968503,8.236871111968503
Tg_yr,mean,SSP5-8.5,N Deposition,Taiga,2000,0.9157947575965287,0.9157947575965287
Tg_yr,mean,SSP5-8.5,N Deposition,Taiga,2001,0.8767605348135828,0.8767605348135828
Tg_yr,mean,SSP5-8.5,N Deposition,Taiga,2002,0.9522358705670971,0.9522358705670971
Tg_yr,mean,SSP5-8.5,N Deposition,Taiga,2003,0.9071303483368606,0.9071303483368606
Tg_yr,mean,SSP5-8.5,N Deposition,Taiga,2004,0.8999975384589193,0.8999975384589193
Tg_yr,mean,SSP5-8.5,N Deposition,Taiga,2005,0.9438867832212522,0.9438867832212522
Tg_yr,mean,SSP5-8.5,N Deposition,Taiga,2006,0.9150403852674694,0.9150403852674694
Tg_yr,mean,SSP5-8.5,N Deposition,Taiga,2007,0.9000642373214167,0.9000642373214167
Tg_yr,mean,SSP5-8.5,N Deposition,Taiga,2008,0.966717298320871,0.966717298320871
Tg_yr,mean,SSP5-8.5,N Deposition,Taiga,2009,0.9483566774394998,0.9483566774394998
Tg_yr,mean,SSP5-8.5,N Deposition,Taiga,2010,0.9522049280762187,0.9522049280762187
Tg_yr,mean,SSP5-8.5,N Deposition,Taiga,2011,0.9045900589114079,0.9045900589114079
Tg_yr,mean,SSP5-8.5,N Deposition,Taiga,2012,0.9595213002251194,0.9595213002251194
Tg_yr,mean,SSP5-8.5,N Deposition,Taiga,2013,0.9336281579457789,0.9336281579457789
Tg_yr,mean,SSP5-8.5,N Deposition,Taiga,2014,0.9175353779510415,0.9175353779510415
Tg_yr,mean,SSP5-8.5,N Deposition,Taiga,2015,0.8395329594310388,0.8395329594310388
Tg_yr,mean,SSP5-8.5,N Deposition,Taiga,2016,0.8452131626423522,0.8452131626423522
Tg_yr,mean,SSP5-8.5,N Deposition,Taiga,2017,0.8600540815597765,0.8600540815597765
Tg_yr,mean,SSP5-8.5,N Deposition,Taiga,2018,0.8780146215802469,0.8780146215802469
Tg_yr,mean,SSP5-8.5,N Deposition,Taiga,2019,0.8351832031727991,0.8351832031727991
Tg_yr,mean,SSP5-8.5,N Deposition,Taiga,2020,0.845319170753871,0.845319170753871
Tg_yr,mean,SSP5-8.5,N Deposition,Taiga,2080,0.8096582804511679,0.8096582804511679
Tg_yr,mean,SSP5-8.5,N Deposition,Taiga,2081,0.8092283402672243,0.8092283402672243
Tg_yr,mean,SSP5-8.5,N Deposition,Taiga,2082,0.855555916844083,0.855555916844083
Tg_yr,mean,SSP5-8.5,N Deposition,Taiga,2083,0.8001728237997284,0.8001728237997284
Tg_yr,mean,SSP5-8.5,N Deposition,Taiga,2084,0.83166997463917125,0.83166997463917125
Tg_yr,mean,SSP5-8.5,N Deposition,Taiga,2085,0.8239359483356009,0.8239359483356009
Tg_yr,mean,SSP5-8.5,N Deposition,Taiga,2086,0.793277612570516,0.793277612570516
Tg_yr,mean,SSP5-8.5,N Deposition,Taiga,2087,0.8144071357069957,0.8144071357069957
Tg_yr,mean,SSP5-8.5,N Deposition,Taiga,2088,0.812438276010124,0.812438276010124
Tg_yr,mean,SSP5-8.5,N Deposition,Taiga,2089,0.8303128203443628,0.8303128203443628
Tg_yr,mean,SSP5-8.5,N Deposition,Taiga,2090,0.846417141396156,0.846417141396156
Tg_yr,mean,SSP5-8.5,N Deposition,Taiga,2091,0.8017839153837845,0.8017839153837845
Tg_yr,mean,SSP5-8.5,N Deposition,Taiga,2092,0.8690387081014577,0.8690387081014577
Tg_yr,mean,SSP5-8.5,N Deposition,Taiga,2093,0.8068252827947451,0.8068252827947451
Tg_yr,mean,SSP5-8.5,N Deposition,Taiga,2094,0.7963095461407425,0.7963095461407425
Tg_yr,mean,SSP5-8.5,N Deposition,Taiga,2095,0.7983203166552828,0.7983203166552828
Tg_yr,mean,SSP5-8.5,N Deposition,Taiga,2096,0.7571508629332779,0.7571508629332779
Tg_yr,mean,SSP5-8.5,N Deposition,Taiga,2097,0.8199809072596657,0.8199809072596657
Tg_yr,mean,SSP5-8.5,N Deposition,Taiga,2098,0.7967946034393321,0.7967946034393321
Tg_yr,mean,SSP5-8.5,N Deposition,Taiga,2099,0.7615681439565916,0.7615681439565916
Tg_yr,mean,SSP5-8.5,N Deposition,Tundra,2000,0.6401049668719331,0.6401049668719331
Tg_yr,mean,SSP5-8.5,N Deposition,Tundra,2001,0.5988099668641698,0.5988099668641698
Tg_yr,mean,SSP5-8.5,N Deposition,Tundra,2002,0.617995709456435,0.617995709456435
Tg_yr,mean,SSP5-8.5,N Deposition,Tundra,2003,0.5645464031325695,0.5645464031325695
Tg_yr,mean,SSP5-8.5,N Deposition,Tundra,2004,0.5913930293113715,0.5913930293113715
Tg_yr,mean,SSP5-8.5,N Deposition,Tundra,2005,0.5824810919850864,0.5824810919850864
Tg_yr,mean,SSP5-8.5,N Deposition,Tundra,2006,0.586468282592707,0.586468282592707
Tg_yr,mean,SSP5-8.5,N Deposition,Tundra,2007,0.6294452768255785,0.6294452768255785
Tg_yr,mean,SSP5-8.5,N Deposition,Tundra,2008,0.6628064340300072,0.6628064340300072
Tg_yr,mean,SSP5-8.5,N Deposition,Tundra,2009,0.6449425408866877,0.6449425408866877
Tg_yr,mean,SSP5-8.5,N Deposition,Tundra,2010,0.6640953069818787,0.6640953069818787
Tg_yr,mean,SSP5-8.5,N Deposition,Tundra,2011,0.6141859674274913,0.6141859674274913
Tg_yr,mean,SSP5-8.5,N Deposition,Tundra,2012,0.6426674843505288,0.6426674843505288
Tg_yr,mean,SSP5-8.5,N Deposition,Tundra,2013,0.6626602611359201,0.6626602611359201
Tg_yr,mean,SSP5-8.5,N Deposition,Tundra,2014,0.641955612814469,0.641955612814469
Tg_yr,mean,SSP5-8.5,N Deposition,Tundra,2015,0.5532927861630011,0.5532927861630011
Tg_yr,mean,SSP5-8.5,N Deposition,Tundra,2016,0.5966211164813089,0.5966211164813089
Tg_yr,mean,SSP5-8.5,N Deposition,Tundra,2017,0.6084853347008409,0.6084853347008409
Tg_yr,mean,SSP5-8.5,N Deposition,Tundra,2018,0.6183777985001655,0.6183777985001655
Tg_yr,mean,SSP5-8.5,N Deposition,Tundra,2019,0.5582689159163061,0.5582689159163061
Tg_yr,mean,SSP5-8.5,N Deposition,Tundra,2020,0.5645849657580494,0.5645849657580494
Tg_yr,mean,SSP5-8.5,N Deposition,Tundra,2080,0.6334925115639141,0.6334925115639141
Tg_yr,mean,SSP5-8.5,N Deposition,Tundra,2081,0.5916172356145425,0.5916172356145425
Tg_yr,mean,SSP5-8.5,N Deposition,Tundra,2082,0.6076255176123273,0.6076255176123273
Tg_yr,mean,SSP5-8.5,N Deposition,Tundra,2083,0.5891840654553865,0.5891840654553865
Tg_yr,mean,SSP5-8.5,N Deposition,Tundra,2084,0.6039071415089529,0.6039071415089529
Tg_yr,mean,SSP5-8.5,N Deposition,Tundra,2085,0.6268068667311754,0.6268068667311754
Tg_yr,mean,SSP5-8.5,N Deposition,Tundra,2086,0.5983068272228813,0.5983068272228813
Tg_yr,mean,SSP5-8.5,N Deposition,Tundra,2087,0.5702087926097914,0.5702087926097914
Tg_yr,mean,SSP5-8.5,N Deposition,Tundra,2088,0.5792330894872901,0.5792330894872901
Tg_yr,mean,SSP5-8.5,N Deposition,Tundra,2089,0.5865633555456466,0.5865633555456466
Tg_yr,mean,SSP5-8.5,N Deposition,Tundra,2090,0.6188565371325507,0.6188565371325507
Tg_yr,mean,SSP5-8.5,N Deposition,Tundra,2091,0.5786687754473684,0.5786687754473684
Tg_yr,mean,SSP5-8.5,N Deposition,Tundra,2092,0.6338585998823475,0.6338585998823475
Tg_yr,mean,SSP5-8.5,N Deposition,Tundra,2093,0.5417097922596364,0.5417097922596364
Tg_yr,mean,SSP5-8.5,N Deposition,Tundra,2094,0.573345741389943,0.573345741389943
Tg_yr,mean,SSP5-8.5,N Deposition,Tundra,2095,0.563947059746986,0.563947059746986
Tg_yr,mean,SSP5-8.5,N Deposition,Tundra,2096,0.5576590380898112,0.5576590380898112
Tg_yr,mean,SSP5-8.5,N Deposition,Tundra,2097,0.5856730395071325,0.5856730395071325
Tg_yr,mean,SSP5-8.5,N Deposition,Tundra,2098,0.5699941750155543,0.5699941750155543
Tg_yr,mean,SSP5-8.5,N Deposition,Tundra,2099,0.5431414124391077,0.5431414124391077
Tg_yr,mean,SSP5-8.5,N Deposition,Wetlands,2000,0.05057704683550434,0.05057704683550434
Tg_yr,mean,SSP5-8.5,N Deposition,Wetlands,2001,0.047902922425934434,0.047902922425934434
Tg_yr,mean,SSP5-8.5,N Deposition,Wetlands,2002,0.051497437116229165,0.051497437116229165
Tg_yr,mean,SSP5-8.5,N Deposition,Wetlands,2003,0.045960755399958926,0.045960755399958926
Tg_yr,mean,SSP5-8.5,N Deposition,Wetlands,2004,0.05080006914035172,0.05080006914035172
Tg_yr,mean,SSP5-8.5,N Deposition,Wetlands,2005,0.04512500613809615,0.04512500613809615
Tg_yr,mean,SSP5-8.5,N Deposition,Wetlands,2006,0.052615990239962544,0.052615990239962544
Tg_yr,mean,SSP5-8.5,N Deposition,Wetlands,2007,0.050717127072501755,0.050717127072501755
Tg_yr,mean,SSP5-8.5,N Deposition,Wetlands,2008,0.053342766554574185,0.053342766554574185
Tg_yr,mean,SSP5-8.5,N Deposition,Wetlands,2009,0.05095540386518985,0.05095540386518985
Tg_yr,mean,SSP5-8.5,N Deposition,Wetlands,2010,0.05213581972664299,0.05213581972664299
Tg_yr,mean,SSP5-8.5,N Deposition,Wetlands,2011,0.048292716720768736,0.048292716720768736
Tg_yr,mean,SSP5-8.5,N Deposition,Wetlands,2012,0.0478026548818595,0.0478026548818595
Tg_yr,mean,SSP5-8.5,N Deposition,Wetlands,2013,0.050652879363711815,0.050652879363711815
Tg_yr,mean,SSP5-8.5,N Deposition,Wetlands,2014,0.049291464700461134,0.049291464700461134
Tg_yr,mean,SSP5-8.5,N Deposition,Wetlands,2015,0.04688824513424321,0.04688824513424321
Tg_yr,mean,SSP5-8.5,N Deposition,Wetlands,2016,0.04689120834401055,0.04689120834401055
Tg_yr,mean,SSP5-8.5,N Deposition,Wetlands,2017,0.04695211441555019,0.04695211441555019
Tg_yr,mean,SSP5-8.5,N Deposition,Wetlands,2018,0.04872045680494241,0.04872045680494241
Tg_yr,mean,SSP5-8.5,N Deposition,Wetlands,2019,0.047223447614535695,0.047223447614535695
Tg_yr,mean,SSP5-8.5,N Deposition,Wetlands,2020,0.045599033821619235,0.045599033821619235
Tg_yr,mean,SSP5-8.5,N Deposition,Wetlands,2080,0.046435169709112135,0.046435169709112135
Tg_yr,mean,SSP5-8.5,N Deposition,Wetlands,2081,0.04259040092057525,0.04259040092057525
Tg_yr,mean,SSP5-8.5,N Deposition,Wetlands,2082,0.040370418925705386,0.040370418925705386
Tg_yr,mean,SSP5-8.5,N Deposition,Wetlands,2083,0.04343970121235879,0.04343970121235879
Tg_yr,mean,SSP5-8.5,N Deposition,Wetlands,2084,0.04094789980437195,0.04094789980437195
Tg_yr,mean,SSP5-8.5,N Deposition,Wetlands,2085,0.04439314036049066,0.04439314036049066
Tg_yr,mean,SSP5-8.5,N Deposition,Wetlands,2086,0.041466956667782315,0.041466956667782315
Tg_yr,mean,SSP5-8.5,N Deposition,Wetlands,2087,0.042033351715751274,0.042033351715751274
Tg_yr,mean,SSP5-8.5,N Deposition,Wetlands,2088,0.046788185929318486,0.046788185929318486
Tg_yr,mean,SSP5-8.5,N Deposition,Wetlands,2089,0.04271791253846203,0.04271791253846203
Tg_yr,mean,SSP5-8.5,N Deposition,Wetlands,2090,0.046094129852603215,0.046094129852603215
Tg_yr,mean,SSP5-8.5,N Deposition,Wetlands,2091,0.035219648508499214,0.035219648508499214
Tg_yr,mean,SSP5-8.5,N Deposition,Wetlands,2092,0.054763668785942576,0.054763668785942576
Tg_yr,mean,SSP5-8.5,N Deposition,Wetlands,2093,0.04216582887429686,0.04216582887429686
Tg_yr,mean,SSP5-8.5,N Deposition,Wetlands,2094,0.043659628348162165,0.043659628348162165
Tg_yr,mean,SSP5-8.5,N Deposition,Wetlands,2095,0.03898862045396663,0.03898862045396663
Tg_yr,mean,SSP5-8.5,N Deposition,Wetlands,2096,0.03676193222536354,0.03676193222536354
Tg_yr,mean,SSP5-8.5,N Deposition,Wetlands,2097,0.04436841641909012,0.04436841641909012
Tg_yr,mean,SSP5-8.5,N Deposition,Wetlands,2098,0.04204792324407005,0.04204792324407005
Tg_yr,mean,SSP5-8.5,N Deposition,Wetlands,2099,0.045124319083085056,0.045124319083085056
Tg_yr,mean,SSP5-8.5,N Deposition,Barren,2000,0.032440339306973716,0.032440339306973716
Tg_yr,mean,SSP5-8.5,N Deposition,Barren,2001,0.031175273675182396,0.031175273675182396
Tg_yr,mean,SSP5-8.5,N Deposition,Barren,2002,0.03168654660437997,0.03168654660437997
Tg_yr,mean,SSP5-8.5,N Deposition,Barren,2003,0.029998286327919087,0.029998286327919087
Tg_yr,mean,SSP5-8.5,N Deposition,Barren,2004,0.030851869841999675,0.030851869841999675
Tg_yr,mean,SSP5-8.5,N Deposition,Barren,2005,0.030767701999971146,0.030767701999971146
Tg_yr,mean,SSP5-8.5,N Deposition,Barren,2006,0.03028180823930617,0.03028180823930617
Tg_yr,mean,SSP5-8.5,N Deposition,Barren,2007,0.03355107456333307,0.03355107456333307
Tg_yr,mean,SSP5-8.5,N Deposition,Barren,2008,0.031248307354718327,0.031248307354718327
Tg_yr,mean,SSP5-8.5,N Deposition,Barren,2009,0.03267982777797787,0.03267982777797787
Tg_yr,mean,SSP5-8.5,N Deposition,Barren,2010,0.03215779976489163,0.03215779976489163
Tg_yr,mean,SSP5-8.5,N Deposition,Barren,2011,0.03279948456967355,0.03279948456967355
Tg_yr,mean,SSP5-8.5,N Deposition,Barren,2012,0.032994993640211905,0.032994993640211905
Tg_yr,mean,SSP5-8.5,N Deposition,Barren,2013,0.033295138415223996,0.033295138415223996
Tg_yr,mean,SSP5-8.5,N Deposition,Barren,2014,0.03212000655322099,0.03212000655322099
Tg_yr,mean,SSP5-8.5,N Deposition,Barren,2015,0.028763043823675328,0.028763043823675328
Tg_yr,mean,SSP5-8.5,N Deposition,Barren,2016,0.02929572261000083,0.02929572261000083
Tg_yr,mean,SSP5-8.5,N Deposition,Barren,2017,0.02995199976875048,0.02995199976875048
Tg_yr,mean,SSP5-8.5,N Deposition,Barren,2018,0.029881555735969335,0.029881555735969335
Tg_yr,mean,SSP5-8.5,N Deposition,Barren,2019,0.028495739322272375,0.028495739322272375
Tg_yr,mean,SSP5-8.5,N Deposition,Barren,2020,0.028590451361563934,0.028590451361563934
Tg_yr,mean,SSP5-8.5,N Deposition,Barren,2080,0.03459362745458871,0.03459362745458871
Tg_yr,mean,SSP5-8.5,N Deposition,Barren,2081,0.03316693216473495,0.03316693216473495
Tg_yr,mean,SSP5-8.5,N Deposition,Barren,2082,0.033864911175322226,0.033864911175322226
Tg_yr,mean,SSP5-8.5,N Deposition,Barren,2083,0.03267954296521002,0.03267954296521002
Tg_yr,mean,SSP5-8.5,N Deposition,Barren,2084,0.03293903263467984,0.03293903263467984
Tg_yr,mean,SSP5-8.5,N Deposition,Barren,2085,0.03427562079806583,0.03427562079806583
Tg_yr,mean,SSP5-8.5,N Deposition,Barren,2086,0.03369566526878575,0.03369566526878575
Tg_yr,mean,SSP5-8.5,N Deposition,Barren,2087,0.031164132437544862,0.031164132437544862
Tg_yr,mean,SSP5-8.5,N Deposition,Barren,2088,0.030783455097042844,0.030783455097042844
Tg_yr,mean,SSP5-8.5,N Deposition,Barren,2089,0.03166113269055795,0.03166113269055795
Tg_yr,mean,SSP5-8.5,N Deposition,Barren,2090,0.03351201381581359,0.03351201381581359
Tg_yr,mean,SSP5-8.5,N Deposition,Barren,2091,0.03386741337074283,0.03386741337074283
Tg_yr,mean,SSP5-8.5,N Deposition,Barren,2092,0.032533793346598956,0.032533793346598956
Tg_yr,mean,SSP5-8.5,N Deposition,Barren,2093,0.030353410836409127,0.030353410836409127
Tg_yr,mean,SSP5-8.5,N Deposition,Barren,2094,0.032345256444977634,0.032345256444977634
Tg_yr,mean,SSP5-8.5,N Deposition,Barren,2095,0.03161639634677157,0.03161639634677157
Tg_yr,mean,SSP5-8.5,N Deposition,Barren,2096,0.03159361513059391,0.03159361513059391
Tg_yr,mean,SSP5-8.5,N Deposition,Barren,2097,0.03186615403823974,0.03186615403823974
Tg_yr,mean,SSP5-8.5,N Deposition,Barren,2098,0.03072646394714933,0.03072646394714933
Tg_yr,mean,SSP5-8.5,N Deposition,Barren,2099,0.03023203836353014,0.03023203836353014
Tg_yr,mean,SSP5-8.5,N Deposition,Pan-Arctic,2000,1.63891711061094,1.63891711061094
Tg_yr,mean,SSP5-8.5,N Deposition,Pan-Arctic,2001,1.5546486977788696,1.5546486977788696
Tg_yr,mean,SSP5-8.5,N Deposition,Pan-Arctic,2002,1.6534155637441414,1.6534155637441414
Tg_yr,mean,SSP5-8.5,N Deposition,Pan-Arctic,2003,1.5476357931973082,1.5476357931973082
Tg_yr,mean,SSP5-8.5,N Deposition,Pan-Arctic,2004,1.5730425067526421,1.5730425067526421
Tg_yr,mean,SSP5-8.5,N Deposition,Pan-Arctic,2005,1.6022605833444057,1.6022605833444057
Tg_yr,mean,SSP5-8.5,N Deposition,Pan-Arctic,2006,1.5844064663394453,1.5844064663394453
Tg_yr,mean,SSP5-8.5,N Deposition,Pan-Arctic,2007,1.6137777157828301,1.6137777157828301
Tg_yr,mean,SSP5-8.5,N Deposition,Pan-Arctic,2008,1.714114806260171,1.714114806260171
Tg_yr,mean,SSP5-8.5,N Deposition,Pan-Arctic,2009,1.676934449969355,1.676934449969355
Tg_yr,mean,SSP5-8.5,N Deposition,Pan-Arctic,2010,1.7005938545496322,1.7005938545496322
Tg_yr,mean,SSP5-8.5,N Deposition,Pan-Arctic,2011,1.5998682276293414,1.5998682276293414
Tg_yr,mean,SSP5-8.5,N Deposition,Pan-Arctic,2012,1.6829864330977196,1.6829864330977196
Tg_yr,mean,SSP5-8.5,N Deposition,Pan-Arctic,2013,1.680236436860635,1.680236436860635
Tg_yr,mean,SSP5-8.5,N Deposition,Pan-Arctic,2014,1.6409024620191925,1.6409024620191925
Tg_yr,mean,SSP5-8.5,N Deposition,Pan-Arctic,2015,1.4684770345519584,1.4684770345519584
Tg_yr,mean,SSP5-8.5,N Deposition,Pan-Arctic,2016,1.5180212100776727,1.5180212100776727
Tg_yr,mean,SSP5-8.5,N Deposition,Pan-Arctic,2017,1.545443530444918,1.545443530444918
Tg_yr,mean,SSP5-8.5,N Deposition,Pan-Arctic,2018,1.5749944326213243,1.5749944326213243
Tg_yr,mean,SSP5-8.5,N Deposition,Pan-Arctic,2019,1.4691713060259133,1.4691713060259133
Tg_yr,mean,SSP5-8.5,N Deposition,Pan-Arctic,2020,1.4840936216951035,1.4840936216951035
Tg_yr,mean,SSP5-8.5,N Deposition,Pan-Arctic,2080,1.524179589178783,1.524179589178783
Tg_yr,mean,SSP5-8.5,N Deposition,Pan-Arctic,2081,1.4766029089670771,1.4766029089670771
Tg_yr,mean,SSP5-8.5,N Deposition,Pan-Arctic,2082,1.537416764557438,1.537416764557438
Tg_yr,mean,SSP5-8.5,N Deposition,Pan-Arctic,2083,1.4654761334326836,1.4654761334326836
Tg_yr,mean,SSP5-8.5,N Deposition,Pan-Arctic,2084,1.509464048587176,1.509464048587176
Tg_yr,mean,SSP5-8.5,N Deposition,Pan-Arctic,2085,1.5294115762253329,1.5294115762253329
Tg_yr,mean,SSP5-8.5,N Deposition,Pan-Arctic,2086,1.4667470617299654,1.4667470617299654
Tg_yr,mean,SSP5-8.5,N Deposition,Pan-Arctic,2087,1.4578134124700832,1.4578134124700832
Tg_yr,mean,SSP5-8.5,N Deposition,Pan-Arctic,2088,1.4692430065237756,1.4692430065237756
Tg_yr,mean,SSP5-8.5,N Deposition,Pan-Arctic,2089,1.4912552211190293,1.4912552211190293
Tg_yr,mean,SSP5-8.5,N Deposition,Pan-Arctic,2090,1.5448798221971236,1.5448798221971236
Tg_yr,mean,SSP5-8.5,N Deposition,Pan-Arctic,2091,1.4495397527103948,1.4495397527103948
Tg_yr,mean,SSP5-8.5,N Deposition,Pan-Arctic,2092,1.5901947701163466,1.5901947701163466
Tg_yr,mean,SSP5-8.5,N Deposition,Pan-Arctic,2093,1.4210543147650876,1.4210543147650876
Tg_yr,mean,SSP5-8.5,N Deposition,Pan-Arctic,2094,1.4456601723238252,1.4456601723238252
Tg_yr,mean,SSP5-8.5,N Deposition,Pan-Arctic,2095,1.4328723932030072,1.4328723932030072
Tg_yr,mean,SSP5-8.5,N Deposition,Pan-Arctic,2096,1.3831654483790465,1.3831654483790465
Tg_yr,mean,SSP5-8.5,N Deposition,Pan-Arctic,2097,1.4818885172241278,1.4818885172241278
Tg_yr,mean,SSP5-8.5,N Deposition,Pan-Arctic,2098,1.4395631656461056,1.4395631656461056
Tg_yr,mean,SSP5-8.5,N Deposition,Pan-Arctic,2099,1.3800659138423144,1.3800659138423144
Tg_yr,mean,SSP5-8.5,N Fixation,Taiga,2000,1.3063464020730549,1.3063464020730549
Tg_yr,mean,SSP5-8.5,N Fixation,Taiga,2001,1.3299605512904928,1.3299605512904928
Tg_yr,mean,SSP5-8.5,N Fixation,Taiga,2002,1.0393244674407838,1.0393244674407838
Tg_yr,mean,SSP5-8.5,N Fixation,Taiga,2003,1.3145396835777523,1.3145396835777523
Tg_yr,mean,SSP5-8.5,N Fixation,Taiga,2004,1.1105934177882277,1.1105934177882277
Tg_yr,mean,SSP5-8.5,N Fixation,Taiga,2005,1.4791144993535166,1.4791144993535166
Tg_yr,mean,SSP5-8.5,N Fixation,Taiga,2006,1.3216433333663808,1.3216433333663808
Tg_yr,mean,SSP5-8.5,N Fixation,Taiga,2007,1.4916703847896873,1.4916703847896873
Tg_yr,mean,SSP5-8.5,N Fixation,Taiga,2008,1.3585751918787519,1.3585751918787519
Tg_yr,mean,SSP5-8.5,N Fixation,Taiga,2009,1.8021956659891343,1.8021956659891343
Tg_yr,mean,SSP5-8.5,N Fixation,Taiga,2010,1.7709357851419112,1.7709357851419112
Tg_yr,mean,SSP5-8.5,N Fixation,Taiga,2011,1.615356559297178,1.615356559297178
Tg_yr,mean,SSP5-8.5,N Fixation,Taiga,2012,1.144953153513934,1.144953153513934
Tg_yr,mean,SSP5-8.5,N Fixation,Taiga,2013,1.9320282656114707,1.9320282656114707
Tg_yr,mean,SSP5-8.5,N Fixation,Taiga,2014,1.6605378130999577,1.6605378130999577
Tg_yr,mean,SSP5-8.5,N Fixation,Taiga,2015,2.0671099563820197,2.0671099563820197
Tg_yr,mean,SSP5-8.5,N Fixation,Taiga,2016,2.0789195495457578,2.0789195495457578
Tg_yr,mean,SSP5-8.5,N Fixation,Taiga,2017,1.5370878269996073,1.5370878269996073
Tg_yr,mean,SSP5-8.5,N Fixation,Taiga,2018,1.3887152450101528,1.3887152450101528
Tg_yr,mean,SSP5-8.5,N Fixation,Taiga,2019,1.4782422679136826,1.4782422679136826
Tg_yr,mean,SSP5-8.5,N Fixation,Taiga,2020,1.7320243604616588,1.7320243604616588
Tg_yr,mean,SSP5-8.5,N Fixation,Taiga,2080,4.610301855214783,4.610301855214783
Tg_yr,mean,SSP5-8.5,N Fixation,Taiga,2081,4.198583265339762,4.198583265339762
Tg_yr,mean,SSP5-8.5,N Fixation,Taiga,2082,4.7317453651397665,4.7317453651397665
Tg_yr,mean,SSP5-8.5,N Fixation,Taiga,2083,4.562413051499245,4.562413051499245
Tg_yr,mean,SSP5-8.5,N Fixation,Taiga,2084,5.010721211816084,5.010721211816084
Tg_yr,mean,SSP5-8.5,N Fixation,Taiga,2085,4.502719625351858,4.502719625351858
Tg_yr,mean,SSP5-8.5,N Fixation,Taiga,2086,4.555887612915469,4.555887612915469
Tg_yr,mean,SSP5-8.5,N Fixation,Taiga,2087,5.480097594358831,5.480097594358831
Tg_yr,mean,SSP5-8.5,N Fixation,Taiga,2088,4.455895968509828,4.455895968509828
Tg_yr,mean,SSP5-8.5,N Fixation,Taiga,2089,4.85103014962147,4.85103014962147
Tg_yr,mean,SSP5-8.5,N Fixation,Taiga,2090,4.678111519147629,4.678111519147629
Tg_yr,mean,SSP5-8.5,N Fixation,Taiga,2091,4.544019800673806,4.544019800673806
Tg_yr,mean,SSP5-8.5,N Fixation,Taiga,2092,4.433237031875754,4.433237031875754
Tg_yr,mean,SSP5-8.5,N Fixation,Taiga,2093,4.297706864975816,4.297706864975816
Tg_yr,mean,SSP5-8.5,N Fixation,Taiga,2094,4.088328515410563,4.088328515410563
Tg_yr,mean,SSP5-8.5,N Fixation,Taiga,2095,5.131870442527704,5.131870442527704
Tg_yr,mean,SSP5-8.5,N Fixation,Taiga,2096,4.86829284031079,4.86829284031079
Tg_yr,mean,SSP5-8.5,N Fixation,Taiga,2097,5.390783257693983,5.390783257693983
Tg_yr,mean,SSP5-8.5,N Fixation,Taiga,2098,4.61590467116653,4.61590467116653
Tg_yr,mean,SSP5-8.5,N Fixation,Taiga,2099,5.467785700216935,5.467785700216935
Tg_yr,mean,SSP5-8.5,N Fixation,Tundra,2000,0.9249597960377139,0.9249597960377139
Tg_yr,mean,SSP5-8.5,N Fixation,Tundra,2001,0.9348788821382188,0.9348788821382188
Tg_yr,mean,SSP5-8.5,N Fixation,Tundra,2002,0.6194250605644144,0.6194250605644144
Tg_yr,mean,SSP5-8.5,N Fixation,Tundra,2003,1.0209055042444626,1.0209055042444626
Tg_yr,mean,SSP5-8.5,N Fixation,Tundra,2004,0.7263317893235232,0.7263317893235232
Tg_yr,mean,SSP5-8.5,N Fixation,Tundra,2005,0.9969824095763772,0.9969824095763772
Tg_yr,mean,SSP5-8.5,N Fixation,Tundra,2006,0.8508068365318707,0.8508068365318707
Tg_yr,mean,SSP5-8.5,N Fixation,Tundra,2007,1.2445846146615183,1.2445846146615183
Tg_yr,mean,SSP5-8.5,N Fixation,Tundra,2008,0.9066258349151511,0.9066258349151511
Tg_yr,mean,SSP5-8.5,N Fixation,Tundra,2009,1.2963713383993893,1.2963713383993893
Tg_yr,mean,SSP5-8.5,N Fixation,Tundra,2010,1.3711657861977578,1.3711657861977578
Tg_yr,mean,SSP5-8.5,N Fixation,Tundra,2011,0.992424391331423,0.992424391331423
Tg_yr,mean,SSP5-8.5,N Fixation,Tundra,2012,0.6831908478384653,0.6831908478384653
Tg_yr,mean,SSP5-8.5,N Fixation,Tundra,2013,1.134286008250846,1.134286008250846
Tg_yr,mean,SSP5-8.5,N Fixation,Tundra,2014,1.3886034134920509,1.3886034134920509
Tg_yr,mean,SSP5-8.5,N Fixation,Tundra,2015,1.5931775040007983,1.5931775040007983
Tg_yr,mean,SSP5-8.5,N Fixation,Tundra,2016,1.2912605107644457,1.2912605107644457
Tg_yr,mean,SSP5-8.5,N Fixation,Tundra,2017,1.2730291173518014,1.2730291173518014
Tg_yr,mean,SSP5-8.5,N Fixation,Tundra,2018,1.4142907083055614,1.4142907083055614
Tg_yr,mean,SSP5-8.5,N Fixation,Tundra,2019,1.5468229439568126,1.5468229439568126
Tg_yr,mean,SSP5-8.5,N Fixation,Tundra,2020,1.2709343634028756,1.2709343634028756
Tg_yr,mean,SSP5-8.5,N Fixation,Tundra,2080,3.293188530765241,3.293188530765241
Tg_yr,mean,SSP5-8.5,N Fixation,Tundra,2081,3.896322375973786,3.896322375973786
Tg_yr,mean,SSP5-8.5,N Fixation,Tundra,2082,3.9221367255714794,3.9221367255714794
Tg_yr,mean,SSP5-8.5,N Fixation,Tundra,2083,3.1338755562970664,3.1338755562970664
Tg_yr,mean,SSP5-8.5,N Fixation,Tundra,2084,4.259096475318317,4.259096475318317
Tg_yr,mean,SSP5-8.5,N Fixation,Tundra,2085,3.734676836684331,3.734676836684331
Tg_yr,mean,SSP5-8.5,N Fixation,Tundra,2086,3.372564659144139,3.372564659144139
Tg_yr,mean,SSP5-8.5,N Fixation,Tundra,2087,4.323528514325814,4.323528514325814
Tg_yr,mean,SSP5-8.5,N Fixation,Tundra,2088,3.811888132990389,3.811888132990389
Tg_yr,mean,SSP5-8.5,N Fixation,Tundra,2089,3.5760408663744716,3.5760408663744716
Tg_yr,mean,SSP5-8.5,N Fixation,Tundra,2090,3.95311482836847,3.95311482836847
Tg_yr,mean,SSP5-8.5,N Fixation,Tundra,2091,3.7008897786019292,3.7008897786019292
Tg_yr,mean,SSP5-8.5,N Fixation,Tundra,2092,3.290109886954425,3.290109886954425
Tg_yr,mean,SSP5-8.5,N Fixation,Tundra,2093,3.9762669927893306,3.9762669927893306
Tg_yr,mean,SSP5-8.5,N Fixation,Tundra,2094,3.4103523647606155,3.4103523647606155
Tg_yr,mean,SSP5-8.5,N Fixation,Tundra,2095,3.722327447157121,3.722327447157121
Tg_yr,mean,SSP5-8.5,N Fixation,Tundra,2096,3.6548088245452437,3.6548088245452437
Tg_yr,mean,SSP5-8.5,N Fixation,Tundra,2097,4.196628466668462,4.196628466668462
Tg_yr,mean,SSP5-8.5,N Fixation,Tundra,2098,3.4690774349373408,3.4690774349373408
Tg_yr,mean,SSP5-8.5,N Fixation,Tundra,2099,4.105223873552401,4.105223873552401
Tg_yr,mean,SSP5-8.5,N Fixation,Wetlands,2000,0.03817035205842453,0.03817035205842453
Tg_yr,mean,SSP5-8.5,N Fixation,Wetlands,2001,0.05324496753425792,0.05324496753425792
Tg_yr,mean,SSP5-8.5,N Fixation,Wetlands,2002,0.058718036613482814,0.058718036613482814
Tg_yr,mean,SSP5-8.5,N Fixation,Wetlands,2003,0.04675385523846607,0.04675385523846607
Tg_yr,mean,SSP5-8.5,N Fixation,Wetlands,2004,0.03095553606501653,0.03095553606501653
Tg_yr,mean,SSP5-8.5,N Fixation,Wetlands,2005,0.060240213048163405,0.060240213048163405
Tg_yr,mean,SSP5-8.5,N Fixation,Wetlands,2006,0.05019515679326573,0.05019515679326573
Tg_yr,mean,SSP5-8.5,N Fixation,Wetlands,2007,0.043144239179945636,0.043144239179945636
Tg_yr,mean,SSP5-8.5,N Fixation,Wetlands,2008,0.053514149151021644,0.053514149151021644
Tg_yr,mean,SSP5-8.5,N Fixation,Wetlands,2009,0.11391464882114638,0.11391464882114638
Tg_yr,mean,SSP5-8.5,N Fixation,Wetlands,2010,0.08846029821211585,0.08846029821211585
Tg_yr,mean,SSP5-8.5,N Fixation,Wetlands,2011,0.07368496406177978,0.07368496406177978
Tg_yr,mean,SSP5-8.5,N Fixation,Wetlands,2012,0.06244174295890284,0.06244174295890284
Tg_yr,mean,SSP5-8.5,N Fixation,Wetlands,2013,0.1288009469116056,0.1288009469116056
Tg_yr,mean,SSP5-8.5,N Fixation,Wetlands,2014,0.053336372299293715,0.053336372299293715
Tg_yr,mean,SSP5-8.5,N Fixation,Wetlands,2015,0.09069666873013635,0.09069666873013635
Tg_yr,mean,SSP5-8.5,N Fixation,Wetlands,2016,0.1208178440028728,0.1208178440028728
Tg_yr,mean,SSP5-8.5,N Fixation,Wetlands,2017,0.05997705608336089,0.05997705608336089
Tg_yr,mean,SSP5-8.5,N Fixation,Wetlands,2018,0.03972911827225957,0.03972911827225957
Tg_yr,mean,SSP5-8.5,N Fixation,Wetlands,2019,0.04971360808296773,0.04971360808296773
Tg_yr,mean,SSP5-8.5,N Fixation,Wetlands,2020,0.09166450605662313,0.09166450605662313
Tg_yr,mean,SSP5-8.5,N Fixation,Wetlands,2080,0.22536859623894712,0.22536859623894712
Tg_yr,mean,SSP5-8.5,N Fixation,Wetlands,2081,0.18946845032634113,0.18946845032634113
Tg_yr,mean,SSP5-8.5,N Fixation,Wetlands,2082,0.2900940219108261,0.2900940219108261
Tg_yr,mean,SSP5-8.5,N Fixation,Wetlands,2083,0.29394569407843,0.29394569407843
Tg_yr,mean,SSP5-8.5,N Fixation,Wetlands,2084,0.21398179797614997,0.21398179797614997
Tg_yr,mean,SSP5-8.5,N Fixation,Wetlands,2085,0.21815463655006,0.21815463655006
Tg_yr,mean,SSP5-8.5,N Fixation,Wetlands,2086,0.21805070074163047,0.21805070074163047
Tg_yr,mean,SSP5-8.5,N Fixation,Wetlands,2087,0.2813330413772105,0.2813330413772105
Tg_yr,mean,SSP5-8.5,N Fixation,Wetlands,2088,0.1655342316669045,0.1655342316669045
Tg_yr,mean,SSP5-8.5,N Fixation,Wetlands,2089,0.29584524655644556,0.29584524655644556
Tg_yr,mean,SSP5-8.5,N Fixation,Wetlands,2090,0.2886909110470843,0.2886909110470843
Tg_yr,mean,SSP5-8.5,N Fixation,Wetlands,2091,0.24675954801298786,0.24675954801298786
Tg_yr,mean,SSP5-8.5,N Fixation,Wetlands,2092,0.31110807548880776,0.31110807548880776
Tg_yr,mean,SSP5-8.5,N Fixation,Wetlands,2093,0.15331477720531825,0.15331477720531825
Tg_yr,mean,SSP5-8.5,N Fixation,Wetlands,2094,0.23962872402616084,0.23962872402616084
Tg_yr,mean,SSP5-8.5,N Fixation,Wetlands,2095,0.34266988263288056,0.34266988263288056
Tg_yr,mean,SSP5-8.5,N Fixation,Wetlands,2096,0.3173717957730896,0.3173717957730896
Tg_yr,mean,SSP5-8.5,N Fixation,Wetlands,2097,0.31415140678687303,0.31415140678687303
Tg_yr,mean,SSP5-8.5,N Fixation,Wetlands,2098,0.2900190282718289,0.2900190282718289
Tg_yr,mean,SSP5-8.5,N Fixation,Wetlands,2099,0.3766464929575473,0.3766464929575473
Tg_yr,mean,SSP5-8.5,N Fixation,Barren,2000,0.03567396832127858,0.03567396832127858
Tg_yr,mean,SSP5-8.5,N Fixation,Barren,2001,0.04336540615699949,0.04336540615699949
Tg_yr,mean,SSP5-8.5,N Fixation,Barren,2002,0.027824461910201458,0.027824461910201458
Tg_yr,mean,SSP5-8.5,N Fixation,Barren,2003,0.033057204124160904,0.033057204124160904
Tg_yr,mean,SSP5-8.5,N Fixation,Barren,2004,0.03069353519229741,0.03069353519229741
Tg_yr,mean,SSP5-8.5,N Fixation,Barren,2005,0.04232019479276799,0.04232019479276799
Tg_yr,mean,SSP5-8.5,N Fixation,Barren,2006,0.02972148460342395,0.02972148460342395
Tg_yr,mean,SSP5-8.5,N Fixation,Barren,2007,0.04075036247022177,0.04075036247022177
Tg_yr,mean,SSP5-8.5,N Fixation,Barren,2008,0.03207093636102018,0.03207093636102018
Tg_yr,mean,SSP5-8.5,N Fixation,Barren,2009,0.03821987689578022,0.03821987689578022
Tg_yr,mean,SSP5-8.5,N Fixation,Barren,2010,0.04214981802642545,0.04214981802642545
Tg_yr,mean,SSP5-8.5,N Fixation,Barren,2011,0.0366869634619342,0.0366869634619342
Tg_yr,mean,SSP5-8.5,N Fixation,Barren,2012,0.022033147113756372,0.022033147113756372
Tg_yr,mean,SSP5-8.5,N Fixation,Barren,2013,0.03712578110207539,0.03712578110207539
Tg_yr,mean,SSP5-8.5,N Fixation,Barren,2014,0.05322734216915412,0.05322734216915412
Tg_yr,mean,SSP5-8.5,N Fixation,Barren,2015,0.06399098097512643,0.06399098097512643
Tg_yr,mean,SSP5-8.5,N Fixation,Barren,2016,0.04834930705031776,0.04834930705031776
Tg_yr,mean,SSP5-8.5,N Fixation,Barren,2017,0.04828584061957831,0.04828584061957831
Tg_yr,mean,SSP5-8.5,N Fixation,Barren,2018,0.05567825029362305,0.05567825029362305
Tg_yr,mean,SSP5-8.5,N Fixation,Barren,2019,0.05970687179713763,0.05970687179713763
Tg_yr,mean,SSP5-8.5,N Fixation,Barren,2020,0.04787435304682546,0.04787435304682546
Tg_yr,mean,SSP5-8.5,N Fixation,Barren,2080,0.1334263783334996,0.1334263783334996
Tg_yr,mean,SSP5-8.5,N Fixation,Barren,2081,0.14097581943598073,0.14097581943598073
Tg_yr,mean,SSP5-8.5,N Fixation,Barren,2082,0.1527866626291639,0.1527866626291639
Tg_yr,mean,SSP5-8.5,N Fixation,Barren,2083,0.1291899623578934,0.1291899623578934
Tg_yr,mean,SSP5-8.5,N Fixation,Barren,2084,0.16955553487701905,0.16955553487701905
Tg_yr,mean,SSP5-8.5,N Fixation,Barren,2085,0.13676763363266428,0.13676763363266428
Tg_yr,mean,SSP5-8.5,N Fixation,Barren,2086,0.13578444365226713,0.13578444365226713
Tg_yr,mean,SSP5-8.5,N Fixation,Barren,2087,0.15998077424894205,0.15998077424894205
Tg_yr,mean,SSP5-8.5,N Fixation,Barren,2088,0.15070255936083082,0.15070255936083082
Tg_yr,mean,SSP5-8.5,N Fixation,Barren,2089,0.14734955752460754,0.14734955752460754
Tg_yr,mean,SSP5-8.5,N Fixation,Barren,2090,0.14987475254541582,0.14987475254541582
Tg_yr,mean,SSP5-8.5,N Fixation,Barren,2091,0.15057318733516914,0.15057318733516914
Tg_yr,mean,SSP5-8.5,N Fixation,Barren,2092,0.11424283938360552,0.11424283938360552
Tg_yr,mean,SSP5-8.5,N Fixation,Barren,2093,0.15882987599585008,0.15882987599585008
Tg_yr,mean,SSP5-8.5,N Fixation,Barren,2094,0.1337342688101064,0.1337342688101064
Tg_yr,mean,SSP5-8.5,N Fixation,Barren,2095,0.1391405918734832,0.1391405918734832
Tg_yr,mean,SSP5-8.5,N Fixation,Barren,2096,0.12375376006686806,0.12375376006686806
Tg_yr,mean,SSP5-8.5,N Fixation,Barren,2097,0.15135601939048762,0.15135601939048762
Tg_yr,mean,SSP5-8.5,N Fixation,Barren,2098,0.13218987547967478,0.13218987547967478
Tg_yr,mean,SSP5-8.5,N Fixation,Barren,2099,0.1438534495045784,0.1438534495045784
Tg_yr,mean,SSP5-8.5,N Fixation,Pan-Arctic,2000,2.305150518490472,2.305150518490472
Tg_yr,mean,SSP5-8.5,N Fixation,Pan-Arctic,2001,2.3614498071199694,2.3614498071199694
Tg_yr,mean,SSP5-8.5,N Fixation,Pan-Arctic,2002,1.7452920265288823,1.7452920265288823
Tg_yr,mean,SSP5-8.5,N Fixation,Pan-Arctic,2003,2.4152562471848418,2.4152562471848418
Tg_yr,mean,SSP5-8.5,N Fixation,Pan-Arctic,2004,1.898574278369065,1.898574278369065
Tg_yr,mean,SSP5-8.5,N Fixation,Pan-Arctic,2005,2.5786573167708253,2.5786573167708253
Tg_yr,mean,SSP5-8.5,N Fixation,Pan-Arctic,2006,2.2523668112949413,2.2523668112949413
Tg_yr,mean,SSP5-8.5,N Fixation,Pan-Arctic,2007,2.820149601101373,2.820149601101373
Tg_yr,mean,SSP5-8.5,N Fixation,Pan-Arctic,2008,2.350786112305945,2.350786112305945
Tg_yr,mean,SSP5-8.5,N Fixation,Pan-Arctic,2009,3.25070153010545,3.25070153010545
Tg_yr,mean,SSP5-8.5,N Fixation,Pan-Arctic,2010,3.2727116875782105,3.2727116875782105
Tg_yr,mean,SSP5-8.5,N Fixation,Pan-Arctic,2011,2.7181528781523148,2.7181528781523148
Tg_yr,mean,SSP5-8.5,N Fixation,Pan-Arctic,2012,1.9126188914250584,1.9126188914250584
Tg_yr,mean,SSP5-8.5,N Fixation,Pan-Arctic,2013,3.2322410018759977,3.2322410018759977
Tg_yr,mean,SSP5-8.5,N Fixation,Pan-Arctic,2014,3.1557049410604567,3.1557049410604567
Tg_yr,mean,SSP5-8.5,N Fixation,Pan-Arctic,2015,3.8149751100880804,3.8149751100880804
Tg_yr,mean,SSP5-8.5,N Fixation,Pan-Arctic,2016,3.539347211363394,3.539347211363394
Tg_yr,mean,SSP5-8.5,N Fixation,Pan-Arctic,2017,2.918379841054348,2.918379841054348
Tg_yr,mean,SSP5-8.5,N Fixation,Pan-Arctic,2018,2.8984133218815966,2.8984133218815966
Tg_yr,mean,SSP5-8.5,N Fixation,Pan-Arctic,2019,3.1344856917506005,3.1344856917506005
Tg_yr,mean,SSP5-8.5,N Fixation,Pan-Arctic,2020,3.142497582967983,3.142497582967983
Tg_yr,mean,SSP5-8.5,N Fixation,Pan-Arctic,2080,8.26228536055247,8.26228536055247
Tg_yr,mean,SSP5-8.5,N Fixation,Pan-Arctic,2081,8.42534991107587,8.42534991107587
Tg_yr,mean,SSP5-8.5,N Fixation,Pan-Arctic,2082,9.096762775251236,9.096762775251236
Tg_yr,mean,SSP5-8.5,N Fixation,Pan-Arctic,2083,8.119424264232634,8.119424264232634
Tg_yr,mean,SSP5-8.5,N Fixation,Pan-Arctic,2084,9.65335501998757,9.65335501998757
Tg_yr,mean,SSP5-8.5,N Fixation,Pan-Arctic,2085,8.592318732218914,8.592318732218914
Tg_yr,mean,SSP5-8.5,N Fixation,Pan-Arctic,2086,8.282287416453507,8.282287416453507
Tg_yr,mean,SSP5-8.5,N Fixation,Pan-Arctic,2087,10.244939924310799,10.244939924310799
Tg_yr,mean,SSP5-8.5,N Fixation,Pan-Arctic,2088,8.584020892527953,8.584020892527953
Tg_yr,mean,SSP5-8.5,N Fixation,Pan-Arctic,2089,8.870265820076995,8.870265820076995
Tg_yr,mean,SSP5-8.5,N Fixation,Pan-Arctic,2090,9.0697920111086,9.0697920111086
Tg_yr,mean,SSP5-8.5,N Fixation,Pan-Arctic,2091,8.642242314623891,8.642242314623891
Tg_yr,mean,SSP5-8.5,N Fixation,Pan-Arctic,2092,8.148697833702593,8.148697833702593
Tg_yr,mean,SSP5-8.5,N Fixation,Pan-Arctic,2093,8.586118510966314,8.586118510966314
Tg_yr,mean,SSP5-8.5,N Fixation,Pan-Arctic,2094,7.8720438730074465,7.8720438730074465
Tg_yr,mean,SSP5-8.5,N Fixation,Pan-Arctic,2095,9.336008364191189,9.336008364191189
Tg_yr,mean,SSP5-8.5,N Fixation,Pan-Arctic,2096,8.964227220695992,8.964227220695992
Tg_yr,mean,SSP5-8.5,N Fixation,Pan-Arctic,2097,10.052919150539804,10.052919150539804
Tg_yr,mean,SSP5-8.5,N Fixation,Pan-Arctic,2098,8.507191009855376,8.507191009855376
Tg_yr,mean,SSP5-8.5,N Fixation,Pan-Arctic,2099,10.09350951623146,10.09350951623146
